appointment_id,patient_id,doctor_id,appointment_date,appointment_time,status,reason
1,133,32,2025-06-16,18:45:00,Completed,Persistent pain
2,625,15,2025-12-26,12:15:00,Completed,Routine consultation
3,477,8,2026-01-25,11:45:00,Completed,Headache
4,359,14,2024-01-12,18:15:00,Scheduled,Annual check-up
5,810,5,2024-11-11,12:30:00,Scheduled,Follow-up visit
6,703,22,2024-12-15,14:00:00,Cancelled,Skin irritation
7,339,22,2026-08-02,18:45:00,Cancelled,Routine consultation
8,662,9,2025-05-08,10:45:00,Cancelled,Child wellness visit
9,344,30,2026-03-13,14:00:00,Cancelled,Annual check-up
10,579,21,2025-07-22,16:00:00,Completed,Hearing concern
11,340,23,2024-03-08,10:30:00,Cancelled,Headache
12,385,35,2026-05-12,10:45:00,Completed,Follow-up visit
13,886,20,2025-12-23,13:00:00,Completed,Follow-up visit
14,509,16,2025-01-15,15:30:00,Completed,Annual check-up
15,180,8,2025-01-18,08:15:00,Cancelled,Respiratory symptoms
16,519,2,2026-03-29,15:15:00,Completed,Respiratory symptoms
17,751,34,2024-11-13,13:15:00,Scheduled,Follow-up visit
18,842,34,2025-11-23,10:15:00,Scheduled,Respiratory symptoms
19,397,34,2024-04-28,08:30:00,No-show,Hearing concern
20,869,6,2024-12-07,15:00:00,Completed,Hearing concern
21,764,20,2024-01-24,17:30:00,Completed,Skin irritation
22,329,13,2024-07-16,12:30:00,Completed,Respiratory symptoms
23,688,8,2024-10-06,10:15:00,Completed,Routine consultation
24,638,33,2024-04-14,11:30:00,Completed,Annual check-up
25,145,19,2025-08-10,11:15:00,Completed,Joint discomfort
26,347,35,2025-03-30,08:15:00,Completed,Hearing concern
27,52,7,2025-01-27,08:00:00,Completed,Persistent pain
28,722,29,2025-09-23,13:30:00,Completed,Skin irritation
29,731,35,2024-03-21,15:15:00,Completed,Test review
30,480,7,2025-04-11,12:45:00,Completed,Skin irritation
31,148,17,2026-07-23,13:45:00,Completed,Hearing concern
32,339,21,2025-04-09,15:00:00,Completed,Follow-up visit
33,360,31,2025-04-17,10:30:00,Scheduled,Joint discomfort
34,589,9,2025-06-04,09:45:00,Cancelled,Follow-up visit
35,334,5,2026-03-22,12:45:00,Completed,Vision concern
36,245,16,2025-07-15,10:45:00,Completed,Headache
37,214,28,2026-03-14,14:30:00,Completed,Skin irritation
38,178,5,2026-01-27,17:45:00,Completed,Joint discomfort
39,475,21,2025-07-22,09:45:00,Completed,Vision concern
40,72,7,2025-12-02,17:45:00,Completed,Hearing concern
41,677,4,2024-04-02,11:15:00,Cancelled,Hearing concern
42,830,1,2026-02-14,10:15:00,Completed,Annual check-up
43,400,29,2024-07-19,11:30:00,Completed,Hearing concern
44,312,28,2026-01-05,13:00:00,Completed,Joint discomfort
45,523,26,2026-05-17,10:30:00,Completed,Child wellness visit
46,55,1,2025-12-21,16:30:00,Completed,Annual check-up
47,887,2,2024-08-28,14:45:00,Completed,Test review
48,392,26,2025-01-25,14:15:00,Completed,Respiratory symptoms
49,143,13,2025-07-22,14:30:00,Cancelled,Persistent pain
50,296,9,2024-05-17,08:00:00,Completed,Persistent pain
51,739,32,2025-11-04,14:15:00,Completed,Hearing concern
52,826,27,2026-05-30,15:45:00,Completed,Respiratory symptoms
53,522,28,2025-07-19,15:45:00,Completed,Persistent pain
54,435,1,2025-08-14,15:15:00,Scheduled,Annual check-up
55,421,35,2025-08-13,13:00:00,No-show,Joint discomfort
56,495,24,2024-04-25,17:45:00,No-show,Follow-up visit
57,146,34,2026-05-29,12:45:00,Completed,Child wellness visit
58,625,6,2024-09-08,15:00:00,Scheduled,Child wellness visit
59,818,20,2025-09-19,08:30:00,Completed,Routine consultation
60,481,30,2025-06-08,15:30:00,Completed,Annual check-up
61,297,11,2024-02-06,17:30:00,Scheduled,Joint discomfort
62,267,4,2025-10-06,15:15:00,Completed,Hearing concern
63,299,2,2024-10-20,15:00:00,Completed,Follow-up visit
64,872,18,2024-09-15,10:30:00,Completed,Annual check-up
65,15,8,2025-09-10,10:15:00,Completed,Headache
66,828,12,2024-09-24,11:45:00,Completed,Child wellness visit
67,883,3,2024-12-17,09:15:00,Completed,Persistent pain
68,858,32,2026-02-09,14:45:00,Completed,Respiratory symptoms
69,744,11,2024-08-03,17:30:00,Completed,Annual check-up
70,774,8,2024-02-23,10:45:00,Completed,Annual check-up
71,488,35,2024-08-27,14:45:00,Completed,Persistent pain
72,544,28,2024-01-13,12:45:00,Completed,Headache
73,543,3,2024-04-09,16:30:00,No-show,Vision concern
74,626,18,2024-12-09,12:30:00,Cancelled,Annual check-up
75,671,26,2025-04-17,18:15:00,Scheduled,Joint discomfort
76,789,13,2025-06-16,13:15:00,Completed,Routine consultation
77,689,1,2026-05-01,09:00:00,Completed,Child wellness visit
78,107,29,2024-12-25,11:30:00,Completed,Routine consultation
79,25,6,2024-02-28,17:15:00,No-show,Hearing concern
80,125,8,2024-03-29,17:15:00,Completed,Hearing concern
81,580,12,2026-07-06,09:15:00,Completed,Respiratory symptoms
82,677,5,2025-10-16,15:30:00,Scheduled,Test review
83,684,21,2024-09-20,10:00:00,Completed,Routine consultation
84,392,25,2024-12-06,08:30:00,No-show,Annual check-up
85,183,29,2024-03-12,15:15:00,Completed,Persistent pain
86,661,32,2024-04-21,10:45:00,Completed,Hearing concern
87,109,29,2026-01-02,12:00:00,Completed,Follow-up visit
88,586,17,2026-03-06,15:00:00,Cancelled,Persistent pain
89,669,1,2026-08-13,08:45:00,Completed,Test review
90,338,26,2025-08-11,08:45:00,Completed,Vision concern
91,865,5,2025-07-07,11:00:00,Completed,Test review
92,838,31,2024-05-04,17:30:00,Completed,Annual check-up
93,411,4,2025-10-09,18:00:00,Completed,Headache
94,83,30,2026-02-17,12:15:00,Completed,Routine consultation
95,394,13,2024-11-02,14:00:00,Completed,Headache
96,499,6,2026-06-25,18:45:00,Scheduled,Persistent pain
97,37,13,2024-01-26,17:15:00,Completed,Follow-up visit
98,812,35,2025-10-20,12:45:00,Completed,Respiratory symptoms
99,17,3,2024-12-13,08:30:00,Scheduled,Routine consultation
100,416,8,2024-08-04,18:45:00,No-show,Child wellness visit
101,153,15,2026-08-05,09:00:00,Scheduled,Respiratory symptoms
102,670,2,2025-04-27,17:00:00,Completed,Hearing concern
103,134,1,2024-06-25,18:00:00,Cancelled,Follow-up visit
104,468,11,2026-05-05,17:00:00,Cancelled,Follow-up visit
105,117,32,2025-09-01,17:15:00,Completed,Skin irritation
106,437,22,2026-04-10,18:45:00,Completed,Hearing concern
107,590,35,2024-05-20,13:15:00,Scheduled,Joint discomfort
108,178,22,2024-03-05,09:30:00,Completed,Vision concern
109,173,24,2025-07-20,10:45:00,Completed,Joint discomfort
110,42,9,2024-04-12,18:45:00,Scheduled,Routine consultation
111,499,6,2024-01-07,08:15:00,No-show,Test review
112,668,19,2025-03-02,15:15:00,Completed,Hearing concern
113,278,34,2025-04-06,14:15:00,No-show,Joint discomfort
114,709,3,2025-09-02,10:45:00,Completed,Follow-up visit
115,643,20,2024-12-22,14:00:00,Completed,Skin irritation
116,121,34,2026-09-27,09:30:00,Cancelled,Child wellness visit
117,520,15,2025-04-20,18:15:00,Completed,Skin irritation
118,116,10,2025-12-02,15:45:00,Completed,Hearing concern
119,45,4,2025-10-22,13:30:00,Completed,Annual check-up
120,343,30,2024-02-14,09:00:00,No-show,Persistent pain
121,162,2,2025-05-11,16:00:00,Completed,Skin irritation
122,739,29,2025-08-29,17:30:00,Completed,Test review
123,694,21,2024-08-23,09:30:00,Completed,Skin irritation
124,756,27,2026-06-09,11:45:00,Cancelled,Follow-up visit
125,483,32,2024-02-25,14:15:00,Completed,Joint discomfort
126,466,12,2025-01-31,13:15:00,Completed,Skin irritation
127,648,23,2026-09-25,12:15:00,Completed,Routine consultation
128,709,4,2024-10-14,10:00:00,Cancelled,Respiratory symptoms
129,429,11,2026-02-17,13:15:00,Cancelled,Joint discomfort
130,161,11,2025-08-14,16:15:00,Completed,Child wellness visit
131,501,14,2025-08-28,15:45:00,Completed,Test review
132,439,16,2024-09-10,13:45:00,Completed,Joint discomfort
133,153,1,2025-03-03,08:00:00,No-show,Test review
134,788,33,2024-02-04,14:45:00,Completed,Test review
135,842,7,2025-04-08,15:15:00,Completed,Routine consultation
136,710,27,2026-08-30,11:15:00,Completed,Skin irritation
137,664,6,2024-01-17,15:30:00,Completed,Respiratory symptoms
138,879,2,2026-09-26,15:45:00,Scheduled,Test review
139,416,12,2026-03-19,13:45:00,Scheduled,Routine consultation
140,882,5,2025-01-29,13:00:00,Completed,Annual check-up
141,715,35,2025-08-12,11:00:00,Completed,Headache
142,754,4,2025-06-11,18:30:00,Cancelled,Follow-up visit
143,393,24,2025-04-21,17:00:00,Completed,Persistent pain
144,664,5,2025-07-28,11:15:00,No-show,Skin irritation
145,553,8,2025-10-26,15:15:00,Scheduled,Skin irritation
146,329,23,2026-07-08,12:45:00,Completed,Follow-up visit
147,382,23,2025-04-08,15:00:00,Completed,Child wellness visit
148,695,35,2026-07-10,12:45:00,Completed,Hearing concern
149,710,5,2024-07-11,15:00:00,Completed,Persistent pain
150,296,5,2024-04-21,10:30:00,Completed,Persistent pain
151,509,10,2026-06-14,11:00:00,Completed,Hearing concern
152,555,9,2025-04-30,13:45:00,Completed,Hearing concern
153,22,19,2024-07-12,09:00:00,Cancelled,Skin irritation
154,855,34,2025-10-22,13:45:00,Completed,Hearing concern
155,662,21,2025-05-12,17:45:00,Completed,Joint discomfort
156,136,20,2024-06-24,12:15:00,Completed,Annual check-up
157,789,4,2024-05-31,13:30:00,Completed,Persistent pain
158,634,11,2025-12-29,16:30:00,Completed,Persistent pain
159,860,10,2024-06-14,11:00:00,Completed,Headache
160,589,9,2025-03-27,12:30:00,Completed,Child wellness visit
161,725,3,2025-11-12,13:30:00,Completed,Respiratory symptoms
162,553,11,2025-06-30,12:00:00,No-show,Vision concern
163,512,10,2026-08-28,15:30:00,Completed,Test review
164,560,33,2024-12-05,18:30:00,Completed,Annual check-up
165,773,10,2026-03-29,17:45:00,Completed,Follow-up visit
166,750,31,2026-07-10,08:15:00,Completed,Follow-up visit
167,316,2,2025-02-15,17:15:00,Completed,Follow-up visit
168,335,4,2025-09-14,18:15:00,Completed,Skin irritation
169,801,18,2024-07-19,08:00:00,Completed,Respiratory symptoms
170,694,6,2026-09-26,16:45:00,Completed,Headache
171,618,33,2026-08-24,08:30:00,Completed,Test review
172,875,28,2025-01-13,14:30:00,Completed,Headache
173,360,20,2026-09-27,15:00:00,Completed,Respiratory symptoms
174,760,27,2026-04-02,15:30:00,Completed,Test review
175,435,27,2024-05-22,17:00:00,Completed,Annual check-up
176,487,34,2024-12-09,09:45:00,Completed,Vision concern
177,655,18,2025-02-28,10:45:00,Scheduled,Persistent pain
178,205,12,2026-05-02,14:30:00,Completed,Routine consultation
179,843,20,2026-05-04,17:30:00,Completed,Test review
180,475,15,2024-01-28,08:15:00,Completed,Hearing concern
181,855,31,2024-05-07,18:30:00,Completed,Respiratory symptoms
182,705,16,2024-01-30,09:30:00,Completed,Follow-up visit
183,614,24,2025-08-18,15:45:00,Cancelled,Hearing concern
184,703,31,2026-09-24,09:30:00,Completed,Joint discomfort
185,18,17,2024-06-15,17:00:00,Completed,Respiratory symptoms
186,900,9,2024-12-31,10:00:00,Completed,Vision concern
187,652,23,2024-02-19,12:30:00,Completed,Follow-up visit
188,527,13,2026-02-23,18:15:00,Scheduled,Joint discomfort
189,771,11,2025-07-10,13:30:00,Cancelled,Hearing concern
190,820,20,2024-10-04,18:30:00,Completed,Joint discomfort
191,361,10,2024-01-14,10:30:00,Completed,Respiratory symptoms
192,422,22,2026-08-01,10:00:00,Completed,Child wellness visit
193,227,13,2026-03-25,16:00:00,Completed,Follow-up visit
194,120,9,2026-08-03,08:45:00,Completed,Test review
195,372,9,2026-04-16,15:30:00,Completed,Annual check-up
196,30,8,2024-08-15,10:15:00,Scheduled,Annual check-up
197,129,14,2024-05-13,09:45:00,Scheduled,Follow-up visit
198,80,2,2026-03-04,15:45:00,Completed,Follow-up visit
199,34,33,2025-08-30,08:45:00,Completed,Annual check-up
200,45,5,2024-11-04,18:00:00,Scheduled,Follow-up visit
201,617,14,2025-08-24,11:15:00,Completed,Routine consultation
202,93,10,2026-05-16,12:30:00,Completed,Child wellness visit
203,800,16,2025-06-01,17:00:00,Completed,Joint discomfort
204,782,1,2025-06-25,11:15:00,No-show,Persistent pain
205,773,35,2024-01-05,09:15:00,No-show,Test review
206,487,24,2025-12-15,17:15:00,Completed,Follow-up visit
207,186,23,2025-01-23,14:15:00,Completed,Vision concern
208,116,21,2024-05-06,15:00:00,Completed,Respiratory symptoms
209,781,24,2025-12-22,12:00:00,Completed,Respiratory symptoms
210,119,25,2024-10-17,15:30:00,Scheduled,Respiratory symptoms
211,232,27,2024-10-24,14:15:00,Cancelled,Respiratory symptoms
212,696,24,2024-07-02,08:45:00,Completed,Vision concern
213,449,34,2025-11-05,18:00:00,Completed,Vision concern
214,411,7,2026-01-29,10:00:00,Completed,Skin irritation
215,347,13,2025-09-01,14:00:00,Completed,Vision concern
216,743,32,2024-10-12,17:30:00,Scheduled,Hearing concern
217,410,23,2025-05-02,18:45:00,No-show,Child wellness visit
218,286,10,2026-02-25,15:00:00,Completed,Respiratory symptoms
219,510,15,2025-10-05,10:00:00,Completed,Routine consultation
220,851,5,2025-05-25,18:00:00,No-show,Vision concern
221,620,21,2024-06-05,12:00:00,Scheduled,Hearing concern
222,770,34,2026-02-24,15:45:00,Completed,Hearing concern
223,510,32,2025-05-31,12:30:00,Cancelled,Child wellness visit
224,560,2,2026-09-02,08:45:00,Cancelled,Follow-up visit
225,393,29,2024-11-18,14:45:00,Completed,Routine consultation
226,182,20,2026-06-24,10:45:00,Completed,Annual check-up
227,733,25,2025-05-14,09:45:00,Completed,Hearing concern
228,553,31,2025-05-02,16:15:00,Completed,Vision concern
229,270,32,2025-08-28,14:30:00,Scheduled,Annual check-up
230,329,4,2024-01-29,17:00:00,Completed,Headache
231,358,2,2026-02-22,18:30:00,Completed,Vision concern
232,354,23,2025-02-25,13:00:00,Completed,Skin irritation
233,241,20,2025-08-29,09:00:00,Cancelled,Follow-up visit
234,346,11,2024-01-21,16:30:00,Completed,Hearing concern
235,885,28,2025-08-04,16:45:00,Completed,Test review
236,481,2,2024-11-20,14:45:00,Completed,Follow-up visit
237,828,32,2024-04-12,18:15:00,Completed,Child wellness visit
238,831,22,2024-06-19,17:30:00,Completed,Vision concern
239,207,32,2025-10-12,09:15:00,Completed,Routine consultation
240,305,26,2026-04-03,11:00:00,Scheduled,Joint discomfort
241,98,22,2024-10-06,09:45:00,Completed,Headache
242,815,5,2025-10-29,12:30:00,Completed,Child wellness visit
243,321,13,2025-02-28,14:30:00,Completed,Respiratory symptoms
244,688,12,2026-06-21,08:15:00,Completed,Skin irritation
245,677,30,2024-10-01,18:45:00,No-show,Test review
246,642,4,2025-06-18,11:30:00,Completed,Skin irritation
247,155,20,2026-05-14,14:45:00,Completed,Follow-up visit
248,650,14,2026-05-16,14:30:00,Cancelled,Hearing concern
249,165,17,2025-12-04,17:15:00,Completed,Follow-up visit
250,154,13,2024-01-29,11:30:00,Completed,Child wellness visit
251,447,28,2025-10-24,08:15:00,Completed,Persistent pain
252,30,17,2026-03-19,12:15:00,Completed,Routine consultation
253,740,32,2026-03-12,08:00:00,Cancelled,Follow-up visit
254,322,20,2026-06-06,09:45:00,Cancelled,Hearing concern
255,674,6,2025-02-10,10:15:00,Completed,Test review
256,513,8,2025-06-18,18:30:00,Completed,Follow-up visit
257,244,8,2026-03-02,13:30:00,Cancelled,Test review
258,400,16,2026-08-15,14:15:00,Completed,Persistent pain
259,220,18,2025-03-26,14:30:00,Cancelled,Routine consultation
260,503,35,2025-01-18,09:30:00,Completed,Respiratory symptoms
261,700,16,2026-09-13,12:15:00,Completed,Test review
262,377,20,2024-01-22,18:00:00,Cancelled,Hearing concern
263,819,4,2025-12-08,18:15:00,Completed,Vision concern
264,317,24,2026-07-13,18:00:00,Completed,Skin irritation
265,879,29,2025-02-01,08:45:00,No-show,Annual check-up
266,309,6,2026-08-16,11:30:00,Completed,Persistent pain
267,450,21,2026-06-19,18:45:00,Scheduled,Annual check-up
268,888,6,2026-04-22,15:45:00,Scheduled,Headache
269,735,28,2026-06-16,09:15:00,Scheduled,Child wellness visit
270,68,23,2025-03-06,17:30:00,Completed,Routine consultation
271,781,4,2025-10-18,18:15:00,Completed,Hearing concern
272,140,1,2025-02-14,11:30:00,Completed,Follow-up visit
273,114,11,2024-09-12,16:15:00,Cancelled,Hearing concern
274,421,21,2025-04-07,15:15:00,Completed,Hearing concern
275,608,21,2026-03-29,12:15:00,Completed,Headache
276,187,26,2026-06-16,14:15:00,Completed,Routine consultation
277,572,15,2026-07-17,09:45:00,Completed,Test review
278,873,11,2024-02-20,14:45:00,Completed,Persistent pain
279,92,24,2024-06-23,17:00:00,Completed,Child wellness visit
280,446,30,2026-04-27,18:45:00,Completed,Test review
281,209,13,2026-08-26,12:30:00,Scheduled,Vision concern
282,134,28,2026-05-26,11:15:00,No-show,Annual check-up
283,745,13,2025-03-04,10:45:00,Scheduled,Routine consultation
284,298,17,2024-08-29,17:45:00,Cancelled,Headache
285,597,30,2024-03-28,08:45:00,Completed,Headache
286,710,26,2025-12-04,11:45:00,Scheduled,Test review
287,612,17,2024-03-15,09:00:00,Completed,Skin irritation
288,483,23,2025-09-12,18:00:00,Completed,Child wellness visit
289,635,25,2024-11-05,14:30:00,Completed,Child wellness visit
290,43,12,2024-09-23,10:45:00,No-show,Respiratory symptoms
291,136,6,2024-11-20,16:45:00,Completed,Follow-up visit
292,321,3,2026-09-29,10:45:00,Cancelled,Annual check-up
293,766,24,2026-08-06,14:30:00,Cancelled,Annual check-up
294,628,17,2025-06-13,13:45:00,Cancelled,Headache
295,755,32,2026-02-21,10:45:00,Completed,Persistent pain
296,56,15,2024-07-06,08:45:00,Completed,Test review
297,479,28,2024-04-28,15:00:00,Completed,Test review
298,575,32,2025-04-13,15:00:00,Cancelled,Persistent pain
299,127,23,2024-04-05,11:30:00,Completed,Persistent pain
300,768,33,2026-04-22,12:15:00,Completed,Routine consultation
301,539,12,2025-03-02,09:15:00,Scheduled,Hearing concern
302,97,22,2024-01-27,12:00:00,Completed,Joint discomfort
303,109,21,2024-06-06,08:00:00,Completed,Test review
304,676,31,2025-04-09,18:30:00,Completed,Routine consultation
305,338,3,2025-11-02,17:45:00,Completed,Test review
306,752,9,2024-08-04,08:30:00,Completed,Routine consultation
307,762,5,2025-07-14,17:45:00,Completed,Annual check-up
308,183,16,2026-09-15,14:00:00,Completed,Skin irritation
309,167,25,2026-03-09,14:30:00,Completed,Hearing concern
310,158,8,2024-11-01,15:45:00,Scheduled,Annual check-up
311,702,9,2025-01-02,18:00:00,Cancelled,Child wellness visit
312,205,32,2025-04-01,14:45:00,Completed,Joint discomfort
313,434,6,2026-02-13,14:30:00,Completed,Vision concern
314,646,28,2024-04-05,08:30:00,No-show,Hearing concern
315,230,10,2026-08-11,15:00:00,Completed,Vision concern
316,82,31,2024-11-03,10:15:00,Scheduled,Annual check-up
317,862,16,2025-06-19,14:30:00,Completed,Child wellness visit
318,79,3,2025-06-09,09:45:00,Completed,Respiratory symptoms
319,677,17,2024-12-29,12:00:00,Scheduled,Routine consultation
320,117,30,2024-07-02,10:45:00,Completed,Vision concern
321,898,20,2024-11-17,17:45:00,Scheduled,Respiratory symptoms
322,639,17,2024-12-15,10:15:00,Completed,Test review
323,619,17,2026-06-11,18:00:00,Completed,Routine consultation
324,6,26,2024-04-29,08:15:00,Completed,Respiratory symptoms
325,709,26,2026-06-08,18:45:00,Completed,Joint discomfort
326,370,26,2026-04-03,12:00:00,Completed,Routine consultation
327,196,8,2026-04-15,08:15:00,Cancelled,Skin irritation
328,493,10,2025-10-27,11:45:00,Cancelled,Child wellness visit
329,196,6,2024-11-04,15:15:00,Completed,Routine consultation
330,120,11,2026-07-13,10:45:00,No-show,Respiratory symptoms
331,21,29,2025-08-22,11:15:00,Completed,Vision concern
332,53,22,2024-01-09,09:45:00,No-show,Respiratory symptoms
333,755,19,2024-02-07,15:45:00,Completed,Joint discomfort
334,743,32,2024-08-25,08:00:00,Completed,Headache
335,567,5,2024-10-01,18:45:00,Cancelled,Follow-up visit
336,507,23,2025-04-04,14:00:00,Completed,Test review
337,197,31,2024-12-18,15:15:00,Completed,Joint discomfort
338,702,22,2026-08-01,17:45:00,Completed,Annual check-up
339,741,25,2026-09-09,14:30:00,Scheduled,Persistent pain
340,637,14,2024-10-16,09:45:00,Completed,Skin irritation
341,161,32,2024-04-13,14:45:00,Completed,Skin irritation
342,571,4,2024-01-19,13:30:00,Completed,Persistent pain
343,179,33,2024-02-02,09:30:00,Completed,Joint discomfort
344,233,8,2025-07-29,11:45:00,Completed,Headache
345,804,23,2026-02-26,08:30:00,Cancelled,Test review
346,895,33,2025-09-10,18:00:00,Scheduled,Respiratory symptoms
347,819,30,2026-09-12,09:00:00,Scheduled,Joint discomfort
348,801,7,2026-04-23,16:00:00,Completed,Persistent pain
349,646,8,2026-06-10,11:30:00,Completed,Annual check-up
350,726,29,2026-02-19,16:45:00,Scheduled,Follow-up visit
351,158,24,2024-12-08,10:00:00,Cancelled,Respiratory symptoms
352,426,1,2024-09-08,15:30:00,Completed,Persistent pain
353,88,18,2025-01-16,14:30:00,Completed,Skin irritation
354,156,34,2025-03-07,11:15:00,Cancelled,Vision concern
355,420,30,2026-09-01,16:30:00,No-show,Respiratory symptoms
356,150,1,2026-01-04,16:00:00,Completed,Headache
357,412,11,2025-03-20,08:45:00,Scheduled,Hearing concern
358,657,10,2026-07-13,17:00:00,No-show,Test review
359,819,34,2026-09-23,12:45:00,Completed,Hearing concern
360,718,20,2026-01-08,13:30:00,Completed,Annual check-up
361,541,10,2025-12-18,14:45:00,Completed,Child wellness visit
362,640,29,2025-12-15,13:45:00,Scheduled,Annual check-up
363,87,3,2025-07-04,13:45:00,Scheduled,Test review
364,130,34,2025-07-07,12:15:00,Completed,Child wellness visit
365,320,34,2024-12-14,18:15:00,Completed,Child wellness visit
366,607,17,2024-09-04,12:45:00,No-show,Follow-up visit
367,750,4,2026-05-11,13:30:00,Completed,Headache
368,127,4,2026-02-13,18:00:00,Completed,Joint discomfort
369,755,1,2025-04-09,13:15:00,Cancelled,Joint discomfort
370,580,35,2026-05-14,17:15:00,Completed,Annual check-up
371,683,9,2026-01-01,14:15:00,Completed,Child wellness visit
372,597,13,2026-04-22,13:45:00,Completed,Test review
373,436,27,2024-03-24,09:00:00,Completed,Persistent pain
374,488,14,2025-04-01,09:30:00,Completed,Vision concern
375,603,34,2026-03-08,14:30:00,Completed,Hearing concern
376,434,29,2025-12-06,15:45:00,Cancelled,Persistent pain
377,518,9,2025-05-11,15:15:00,No-show,Child wellness visit
378,884,34,2024-04-30,11:45:00,Completed,Test review
379,161,24,2026-08-01,09:45:00,Completed,Headache
380,586,19,2024-02-11,16:15:00,Completed,Annual check-up
381,384,20,2024-10-28,15:00:00,Scheduled,Persistent pain
382,803,27,2024-02-19,12:30:00,Completed,Test review
383,501,1,2024-05-05,16:30:00,Completed,Routine consultation
384,428,31,2025-08-09,12:45:00,Cancelled,Vision concern
385,487,9,2026-02-19,10:45:00,Scheduled,Hearing concern
386,460,10,2026-06-06,13:00:00,Scheduled,Hearing concern
387,639,27,2025-01-31,11:45:00,Completed,Routine consultation
388,687,29,2026-01-23,12:00:00,Cancelled,Test review
389,26,20,2025-07-28,18:00:00,Completed,Follow-up visit
390,198,35,2025-08-13,08:15:00,Scheduled,Child wellness visit
391,20,8,2025-11-05,16:15:00,No-show,Annual check-up
392,806,14,2024-09-08,17:45:00,Completed,Child wellness visit
393,622,21,2025-02-15,17:00:00,Completed,Routine consultation
394,349,28,2024-07-03,14:00:00,Cancelled,Headache
395,392,17,2024-04-03,09:00:00,Completed,Annual check-up
396,148,12,2024-09-18,09:15:00,Completed,Vision concern
397,695,11,2024-03-01,17:30:00,Completed,Test review
398,60,20,2025-02-03,09:30:00,Completed,Headache
399,265,25,2026-08-22,09:00:00,Completed,Joint discomfort
400,601,16,2025-05-19,16:45:00,No-show,Annual check-up
401,63,21,2025-04-20,16:45:00,Completed,Routine consultation
402,418,15,2026-07-24,08:30:00,Completed,Joint discomfort
403,692,7,2024-09-09,16:15:00,Completed,Vision concern
404,457,6,2026-05-16,18:15:00,Scheduled,Persistent pain
405,383,35,2024-06-21,11:45:00,No-show,Child wellness visit
406,463,3,2024-01-02,15:30:00,Completed,Persistent pain
407,1,4,2026-08-13,15:30:00,Completed,Hearing concern
408,390,23,2026-05-12,18:15:00,Completed,Child wellness visit
409,289,3,2024-06-14,16:00:00,Completed,Vision concern
410,716,8,2026-04-30,10:30:00,Cancelled,Skin irritation
411,626,33,2026-09-07,13:30:00,Completed,Test review
412,464,18,2024-09-08,18:30:00,Completed,Respiratory symptoms
413,614,22,2024-01-17,10:00:00,Completed,Routine consultation
414,10,12,2025-02-27,16:45:00,Scheduled,Child wellness visit
415,84,5,2025-07-05,08:45:00,Completed,Headache
416,833,25,2026-04-27,17:30:00,Completed,Test review
417,9,8,2025-04-18,13:15:00,Completed,Skin irritation
418,761,2,2026-02-15,12:30:00,Completed,Joint discomfort
419,641,20,2026-04-07,11:15:00,No-show,Headache
420,38,18,2025-05-19,17:15:00,Completed,Hearing concern
421,406,8,2026-06-09,12:45:00,Completed,Skin irritation
422,676,12,2024-03-07,17:15:00,Scheduled,Persistent pain
423,266,15,2026-06-21,16:30:00,Completed,Hearing concern
424,24,35,2025-09-21,12:45:00,Completed,Vision concern
425,657,4,2026-05-24,13:45:00,Cancelled,Vision concern
426,281,8,2025-11-27,16:45:00,Completed,Child wellness visit
427,778,3,2026-06-24,11:00:00,Completed,Vision concern
428,546,29,2024-11-19,08:45:00,Completed,Follow-up visit
429,586,2,2026-01-25,11:45:00,No-show,Skin irritation
430,202,11,2024-12-03,12:00:00,Completed,Follow-up visit
431,29,31,2025-03-18,08:30:00,Cancelled,Skin irritation
432,111,31,2024-09-01,13:00:00,Cancelled,Child wellness visit
433,814,16,2026-08-24,09:45:00,Scheduled,Hearing concern
434,458,8,2024-03-28,08:00:00,Completed,Test review
435,67,9,2024-03-04,15:00:00,Completed,Hearing concern
436,443,5,2024-04-14,18:00:00,Completed,Annual check-up
437,871,25,2025-02-15,09:45:00,Completed,Joint discomfort
438,807,1,2025-04-09,14:45:00,Scheduled,Joint discomfort
439,635,7,2024-12-13,18:00:00,Completed,Headache
440,602,13,2024-04-20,09:00:00,Completed,Follow-up visit
441,608,13,2026-07-15,17:15:00,Completed,Annual check-up
442,364,27,2025-05-07,17:45:00,Completed,Persistent pain
443,817,3,2024-03-02,10:30:00,Completed,Child wellness visit
444,668,23,2024-11-14,17:15:00,Completed,Annual check-up
445,618,22,2024-10-25,13:00:00,Completed,Hearing concern
446,695,10,2024-02-28,11:00:00,Completed,Skin irritation
447,206,13,2026-03-15,09:30:00,Completed,Respiratory symptoms
448,712,30,2025-09-06,13:30:00,Completed,Vision concern
449,337,11,2024-04-17,15:00:00,Completed,Routine consultation
450,655,15,2025-12-10,11:45:00,Completed,Skin irritation
451,493,22,2026-04-06,14:15:00,Completed,Routine consultation
452,372,1,2024-03-16,13:00:00,Completed,Persistent pain
453,298,29,2024-07-18,18:30:00,Completed,Routine consultation
454,204,13,2024-10-17,10:15:00,Cancelled,Test review
455,179,22,2026-05-17,16:15:00,Completed,Routine consultation
456,181,17,2026-07-21,09:00:00,Cancelled,Persistent pain
457,389,8,2024-12-12,11:30:00,Completed,Headache
458,829,24,2025-11-07,10:45:00,Cancelled,Follow-up visit
459,122,10,2026-06-22,10:15:00,Completed,Vision concern
460,712,24,2024-11-21,17:45:00,No-show,Skin irritation
461,48,13,2026-05-24,16:30:00,Scheduled,Headache
462,254,4,2025-10-06,12:15:00,Cancelled,Joint discomfort
463,501,14,2026-01-14,09:45:00,Scheduled,Joint discomfort
464,67,11,2025-06-04,14:30:00,Completed,Respiratory symptoms
465,184,21,2025-12-30,13:45:00,Scheduled,Respiratory symptoms
466,486,18,2025-08-18,14:00:00,Completed,Skin irritation
467,463,16,2025-02-09,11:30:00,Completed,Vision concern
468,586,11,2026-08-15,13:30:00,Completed,Persistent pain
469,770,6,2024-10-29,15:30:00,Completed,Routine consultation
470,477,33,2025-09-28,13:45:00,Completed,Vision concern
471,419,24,2026-04-03,15:30:00,Completed,Routine consultation
472,184,29,2024-08-27,12:00:00,Completed,Follow-up visit
473,302,33,2025-06-09,16:00:00,Scheduled,Skin irritation
474,101,8,2024-03-14,13:00:00,Completed,Headache
475,202,22,2024-09-13,12:30:00,Completed,Joint discomfort
476,142,35,2026-07-23,12:00:00,Scheduled,Annual check-up
477,843,23,2026-03-12,14:45:00,Cancelled,Hearing concern
478,13,31,2025-10-31,16:15:00,Cancelled,Skin irritation
479,233,14,2025-04-30,11:45:00,Scheduled,Respiratory symptoms
480,349,6,2024-11-16,11:45:00,Scheduled,Test review
481,428,14,2025-03-25,15:00:00,Completed,Joint discomfort
482,895,9,2024-11-08,08:45:00,Cancelled,Headache
483,348,15,2025-03-05,14:45:00,Scheduled,Test review
484,551,20,2024-11-29,17:00:00,Completed,Routine consultation
485,143,10,2026-09-27,13:45:00,No-show,Skin irritation
486,401,5,2025-07-01,14:15:00,Completed,Headache
487,584,29,2025-10-16,12:00:00,Completed,Hearing concern
488,567,12,2024-02-02,17:45:00,Completed,Skin irritation
489,72,25,2024-10-17,11:15:00,Completed,Child wellness visit
490,72,30,2024-02-28,13:00:00,Completed,Vision concern
491,401,11,2024-04-23,10:45:00,Completed,Follow-up visit
492,399,14,2024-05-13,11:30:00,Completed,Test review
493,681,31,2024-06-11,17:30:00,Completed,Child wellness visit
494,734,30,2024-10-09,11:00:00,No-show,Respiratory symptoms
495,66,26,2025-09-11,11:30:00,Cancelled,Respiratory symptoms
496,472,30,2025-08-12,08:00:00,Completed,Respiratory symptoms
497,356,20,2025-02-04,17:15:00,Completed,Persistent pain
498,633,28,2025-04-13,14:15:00,Scheduled,Follow-up visit
499,403,3,2024-09-02,10:30:00,Cancelled,Child wellness visit
500,299,5,2025-12-15,11:45:00,Completed,Child wellness visit
501,125,24,2024-03-19,09:30:00,Completed,Persistent pain
502,259,14,2025-06-02,08:45:00,Completed,Hearing concern
503,712,30,2025-01-25,13:45:00,Cancelled,Vision concern
504,39,1,2024-09-13,09:15:00,Completed,Test review
505,476,32,2025-04-17,09:00:00,Completed,Skin irritation
506,731,29,2024-05-23,15:30:00,Cancelled,Persistent pain
507,859,2,2025-09-13,09:15:00,Completed,Child wellness visit
508,760,26,2024-06-21,09:00:00,Completed,Persistent pain
509,452,23,2024-07-01,11:00:00,Cancelled,Child wellness visit
510,222,29,2025-12-14,08:00:00,Completed,Annual check-up
511,455,4,2025-09-04,08:00:00,Scheduled,Skin irritation
512,256,24,2026-07-19,11:15:00,Completed,Vision concern
513,29,1,2024-12-11,11:00:00,Completed,Follow-up visit
514,817,11,2026-01-11,10:00:00,Completed,Follow-up visit
515,836,21,2024-11-26,16:15:00,Completed,Child wellness visit
516,405,28,2024-05-03,11:15:00,Completed,Headache
517,178,1,2025-02-15,18:30:00,Completed,Skin irritation
518,470,15,2024-03-08,18:30:00,Completed,Headache
519,45,5,2026-06-25,11:45:00,Completed,Joint discomfort
520,512,7,2025-12-30,16:15:00,Completed,Follow-up visit
521,615,21,2025-10-08,14:15:00,Completed,Hearing concern
522,780,21,2026-09-28,18:45:00,Completed,Routine consultation
523,624,29,2025-01-26,16:15:00,Completed,Test review
524,14,15,2024-01-22,17:00:00,Completed,Test review
525,439,16,2025-09-26,09:00:00,Completed,Respiratory symptoms
526,304,13,2024-06-04,14:15:00,Completed,Skin irritation
527,743,29,2026-01-26,13:15:00,Completed,Hearing concern
528,806,3,2025-06-17,14:30:00,Scheduled,Skin irritation
529,868,22,2024-12-16,11:15:00,Completed,Hearing concern
530,255,15,2025-09-14,14:30:00,Completed,Hearing concern
531,7,5,2026-06-09,15:00:00,No-show,Routine consultation
532,650,10,2026-08-18,11:15:00,Completed,Joint discomfort
533,563,14,2024-08-29,16:00:00,Completed,Respiratory symptoms
534,319,11,2026-01-08,11:15:00,Completed,Joint discomfort
535,255,20,2024-10-19,17:45:00,No-show,Skin irritation
536,279,31,2024-03-22,13:45:00,Completed,Respiratory symptoms
537,452,28,2025-06-01,17:45:00,Scheduled,Respiratory symptoms
538,21,25,2025-03-13,09:30:00,Completed,Persistent pain
539,567,12,2024-09-20,14:45:00,Completed,Annual check-up
540,385,31,2024-03-14,13:15:00,Scheduled,Skin irritation
541,159,13,2024-01-05,08:30:00,Completed,Vision concern
542,405,24,2025-01-28,15:30:00,Completed,Joint discomfort
543,73,27,2026-06-25,08:00:00,Completed,Joint discomfort
544,167,13,2026-02-20,14:30:00,Scheduled,Test review
545,357,33,2025-12-27,15:30:00,Scheduled,Hearing concern
546,395,28,2026-01-23,11:15:00,Completed,Headache
547,647,2,2025-12-15,18:15:00,Completed,Respiratory symptoms
548,698,10,2024-09-17,11:15:00,Completed,Follow-up visit
549,660,25,2025-02-11,17:00:00,Completed,Skin irritation
550,898,28,2024-06-18,14:30:00,Scheduled,Child wellness visit
551,546,25,2025-08-23,12:45:00,Scheduled,Test review
552,891,6,2024-04-21,18:30:00,Cancelled,Annual check-up
553,767,14,2026-08-10,14:30:00,Completed,Persistent pain
554,836,32,2024-01-02,09:00:00,Scheduled,Vision concern
555,538,27,2025-11-01,12:45:00,Completed,Headache
556,191,9,2024-07-21,15:15:00,Completed,Follow-up visit
557,462,14,2024-07-09,11:00:00,Scheduled,Skin irritation
558,266,27,2025-03-27,18:00:00,Cancelled,Persistent pain
559,82,19,2024-03-28,14:00:00,Completed,Headache
560,31,16,2025-05-04,15:00:00,Completed,Annual check-up
561,770,1,2025-11-12,17:00:00,Completed,Child wellness visit
562,811,1,2025-01-19,17:30:00,No-show,Respiratory symptoms
563,776,22,2025-09-10,14:30:00,Completed,Headache
564,323,16,2026-08-21,13:45:00,Completed,Routine consultation
565,365,22,2026-04-05,09:00:00,Completed,Test review
566,412,9,2024-01-27,17:00:00,Cancelled,Annual check-up
567,717,16,2025-01-12,15:45:00,Completed,Hearing concern
568,193,1,2025-10-15,13:00:00,Completed,Routine consultation
569,827,21,2025-11-25,15:15:00,Completed,Vision concern
570,757,6,2024-12-22,14:45:00,No-show,Test review
571,103,25,2024-10-27,17:15:00,Scheduled,Child wellness visit
572,898,33,2024-02-02,10:45:00,Scheduled,Annual check-up
573,853,30,2024-06-21,15:00:00,Completed,Child wellness visit
574,247,16,2024-08-04,10:00:00,Completed,Test review
575,30,11,2026-08-09,13:45:00,Scheduled,Skin irritation
576,737,17,2025-11-12,15:00:00,Completed,Child wellness visit
577,649,32,2024-04-02,13:15:00,No-show,Joint discomfort
578,67,22,2025-01-21,14:45:00,Cancelled,Skin irritation
579,266,8,2024-10-24,09:00:00,Completed,Test review
580,607,13,2026-02-01,09:30:00,Completed,Headache
581,390,1,2024-11-14,08:15:00,Cancelled,Vision concern
582,328,24,2026-03-27,18:15:00,Completed,Joint discomfort
583,605,15,2024-04-19,14:00:00,Completed,Respiratory symptoms
584,324,10,2026-04-15,12:15:00,Completed,Respiratory symptoms
585,151,19,2024-05-29,18:00:00,Completed,Annual check-up
586,515,8,2024-10-07,17:45:00,Completed,Skin irritation
587,507,19,2025-12-22,14:00:00,No-show,Headache
588,157,14,2026-05-18,11:00:00,No-show,Persistent pain
589,878,32,2026-01-14,14:30:00,No-show,Hearing concern
590,869,11,2024-01-23,16:45:00,Completed,Hearing concern
591,485,23,2026-02-14,14:45:00,Completed,Test review
592,290,19,2025-12-14,11:45:00,Completed,Headache
593,771,4,2026-05-20,12:45:00,Completed,Joint discomfort
594,141,29,2025-12-13,15:30:00,Cancelled,Skin irritation
595,224,13,2026-01-22,18:00:00,Completed,Joint discomfort
596,105,10,2025-01-20,14:15:00,No-show,Follow-up visit
597,365,31,2024-07-02,08:00:00,No-show,Hearing concern
598,347,28,2026-09-20,10:45:00,Completed,Follow-up visit
599,247,26,2025-05-15,12:15:00,Completed,Vision concern
600,795,6,2026-03-07,15:45:00,Completed,Hearing concern
601,456,24,2024-01-12,09:00:00,Completed,Respiratory symptoms
602,657,33,2024-08-18,08:45:00,Completed,Test review
603,97,12,2025-01-28,15:45:00,Completed,Persistent pain
604,102,21,2024-03-06,16:15:00,Completed,Test review
605,21,26,2025-07-23,16:45:00,Completed,Joint discomfort
606,552,8,2026-02-10,11:00:00,Completed,Joint discomfort
607,712,12,2024-01-06,16:45:00,Cancelled,Follow-up visit
608,41,9,2025-08-11,11:15:00,Completed,Annual check-up
609,872,3,2024-03-27,09:30:00,Completed,Child wellness visit
610,176,28,2026-09-27,18:00:00,Completed,Routine consultation
611,532,19,2025-11-05,16:45:00,Completed,Respiratory symptoms
612,712,21,2025-06-19,13:15:00,Scheduled,Hearing concern
613,840,3,2024-08-30,08:15:00,Completed,Skin irritation
614,138,14,2025-08-28,13:30:00,Completed,Joint discomfort
615,433,5,2025-07-17,12:30:00,Completed,Persistent pain
616,410,30,2024-03-26,12:45:00,No-show,Persistent pain
617,549,14,2024-03-13,18:30:00,No-show,Test review
618,662,13,2026-01-01,13:15:00,Completed,Persistent pain
619,324,28,2025-01-23,08:15:00,Completed,Follow-up visit
620,545,8,2025-12-01,16:45:00,Completed,Hearing concern
621,92,24,2026-07-20,13:30:00,Completed,Skin irritation
622,281,1,2024-04-10,14:15:00,Completed,Follow-up visit
623,802,8,2024-06-28,16:30:00,Completed,Respiratory symptoms
624,98,34,2024-12-23,17:30:00,Completed,Joint discomfort
625,102,4,2024-06-23,13:45:00,Completed,Test review
626,695,35,2025-07-18,17:45:00,Completed,Persistent pain
627,266,1,2025-12-04,16:15:00,Completed,Persistent pain
628,388,18,2024-02-24,18:30:00,Scheduled,Skin irritation
629,695,27,2025-12-24,15:15:00,Completed,Headache
630,818,30,2025-05-29,12:30:00,No-show,Child wellness visit
631,736,15,2024-11-08,18:00:00,No-show,Vision concern
632,790,21,2026-05-15,09:00:00,Completed,Skin irritation
633,96,11,2025-08-12,08:00:00,Scheduled,Child wellness visit
634,505,1,2026-09-12,14:15:00,Completed,Child wellness visit
635,702,35,2025-12-15,09:45:00,Completed,Skin irritation
636,852,1,2026-01-01,14:30:00,Completed,Test review
637,678,34,2025-12-01,17:00:00,Completed,Persistent pain
638,691,34,2026-07-14,11:15:00,Completed,Persistent pain
639,527,23,2026-09-02,08:45:00,Completed,Persistent pain
640,383,8,2024-12-12,18:15:00,Cancelled,Follow-up visit
641,298,20,2025-05-09,12:30:00,Completed,Test review
642,647,26,2024-08-10,12:00:00,No-show,Joint discomfort
643,869,32,2024-02-28,13:00:00,Completed,Headache
644,306,23,2024-04-19,08:30:00,Cancelled,Persistent pain
645,412,23,2024-01-10,09:45:00,Completed,Follow-up visit
646,542,33,2026-07-09,10:45:00,Completed,Respiratory symptoms
647,8,10,2026-02-26,18:30:00,Completed,Vision concern
648,384,20,2025-01-08,14:15:00,Completed,Annual check-up
649,112,29,2025-11-03,15:15:00,Completed,Test review
650,445,1,2025-01-02,11:00:00,Completed,Routine consultation
651,137,26,2025-03-07,13:00:00,Completed,Skin irritation
652,491,18,2024-05-01,14:45:00,Completed,Hearing concern
653,732,9,2024-11-28,14:45:00,Completed,Follow-up visit
654,812,2,2024-05-09,10:30:00,Completed,Hearing concern
655,243,4,2025-11-25,13:45:00,No-show,Test review
656,9,28,2025-05-06,12:30:00,Completed,Vision concern
657,254,10,2026-01-16,16:15:00,Completed,Follow-up visit
658,885,17,2025-12-18,11:45:00,Completed,Test review
659,802,7,2025-12-18,16:15:00,Completed,Joint discomfort
660,645,10,2024-08-22,09:15:00,Completed,Annual check-up
661,197,10,2025-03-12,08:15:00,Completed,Routine consultation
662,390,27,2025-06-21,12:15:00,Completed,Vision concern
663,491,4,2025-06-06,14:00:00,Completed,Annual check-up
664,373,18,2026-08-23,13:45:00,Completed,Routine consultation
665,187,3,2024-01-01,08:30:00,Completed,Respiratory symptoms
666,287,7,2025-03-17,10:30:00,No-show,Headache
667,343,20,2024-04-24,09:00:00,Scheduled,Persistent pain
668,340,24,2026-01-29,13:30:00,Completed,Annual check-up
669,216,25,2024-03-30,09:15:00,Completed,Joint discomfort
670,124,3,2025-08-23,18:15:00,Completed,Respiratory symptoms
671,102,5,2026-08-22,16:30:00,Completed,Respiratory symptoms
672,780,13,2025-06-30,10:00:00,Completed,Vision concern
673,564,17,2026-07-01,16:30:00,Cancelled,Respiratory symptoms
674,645,8,2026-07-21,14:00:00,Completed,Child wellness visit
675,516,2,2024-06-19,17:30:00,Scheduled,Persistent pain
676,297,3,2026-09-05,17:00:00,Scheduled,Test review
677,195,26,2025-05-21,18:00:00,Completed,Child wellness visit
678,394,25,2025-02-14,17:30:00,Completed,Routine consultation
679,164,14,2025-08-29,08:45:00,Completed,Test review
680,538,17,2024-11-06,11:30:00,Scheduled,Child wellness visit
681,122,11,2024-08-17,08:15:00,Completed,Hearing concern
682,152,18,2026-08-07,10:30:00,Cancelled,Routine consultation
683,658,16,2026-04-23,11:00:00,Completed,Headache
684,648,24,2024-11-28,09:30:00,Scheduled,Vision concern
685,627,19,2024-11-28,08:00:00,Cancelled,Skin irritation
686,749,18,2024-06-29,12:00:00,Completed,Joint discomfort
687,109,25,2026-08-26,18:30:00,Cancelled,Hearing concern
688,619,14,2026-04-16,15:15:00,Completed,Skin irritation
689,596,26,2024-06-08,15:15:00,Scheduled,Vision concern
690,378,10,2026-07-12,15:00:00,Completed,Respiratory symptoms
691,190,12,2024-07-12,17:45:00,No-show,Persistent pain
692,664,19,2024-01-22,12:15:00,Cancelled,Vision concern
693,704,13,2024-03-12,10:00:00,Completed,Respiratory symptoms
694,661,26,2024-04-12,16:15:00,Scheduled,Routine consultation
695,618,7,2025-01-21,14:00:00,Completed,Routine consultation
696,782,3,2024-05-15,11:00:00,Completed,Hearing concern
697,615,1,2026-03-22,08:00:00,Completed,Headache
698,874,6,2024-07-26,10:45:00,Scheduled,Respiratory symptoms
699,836,11,2024-11-10,13:45:00,Completed,Routine consultation
700,557,18,2025-10-04,16:00:00,Completed,Routine consultation
701,106,35,2024-10-30,09:45:00,Completed,Skin irritation
702,25,15,2025-03-13,14:15:00,Completed,Annual check-up
703,232,25,2025-12-04,09:45:00,Completed,Follow-up visit
704,230,7,2026-09-06,12:30:00,Completed,Headache
705,122,24,2026-08-03,09:00:00,Completed,Persistent pain
706,439,34,2024-12-08,17:15:00,Completed,Persistent pain
707,684,20,2025-10-01,12:30:00,Cancelled,Annual check-up
708,512,24,2026-08-13,12:00:00,Scheduled,Persistent pain
709,797,10,2024-11-23,10:45:00,Completed,Respiratory symptoms
710,835,5,2024-04-25,17:45:00,No-show,Annual check-up
711,149,6,2024-11-26,10:15:00,Scheduled,Headache
712,327,32,2025-03-10,15:45:00,Completed,Hearing concern
713,342,9,2026-04-01,18:15:00,Completed,Child wellness visit
714,510,35,2025-06-30,15:15:00,Completed,Joint discomfort
715,733,27,2025-06-23,17:15:00,Scheduled,Skin irritation
716,371,1,2024-07-27,08:30:00,Completed,Persistent pain
717,113,4,2026-07-22,13:30:00,Cancelled,Persistent pain
718,302,30,2024-05-27,16:45:00,Completed,Skin irritation
719,58,9,2024-04-30,10:45:00,Scheduled,Test review
720,435,24,2024-02-25,09:00:00,Completed,Joint discomfort
721,892,11,2024-01-31,10:30:00,Completed,Skin irritation
722,79,1,2025-08-05,14:15:00,Scheduled,Respiratory symptoms
723,762,9,2026-02-05,16:30:00,Completed,Test review
724,346,29,2026-03-11,18:00:00,Completed,Persistent pain
725,62,3,2025-09-10,10:15:00,Completed,Vision concern
726,697,30,2025-07-21,12:30:00,Scheduled,Vision concern
727,161,18,2026-09-23,09:45:00,No-show,Persistent pain
728,761,14,2025-02-14,17:00:00,Completed,Persistent pain
729,843,5,2026-04-16,15:45:00,Completed,Hearing concern
730,415,25,2024-06-17,08:30:00,Completed,Skin irritation
731,277,7,2024-04-16,09:30:00,Completed,Headache
732,29,16,2024-10-15,10:00:00,Completed,Joint discomfort
733,12,20,2024-07-11,16:15:00,Completed,Routine consultation
734,247,18,2024-03-28,17:00:00,Completed,Respiratory symptoms
735,47,4,2024-11-18,09:30:00,Completed,Headache
736,770,19,2026-09-08,14:15:00,Completed,Vision concern
737,744,23,2026-09-24,10:00:00,Completed,Test review
738,516,7,2025-05-29,10:00:00,Completed,Vision concern
739,489,3,2024-10-24,10:15:00,Scheduled,Follow-up visit
740,641,6,2026-09-02,11:15:00,Cancelled,Hearing concern
741,145,11,2026-09-13,16:30:00,Completed,Persistent pain
742,348,19,2025-01-03,17:45:00,Completed,Test review
743,793,25,2024-09-01,11:00:00,No-show,Joint discomfort
744,643,32,2024-04-09,08:15:00,Scheduled,Annual check-up
745,561,6,2025-05-25,09:45:00,Completed,Annual check-up
746,166,5,2024-10-13,17:30:00,Completed,Follow-up visit
747,184,30,2024-09-21,15:30:00,Scheduled,Respiratory symptoms
748,666,9,2026-08-20,09:45:00,Completed,Annual check-up
749,411,27,2026-05-27,17:15:00,Completed,Child wellness visit
750,866,21,2025-01-17,09:45:00,Completed,Annual check-up
751,899,3,2025-09-27,18:00:00,Scheduled,Skin irritation
752,717,1,2024-06-07,09:30:00,Completed,Joint discomfort
753,409,5,2024-08-16,14:45:00,Completed,Headache
754,478,30,2025-10-19,16:45:00,Completed,Persistent pain
755,750,7,2026-07-28,14:45:00,Completed,Headache
756,67,21,2024-12-16,17:45:00,Completed,Test review
757,488,8,2024-10-12,15:00:00,Completed,Respiratory symptoms
758,150,14,2024-11-23,17:00:00,No-show,Vision concern
759,64,24,2026-03-19,14:45:00,Completed,Skin irritation
760,889,2,2026-09-02,18:45:00,Completed,Hearing concern
761,181,6,2024-05-25,09:30:00,Completed,Annual check-up
762,895,29,2026-06-11,14:15:00,Completed,Annual check-up
763,189,4,2024-04-04,14:30:00,No-show,Annual check-up
764,169,13,2024-12-23,14:45:00,Completed,Test review
765,803,11,2026-09-15,14:30:00,Cancelled,Joint discomfort
766,399,1,2025-07-28,17:15:00,Completed,Hearing concern
767,593,10,2024-11-27,18:30:00,Completed,Respiratory symptoms
768,152,32,2026-06-04,13:00:00,Scheduled,Hearing concern
769,417,17,2025-06-17,08:45:00,No-show,Persistent pain
770,650,29,2025-10-16,17:00:00,Completed,Test review
771,193,27,2025-12-14,16:15:00,Completed,Skin irritation
772,357,14,2026-09-02,11:00:00,Completed,Headache
773,17,20,2026-07-07,12:00:00,Scheduled,Hearing concern
774,467,27,2025-02-24,13:30:00,Cancelled,Vision concern
775,536,22,2024-04-26,10:45:00,Completed,Persistent pain
776,567,11,2025-07-09,14:45:00,Completed,Hearing concern
777,706,28,2025-10-11,12:00:00,No-show,Follow-up visit
778,92,2,2025-09-23,14:00:00,Completed,Joint discomfort
779,558,7,2025-10-10,15:00:00,Completed,Vision concern
780,217,15,2026-03-06,15:45:00,Completed,Respiratory symptoms
781,128,23,2026-09-17,15:45:00,Cancelled,Hearing concern
782,721,26,2024-01-08,13:15:00,Completed,Annual check-up
783,675,17,2024-11-10,14:15:00,Completed,Vision concern
784,34,1,2024-01-27,10:30:00,Cancelled,Child wellness visit
785,840,21,2024-12-09,10:45:00,Completed,Vision concern
786,198,26,2026-04-28,08:45:00,Completed,Hearing concern
787,400,12,2025-02-16,13:15:00,Completed,Follow-up visit
788,728,9,2025-05-31,09:45:00,Cancelled,Hearing concern
789,267,11,2026-08-29,13:15:00,Completed,Routine consultation
790,448,1,2025-10-05,17:15:00,Completed,Test review
791,557,6,2025-08-08,14:00:00,Scheduled,Persistent pain
792,465,23,2024-07-10,11:15:00,Completed,Child wellness visit
793,861,16,2026-01-13,14:30:00,Completed,Annual check-up
794,85,10,2025-10-04,08:00:00,Completed,Joint discomfort
795,126,7,2024-05-25,12:30:00,Cancelled,Follow-up visit
796,80,32,2026-05-14,13:15:00,Completed,Respiratory symptoms
797,815,2,2025-02-27,09:45:00,No-show,Follow-up visit
798,216,27,2025-01-19,13:45:00,Cancelled,Persistent pain
799,306,1,2026-07-14,10:00:00,Completed,Headache
800,356,31,2025-09-20,17:00:00,Completed,Test review
801,261,8,2024-07-16,17:00:00,Completed,Child wellness visit
802,525,10,2024-08-09,13:00:00,Cancelled,Routine consultation
803,336,9,2024-08-13,09:15:00,Completed,Respiratory symptoms
804,205,6,2024-12-22,16:30:00,Completed,Respiratory symptoms
805,447,33,2026-08-27,14:15:00,Completed,Skin irritation
806,704,18,2026-09-11,14:00:00,Completed,Joint discomfort
807,320,11,2026-03-24,11:45:00,Completed,Respiratory symptoms
808,434,18,2026-04-15,13:00:00,Completed,Vision concern
809,205,23,2025-01-17,18:00:00,Completed,Routine consultation
810,524,17,2025-08-23,14:30:00,Completed,Hearing concern
811,544,23,2025-02-11,08:00:00,Completed,Headache
812,440,12,2025-01-01,11:00:00,Completed,Headache
813,381,10,2026-03-09,13:00:00,Completed,Test review
814,12,22,2024-08-06,15:30:00,Cancelled,Child wellness visit
815,68,25,2024-10-17,17:15:00,Completed,Follow-up visit
816,575,18,2026-01-03,17:00:00,Completed,Hearing concern
817,432,28,2024-11-21,13:15:00,Completed,Respiratory symptoms
818,511,3,2024-10-08,14:00:00,Completed,Persistent pain
819,616,21,2025-08-28,14:15:00,Completed,Annual check-up
820,19,1,2026-07-22,15:30:00,Completed,Vision concern
821,38,35,2026-07-29,16:00:00,Completed,Routine consultation
822,72,31,2024-04-07,14:30:00,Completed,Headache
823,410,6,2025-07-23,13:45:00,Completed,Vision concern
824,306,30,2025-05-20,18:00:00,Cancelled,Joint discomfort
825,106,2,2024-08-17,08:00:00,Completed,Headache
826,883,28,2024-08-19,10:00:00,Completed,Headache
827,836,35,2024-01-06,08:30:00,Cancelled,Routine consultation
828,114,4,2026-08-27,12:00:00,Completed,Test review
829,628,25,2024-10-03,10:15:00,Completed,Follow-up visit
830,130,21,2026-06-01,10:45:00,Completed,Hearing concern
831,126,34,2025-06-24,11:45:00,Completed,Annual check-up
832,330,31,2024-08-19,09:30:00,Scheduled,Test review
833,85,23,2025-07-25,11:15:00,Scheduled,Follow-up visit
834,507,4,2024-08-05,08:15:00,Completed,Vision concern
835,193,32,2024-04-17,13:15:00,Cancelled,Child wellness visit
836,527,21,2026-02-17,12:45:00,Completed,Child wellness visit
837,109,9,2024-08-12,13:45:00,No-show,Joint discomfort
838,526,13,2026-03-09,14:15:00,Completed,Vision concern
839,169,20,2026-09-01,17:00:00,Completed,Follow-up visit
840,763,8,2024-09-03,08:45:00,Completed,Routine consultation
841,488,34,2025-04-08,13:30:00,Completed,Child wellness visit
842,87,23,2025-03-17,11:15:00,Completed,Vision concern
843,521,22,2024-02-24,15:30:00,Completed,Routine consultation
844,665,25,2026-01-19,14:15:00,Completed,Vision concern
845,181,18,2025-06-26,17:45:00,Completed,Follow-up visit
846,698,4,2025-10-23,11:00:00,Completed,Routine consultation
847,37,18,2024-09-01,09:00:00,Completed,Joint discomfort
848,717,26,2025-02-05,14:00:00,Completed,Test review
849,275,32,2024-07-29,10:15:00,Completed,Annual check-up
850,723,19,2026-01-21,08:00:00,Completed,Test review
851,638,31,2026-01-26,12:15:00,Completed,Hearing concern
852,72,11,2024-07-10,13:45:00,Completed,Routine consultation
853,683,31,2025-03-14,13:00:00,Completed,Annual check-up
854,79,11,2025-11-26,08:30:00,No-show,Joint discomfort
855,2,32,2026-06-13,11:45:00,Completed,Routine consultation
856,581,19,2026-05-05,11:15:00,Scheduled,Follow-up visit
857,103,20,2026-04-03,13:45:00,Completed,Headache
858,559,17,2025-11-10,15:30:00,Completed,Routine consultation
859,848,23,2024-11-04,13:45:00,Completed,Hearing concern
860,532,2,2024-05-31,14:15:00,Completed,Persistent pain
861,366,32,2024-02-01,11:45:00,Completed,Test review
862,92,13,2026-07-31,14:00:00,No-show,Hearing concern
863,696,35,2026-07-09,15:15:00,Completed,Hearing concern
864,358,22,2025-02-04,17:45:00,No-show,Annual check-up
865,317,13,2024-02-12,17:30:00,Cancelled,Follow-up visit
866,444,30,2025-08-03,13:30:00,Completed,Routine consultation
867,511,10,2025-04-22,18:15:00,Completed,Annual check-up
868,639,11,2024-11-06,15:30:00,Completed,Annual check-up
869,16,30,2024-02-11,11:30:00,Cancelled,Follow-up visit
870,55,32,2024-11-09,08:45:00,Completed,Routine consultation
871,52,17,2024-05-21,13:30:00,Scheduled,Child wellness visit
872,682,10,2026-09-03,09:30:00,Completed,Test review
873,202,28,2025-08-22,09:30:00,Completed,Respiratory symptoms
874,364,16,2026-04-11,18:45:00,Completed,Follow-up visit
875,268,20,2025-09-03,12:15:00,Completed,Hearing concern
876,897,21,2026-04-03,17:15:00,Scheduled,Skin irritation
877,257,9,2025-03-02,16:15:00,Completed,Follow-up visit
878,305,30,2025-07-12,10:45:00,Scheduled,Vision concern
879,99,9,2025-06-23,15:30:00,Completed,Hearing concern
880,730,23,2025-04-24,13:45:00,Completed,Vision concern
881,473,2,2026-07-23,16:00:00,No-show,Vision concern
882,91,9,2025-09-21,12:15:00,Completed,Headache
883,131,35,2026-07-10,17:30:00,Completed,Vision concern
884,129,26,2025-11-17,08:45:00,Cancelled,Child wellness visit
885,472,4,2024-03-27,08:30:00,Cancelled,Hearing concern
886,110,22,2025-08-31,09:30:00,Completed,Test review
887,340,4,2024-05-04,17:00:00,Scheduled,Child wellness visit
888,148,32,2024-05-19,11:15:00,Completed,Annual check-up
889,737,1,2026-04-04,15:15:00,Completed,Routine consultation
890,157,8,2025-06-16,09:15:00,Completed,Respiratory symptoms
891,26,33,2025-03-30,14:00:00,No-show,Annual check-up
892,415,31,2024-07-07,11:30:00,Cancelled,Hearing concern
893,450,8,2025-03-18,10:00:00,Completed,Test review
894,674,16,2024-06-23,16:15:00,Completed,Annual check-up
895,297,7,2026-09-09,17:45:00,Completed,Annual check-up
896,401,25,2025-12-15,09:45:00,Completed,Vision concern
897,152,2,2024-10-17,15:00:00,Completed,Routine consultation
898,595,20,2024-02-04,18:45:00,Completed,Headache
899,143,30,2026-06-22,15:30:00,Completed,Persistent pain
900,367,33,2026-05-26,16:15:00,Completed,Test review
901,538,25,2025-06-09,09:15:00,Completed,Headache
902,672,22,2025-04-15,10:30:00,Scheduled,Hearing concern
903,311,26,2024-03-10,18:45:00,Completed,Respiratory symptoms
904,621,12,2025-08-12,16:30:00,Completed,Headache
905,603,23,2025-08-21,17:45:00,Completed,Routine consultation
906,873,11,2024-08-25,09:00:00,Completed,Hearing concern
907,488,21,2026-02-17,11:15:00,Completed,Persistent pain
908,746,25,2026-02-12,14:00:00,Completed,Annual check-up
909,118,3,2026-05-17,09:45:00,Scheduled,Joint discomfort
910,647,2,2026-08-03,10:30:00,Completed,Respiratory symptoms
911,387,9,2025-10-14,17:15:00,Completed,Respiratory symptoms
912,449,19,2024-08-18,11:15:00,Completed,Child wellness visit
913,829,13,2024-03-29,17:00:00,Completed,Hearing concern
914,99,14,2024-02-04,10:00:00,Completed,Vision concern
915,582,35,2026-06-04,09:30:00,Completed,Test review
916,746,34,2025-05-23,11:15:00,Completed,Respiratory symptoms
917,513,23,2024-12-31,17:15:00,Cancelled,Respiratory symptoms
918,438,25,2026-06-13,09:00:00,Completed,Child wellness visit
919,306,7,2024-04-30,15:15:00,Completed,Child wellness visit
920,339,2,2024-08-17,12:30:00,Completed,Headache
921,70,11,2026-09-18,12:00:00,Completed,Skin irritation
922,874,34,2026-08-12,17:30:00,Completed,Routine consultation
923,560,8,2025-08-19,15:30:00,Completed,Routine consultation
924,347,27,2024-09-24,11:30:00,Cancelled,Routine consultation
925,143,14,2025-07-14,13:00:00,Completed,Follow-up visit
926,825,3,2024-12-20,09:45:00,Completed,Joint discomfort
927,83,31,2026-08-27,10:30:00,Scheduled,Follow-up visit
928,37,32,2025-06-03,11:30:00,Completed,Annual check-up
929,801,15,2024-01-22,08:00:00,Scheduled,Skin irritation
930,548,25,2025-11-29,18:00:00,Completed,Routine consultation
931,397,25,2025-12-13,10:45:00,Scheduled,Child wellness visit
932,142,8,2025-03-24,09:30:00,Completed,Headache
933,448,4,2024-08-31,11:00:00,Completed,Skin irritation
934,423,35,2025-08-04,08:00:00,Cancelled,Skin irritation
935,833,4,2024-03-19,08:15:00,Completed,Annual check-up
936,45,21,2024-12-24,17:15:00,No-show,Persistent pain
937,621,26,2025-05-05,18:00:00,Completed,Follow-up visit
938,257,35,2024-07-29,15:30:00,Cancelled,Skin irritation
939,455,20,2026-08-22,13:30:00,Cancelled,Skin irritation
940,540,18,2024-11-22,16:00:00,Completed,Vision concern
941,723,32,2024-10-13,09:15:00,Cancelled,Child wellness visit
942,237,20,2026-01-29,16:15:00,Completed,Test review
943,836,10,2024-02-06,11:45:00,Completed,Respiratory symptoms
944,117,2,2025-05-25,08:30:00,Completed,Vision concern
945,308,6,2024-03-02,12:45:00,Completed,Vision concern
946,394,29,2024-02-15,11:15:00,Completed,Hearing concern
947,442,35,2024-02-23,18:30:00,Completed,Headache
948,27,22,2026-08-02,12:15:00,Scheduled,Headache
949,744,28,2026-06-05,14:00:00,Cancelled,Child wellness visit
950,398,19,2026-05-29,16:45:00,Completed,Test review
951,582,34,2024-09-23,10:45:00,Completed,Skin irritation
952,136,1,2024-10-14,18:30:00,Completed,Skin irritation
953,790,35,2024-10-29,13:45:00,Completed,Annual check-up
954,371,18,2025-11-06,12:00:00,Completed,Joint discomfort
955,677,21,2026-05-06,12:15:00,Completed,Routine consultation
956,451,1,2025-04-22,08:30:00,Completed,Child wellness visit
957,224,27,2024-02-29,17:00:00,Completed,Joint discomfort
958,565,21,2026-09-03,09:45:00,Completed,Annual check-up
959,266,32,2024-05-10,11:15:00,Completed,Joint discomfort
960,672,4,2024-08-26,09:00:00,Completed,Child wellness visit
961,882,29,2025-08-16,13:00:00,Completed,Skin irritation
962,63,17,2026-09-25,12:00:00,Completed,Headache
963,554,3,2025-09-06,11:30:00,Completed,Child wellness visit
964,455,8,2025-06-07,09:15:00,Completed,Joint discomfort
965,381,27,2024-03-14,18:45:00,Cancelled,Persistent pain
966,26,21,2025-09-13,13:30:00,No-show,Hearing concern
967,384,31,2026-08-23,12:00:00,Completed,Routine consultation
968,298,10,2026-07-22,17:00:00,Completed,Skin irritation
969,828,21,2025-06-07,16:30:00,No-show,Vision concern
970,851,3,2025-11-03,10:45:00,Scheduled,Hearing concern
971,81,5,2026-09-08,11:45:00,Completed,Follow-up visit
972,868,34,2026-03-28,08:45:00,Completed,Child wellness visit
973,452,21,2024-10-02,11:30:00,Cancelled,Headache
974,249,24,2024-08-24,15:30:00,Scheduled,Follow-up visit
975,710,16,2025-03-31,14:30:00,Completed,Child wellness visit
976,518,5,2026-07-25,13:45:00,Completed,Respiratory symptoms
977,806,27,2024-08-23,17:15:00,No-show,Skin irritation
978,796,27,2025-11-21,17:15:00,Completed,Annual check-up
979,350,21,2024-04-30,09:45:00,Completed,Persistent pain
980,590,32,2025-10-09,11:15:00,Cancelled,Routine consultation
981,171,8,2025-03-04,12:45:00,Scheduled,Persistent pain
982,891,3,2026-05-03,14:00:00,Scheduled,Follow-up visit
983,136,33,2026-06-06,16:45:00,Cancelled,Headache
984,131,26,2025-12-14,16:15:00,Scheduled,Follow-up visit
985,345,22,2025-08-28,17:00:00,No-show,Routine consultation
986,76,23,2026-08-30,15:45:00,Completed,Test review
987,855,28,2024-10-23,15:15:00,Scheduled,Test review
988,785,33,2024-03-26,10:00:00,Completed,Headache
989,691,30,2025-01-23,13:45:00,Completed,Test review
990,603,18,2026-08-25,09:15:00,Completed,Headache
991,50,34,2026-07-07,16:45:00,Completed,Vision concern
992,327,12,2026-09-03,10:00:00,Cancelled,Test review
993,749,14,2025-03-16,16:30:00,Completed,Joint discomfort
994,322,7,2024-12-21,12:15:00,Completed,Annual check-up
995,499,29,2024-08-17,10:30:00,No-show,Annual check-up
996,621,7,2026-08-04,11:30:00,Completed,Skin irritation
997,566,33,2026-02-11,10:00:00,Completed,Routine consultation
998,553,35,2026-03-29,11:00:00,Completed,Routine consultation
999,379,14,2024-10-15,17:45:00,Scheduled,Child wellness visit
1000,130,30,2024-10-29,09:00:00,Completed,Vision concern
1001,506,17,2024-03-29,10:30:00,Scheduled,Follow-up visit
1002,363,6,2026-02-01,11:00:00,Completed,Child wellness visit
1003,344,18,2025-04-09,18:00:00,Scheduled,Headache
1004,40,28,2024-04-12,16:30:00,Completed,Child wellness visit
1005,677,3,2026-08-29,18:00:00,Completed,Joint discomfort
1006,386,15,2025-11-20,11:30:00,Completed,Respiratory symptoms
1007,834,12,2026-01-21,15:30:00,Completed,Hearing concern
1008,897,6,2026-08-31,16:15:00,Completed,Follow-up visit
1009,503,14,2025-12-28,10:00:00,Completed,Annual check-up
1010,629,25,2025-10-08,17:15:00,Completed,Respiratory symptoms
1011,544,12,2026-06-17,12:15:00,Cancelled,Hearing concern
1012,497,32,2026-03-26,18:45:00,Completed,Child wellness visit
1013,493,19,2024-04-08,11:00:00,No-show,Annual check-up
1014,430,29,2024-11-29,11:45:00,Completed,Respiratory symptoms
1015,327,8,2024-12-21,14:15:00,Scheduled,Respiratory symptoms
1016,861,32,2025-09-07,14:15:00,Completed,Annual check-up
1017,520,14,2026-06-30,14:00:00,Completed,Headache
1018,268,21,2025-02-25,14:45:00,Completed,Annual check-up
1019,56,18,2025-05-12,11:30:00,Completed,Routine consultation
1020,316,29,2025-02-23,11:15:00,Completed,Hearing concern
1021,113,22,2024-05-12,17:00:00,No-show,Routine consultation
1022,822,25,2024-04-02,13:30:00,Scheduled,Child wellness visit
1023,65,4,2025-06-15,11:30:00,Completed,Persistent pain
1024,859,35,2025-02-09,11:30:00,Cancelled,Headache
1025,340,27,2024-08-08,16:15:00,No-show,Routine consultation
1026,866,2,2026-02-12,16:00:00,Completed,Respiratory symptoms
1027,44,11,2024-10-16,12:00:00,Completed,Test review
1028,254,3,2024-10-05,09:45:00,Completed,Persistent pain
1029,838,18,2026-06-01,09:00:00,Completed,Test review
1030,721,27,2024-01-21,08:15:00,Completed,Joint discomfort
1031,812,26,2024-07-17,17:30:00,Scheduled,Vision concern
1032,525,2,2024-11-05,12:45:00,Completed,Annual check-up
1033,672,31,2025-01-20,12:45:00,Completed,Vision concern
1034,575,18,2025-05-09,12:15:00,Completed,Respiratory symptoms
1035,746,26,2026-09-01,13:00:00,Completed,Joint discomfort
1036,26,26,2026-02-28,11:45:00,Completed,Joint discomfort
1037,112,20,2024-12-06,10:00:00,Completed,Persistent pain
1038,213,32,2025-08-30,11:00:00,Completed,Joint discomfort
1039,859,31,2025-06-19,17:15:00,Completed,Respiratory symptoms
1040,259,27,2024-11-14,13:15:00,Completed,Test review
1041,579,27,2026-06-11,08:30:00,Scheduled,Child wellness visit
1042,814,32,2025-07-12,15:30:00,No-show,Skin irritation
1043,330,30,2025-12-26,15:00:00,No-show,Vision concern
1044,717,5,2025-01-19,10:00:00,Completed,Test review
1045,125,11,2024-07-21,15:00:00,Completed,Vision concern
1046,508,11,2025-10-03,16:45:00,Completed,Child wellness visit
1047,429,26,2024-01-10,12:00:00,Completed,Annual check-up
1048,738,18,2025-06-19,13:30:00,Completed,Persistent pain
1049,145,19,2025-06-19,18:15:00,Cancelled,Test review
1050,381,34,2025-09-11,12:45:00,Completed,Headache
1051,765,9,2024-06-17,16:45:00,Completed,Vision concern
1052,184,10,2025-04-26,09:00:00,Completed,Skin irritation
1053,205,7,2025-07-04,15:30:00,Completed,Joint discomfort
1054,480,11,2024-03-09,13:15:00,Completed,Routine consultation
1055,198,18,2024-10-18,14:30:00,Completed,Vision concern
1056,261,35,2025-10-18,18:15:00,Completed,Persistent pain
1057,106,14,2024-10-13,10:30:00,Completed,Persistent pain
1058,817,34,2025-08-24,18:45:00,Completed,Joint discomfort
1059,620,18,2026-09-16,17:45:00,Completed,Routine consultation
1060,803,15,2024-08-09,09:15:00,Completed,Respiratory symptoms
1061,896,1,2024-11-27,09:00:00,Completed,Respiratory symptoms
1062,436,31,2024-11-30,12:00:00,Completed,Vision concern
1063,387,25,2025-12-24,15:30:00,Completed,Child wellness visit
1064,325,34,2024-03-21,17:15:00,No-show,Hearing concern
1065,854,18,2025-12-29,10:45:00,Completed,Respiratory symptoms
1066,712,17,2025-12-02,09:45:00,Completed,Persistent pain
1067,26,24,2026-05-25,15:30:00,Scheduled,Skin irritation
1068,632,13,2025-01-26,13:15:00,No-show,Routine consultation
1069,201,29,2025-01-04,16:15:00,Completed,Annual check-up
1070,337,7,2026-07-21,13:30:00,Completed,Routine consultation
1071,622,18,2024-02-04,18:30:00,Completed,Vision concern
1072,45,17,2024-10-07,18:00:00,No-show,Routine consultation
1073,884,31,2025-09-14,18:45:00,Completed,Respiratory symptoms
1074,768,35,2026-04-06,09:00:00,Completed,Joint discomfort
1075,731,10,2025-12-23,10:15:00,Completed,Follow-up visit
1076,58,29,2025-10-14,08:30:00,Completed,Child wellness visit
1077,285,13,2025-11-01,17:00:00,Completed,Hearing concern
1078,869,21,2026-07-08,10:30:00,Completed,Hearing concern
1079,413,27,2026-05-07,18:00:00,Completed,Child wellness visit
1080,152,18,2024-03-26,10:45:00,Completed,Joint discomfort
1081,204,33,2025-02-23,10:00:00,Completed,Child wellness visit
1082,360,8,2024-12-15,15:00:00,Completed,Respiratory symptoms
1083,91,8,2026-07-29,09:15:00,Scheduled,Persistent pain
1084,326,2,2026-02-24,10:00:00,Completed,Headache
1085,472,6,2026-06-17,11:30:00,Cancelled,Hearing concern
1086,886,13,2026-02-04,10:30:00,Completed,Test review
1087,294,12,2024-10-12,10:30:00,Completed,Skin irritation
1088,280,13,2024-06-30,12:30:00,Scheduled,Annual check-up
1089,95,32,2024-12-29,17:30:00,Completed,Hearing concern
1090,536,29,2026-04-29,18:15:00,Completed,Joint discomfort
1091,395,10,2025-07-04,17:15:00,No-show,Vision concern
1092,356,19,2024-07-31,13:30:00,Completed,Skin irritation
1093,265,14,2025-04-23,12:00:00,No-show,Child wellness visit
1094,675,12,2025-05-01,10:45:00,Completed,Headache
1095,578,25,2025-11-05,17:00:00,Completed,Follow-up visit
1096,645,23,2026-06-09,08:15:00,Completed,Headache
1097,345,7,2024-07-10,13:30:00,Completed,Child wellness visit
1098,191,2,2025-03-25,17:45:00,Completed,Test review
1099,446,26,2025-04-29,11:30:00,Scheduled,Joint discomfort
1100,346,31,2025-11-25,14:30:00,Completed,Skin irritation
1101,782,33,2024-04-20,14:45:00,Scheduled,Joint discomfort
1102,411,2,2024-06-16,16:15:00,No-show,Joint discomfort
1103,715,34,2024-07-22,17:15:00,Completed,Headache
1104,808,4,2026-09-20,09:30:00,Scheduled,Persistent pain
1105,821,23,2025-04-14,14:15:00,Completed,Hearing concern
1106,152,13,2026-06-23,10:30:00,Completed,Persistent pain
1107,242,14,2025-03-23,09:15:00,Completed,Child wellness visit
1108,866,24,2024-01-06,15:15:00,Completed,Respiratory symptoms
1109,564,26,2025-12-16,11:45:00,Completed,Respiratory symptoms
1110,724,16,2026-02-20,09:45:00,Completed,Persistent pain
1111,410,21,2026-07-08,12:45:00,Completed,Child wellness visit
1112,74,23,2025-05-15,18:00:00,Completed,Joint discomfort
1113,183,16,2025-01-12,13:30:00,Completed,Routine consultation
1114,626,26,2026-07-25,09:15:00,Completed,Skin irritation
1115,46,14,2024-11-05,14:00:00,Completed,Hearing concern
1116,185,28,2024-06-03,12:30:00,Completed,Respiratory symptoms
1117,36,17,2026-09-08,14:15:00,Completed,Hearing concern
1118,530,7,2025-04-21,09:30:00,Scheduled,Follow-up visit
1119,672,26,2026-04-02,08:15:00,Completed,Joint discomfort
1120,520,25,2025-12-03,15:00:00,Completed,Hearing concern
1121,412,28,2026-02-28,08:30:00,Completed,Test review
1122,650,8,2025-09-10,15:30:00,Scheduled,Test review
1123,344,35,2026-09-22,13:00:00,Scheduled,Vision concern
1124,545,25,2026-06-10,18:00:00,Completed,Headache
1125,725,17,2024-07-21,16:45:00,Completed,Respiratory symptoms
1126,289,3,2024-05-04,15:45:00,Completed,Joint discomfort
1127,703,24,2024-09-15,14:30:00,Completed,Routine consultation
1128,556,18,2024-07-02,12:30:00,Completed,Respiratory symptoms
1129,333,20,2025-10-13,08:00:00,Completed,Routine consultation
1130,545,26,2024-09-11,10:00:00,Completed,Persistent pain
1131,745,10,2025-10-10,15:45:00,Cancelled,Headache
1132,470,16,2026-07-29,16:45:00,Completed,Headache
1133,382,3,2024-05-30,17:00:00,Completed,Test review
1134,81,22,2026-08-07,18:30:00,Completed,Routine consultation
1135,189,17,2026-01-08,18:00:00,Cancelled,Vision concern
1136,120,13,2025-08-07,12:30:00,Completed,Child wellness visit
1137,875,16,2025-12-11,08:30:00,Completed,Skin irritation
1138,779,28,2024-10-08,10:30:00,Completed,Routine consultation
1139,620,26,2026-07-20,10:30:00,Completed,Vision concern
1140,213,2,2026-03-11,14:15:00,Completed,Respiratory symptoms
1141,614,21,2024-04-09,11:15:00,Completed,Headache
1142,227,5,2025-09-18,12:45:00,Completed,Hearing concern
1143,610,22,2025-07-08,14:45:00,No-show,Routine consultation
1144,352,22,2024-11-23,13:45:00,Completed,Test review
1145,511,14,2025-06-29,10:45:00,Completed,Routine consultation
1146,677,6,2025-10-08,15:30:00,Completed,Test review
1147,543,24,2024-11-07,12:30:00,Completed,Respiratory symptoms
1148,31,10,2025-10-01,17:15:00,Completed,Joint discomfort
1149,442,27,2026-02-22,08:30:00,Completed,Respiratory symptoms
1150,241,25,2026-08-01,16:15:00,Completed,Follow-up visit
1151,100,26,2024-08-11,11:00:00,Completed,Persistent pain
1152,886,11,2026-02-24,14:45:00,Completed,Skin irritation
1153,429,18,2024-11-23,13:00:00,Completed,Hearing concern
1154,649,21,2025-05-29,16:45:00,Completed,Vision concern
1155,507,30,2024-10-20,15:15:00,No-show,Persistent pain
1156,410,19,2024-01-04,16:30:00,Scheduled,Hearing concern
1157,177,7,2025-01-27,17:45:00,No-show,Vision concern
1158,194,2,2025-09-25,11:15:00,Completed,Child wellness visit
1159,83,27,2026-08-26,08:30:00,Completed,Persistent pain
1160,583,31,2025-12-01,09:30:00,Completed,Joint discomfort
1161,809,25,2025-07-19,16:15:00,Cancelled,Persistent pain
1162,469,24,2026-01-10,11:15:00,Completed,Test review
1163,205,21,2024-05-15,12:00:00,Cancelled,Skin irritation
1164,592,30,2025-04-15,11:45:00,No-show,Persistent pain
1165,473,33,2025-10-18,09:30:00,Cancelled,Persistent pain
1166,251,30,2026-01-09,09:00:00,Scheduled,Hearing concern
1167,694,27,2026-06-06,16:45:00,Cancelled,Follow-up visit
1168,802,27,2026-09-07,12:00:00,Scheduled,Joint discomfort
1169,663,35,2026-01-01,08:45:00,Completed,Test review
1170,62,19,2026-04-11,14:00:00,Completed,Test review
1171,524,29,2025-03-14,09:00:00,Completed,Annual check-up
1172,777,8,2026-01-09,10:30:00,Completed,Headache
1173,146,16,2026-03-25,15:15:00,Completed,Headache
1174,658,5,2025-04-14,15:15:00,Scheduled,Headache
1175,303,29,2024-12-04,15:30:00,Completed,Joint discomfort
1176,37,9,2024-05-31,16:30:00,Completed,Headache
1177,578,24,2025-12-31,12:30:00,No-show,Persistent pain
1178,582,20,2025-05-01,15:30:00,Completed,Test review
1179,132,10,2025-09-14,12:45:00,Completed,Skin irritation
1180,29,14,2025-08-20,12:15:00,Completed,Annual check-up
1181,373,33,2026-02-02,16:45:00,Completed,Persistent pain
1182,353,10,2025-08-24,16:30:00,Completed,Vision concern
1183,887,32,2025-10-25,10:45:00,Completed,Vision concern
1184,15,5,2024-12-16,11:30:00,Completed,Persistent pain
1185,285,8,2025-10-27,11:30:00,Completed,Joint discomfort
1186,654,1,2026-05-10,16:15:00,Scheduled,Headache
1187,681,3,2025-02-12,18:00:00,No-show,Child wellness visit
1188,69,18,2025-07-20,16:00:00,No-show,Routine consultation
1189,458,34,2024-09-10,11:30:00,Scheduled,Persistent pain
1190,707,16,2024-08-21,15:15:00,Completed,Joint discomfort
1191,273,18,2024-04-03,11:00:00,Cancelled,Persistent pain
1192,536,20,2024-03-03,11:15:00,Completed,Joint discomfort
1193,489,30,2024-04-10,16:00:00,Completed,Hearing concern
1194,75,13,2025-05-04,09:45:00,Completed,Skin irritation
1195,103,35,2025-08-26,11:45:00,Completed,Routine consultation
1196,596,28,2026-05-31,09:45:00,Scheduled,Skin irritation
1197,604,30,2024-01-01,12:45:00,Completed,Respiratory symptoms
1198,647,12,2024-12-02,16:45:00,Completed,Hearing concern
1199,307,17,2026-06-07,16:15:00,Completed,Hearing concern
1200,575,33,2024-11-12,18:45:00,Completed,Persistent pain
1201,500,1,2024-11-22,16:45:00,Completed,Persistent pain
1202,68,28,2025-11-20,12:00:00,No-show,Respiratory symptoms
1203,351,35,2026-04-22,10:15:00,Scheduled,Skin irritation
1204,219,20,2025-05-28,12:30:00,Scheduled,Respiratory symptoms
1205,106,20,2026-08-07,17:15:00,Completed,Persistent pain
1206,332,11,2024-07-15,14:15:00,Cancelled,Joint discomfort
1207,679,11,2024-11-29,16:45:00,Completed,Vision concern
1208,799,18,2024-08-22,12:45:00,No-show,Annual check-up
1209,380,10,2024-11-09,13:30:00,Cancelled,Headache
1210,461,20,2025-03-11,17:45:00,Scheduled,Routine consultation
1211,781,26,2024-02-26,14:30:00,Completed,Persistent pain
1212,468,18,2024-01-20,11:15:00,Completed,Annual check-up
1213,302,24,2024-01-25,13:45:00,Scheduled,Headache
1214,572,13,2026-03-27,11:45:00,Cancelled,Follow-up visit
1215,77,16,2024-06-13,13:45:00,No-show,Joint discomfort
1216,482,3,2026-03-10,18:45:00,Scheduled,Test review
1217,499,16,2024-10-13,17:45:00,Completed,Routine consultation
1218,655,22,2024-10-09,16:30:00,Completed,Annual check-up
1219,114,31,2024-05-17,09:30:00,No-show,Test review
1220,424,10,2026-06-13,10:30:00,Completed,Child wellness visit
1221,91,29,2024-09-08,13:30:00,Completed,Annual check-up
1222,707,2,2024-05-23,09:30:00,No-show,Headache
1223,792,29,2026-02-04,11:15:00,Completed,Skin irritation
1224,472,24,2024-12-07,11:30:00,Completed,Test review
1225,24,9,2024-05-02,18:45:00,Completed,Respiratory symptoms
1226,818,4,2026-05-01,16:00:00,Cancelled,Child wellness visit
1227,383,2,2025-08-02,14:00:00,No-show,Headache
1228,810,35,2025-05-18,12:30:00,Completed,Test review
1229,78,6,2026-09-24,16:00:00,Completed,Child wellness visit
1230,867,6,2025-08-10,15:15:00,Scheduled,Hearing concern
1231,442,18,2025-04-21,15:15:00,Completed,Follow-up visit
1232,187,22,2025-04-09,16:45:00,Cancelled,Vision concern
1233,589,19,2024-01-07,17:45:00,Completed,Skin irritation
1234,331,28,2024-06-03,12:15:00,Completed,Headache
1235,546,30,2025-10-31,18:15:00,Scheduled,Joint discomfort
1236,364,10,2024-07-12,10:15:00,Completed,Follow-up visit
1237,27,35,2025-09-08,08:15:00,Completed,Follow-up visit
1238,336,21,2026-08-08,11:15:00,Completed,Persistent pain
1239,435,18,2024-08-26,11:30:00,Completed,Respiratory symptoms
1240,127,25,2024-01-27,15:15:00,Completed,Respiratory symptoms
1241,450,26,2024-07-22,11:45:00,Completed,Follow-up visit
1242,96,12,2025-06-02,17:00:00,Completed,Skin irritation
1243,124,32,2026-01-28,17:30:00,Scheduled,Headache
1244,426,13,2024-08-03,09:30:00,Completed,Child wellness visit
1245,115,30,2024-01-17,08:45:00,Cancelled,Vision concern
1246,879,7,2024-12-29,13:30:00,Cancelled,Vision concern
1247,869,20,2024-08-22,09:45:00,Cancelled,Routine consultation
1248,282,21,2024-02-16,10:15:00,Completed,Routine consultation
1249,132,34,2024-06-08,10:45:00,Scheduled,Routine consultation
1250,611,14,2026-06-06,18:30:00,Completed,Vision concern
1251,844,11,2025-03-05,10:15:00,No-show,Persistent pain
1252,760,12,2025-01-08,09:15:00,Completed,Skin irritation
1253,314,26,2025-10-02,13:30:00,Completed,Routine consultation
1254,803,2,2024-12-05,08:45:00,Completed,Persistent pain
1255,418,3,2025-07-06,14:15:00,Completed,Routine consultation
1256,358,15,2024-04-04,14:00:00,Completed,Respiratory symptoms
1257,476,27,2026-05-26,16:45:00,Completed,Joint discomfort
1258,829,1,2024-11-14,15:45:00,Cancelled,Annual check-up
1259,132,21,2025-11-03,16:30:00,No-show,Hearing concern
1260,734,7,2025-05-04,15:15:00,Completed,Child wellness visit
1261,133,10,2024-08-18,18:00:00,Scheduled,Test review
1262,414,19,2026-06-27,17:00:00,Completed,Annual check-up
1263,190,20,2024-12-02,15:30:00,Scheduled,Persistent pain
1264,336,28,2025-01-18,18:15:00,Completed,Routine consultation
1265,766,25,2025-10-09,08:15:00,No-show,Routine consultation
1266,147,3,2026-05-05,11:15:00,Completed,Routine consultation
1267,586,31,2025-05-10,13:15:00,Completed,Joint discomfort
1268,416,29,2024-08-07,15:30:00,Completed,Follow-up visit
1269,763,18,2025-11-02,16:30:00,Completed,Persistent pain
1270,262,22,2026-04-06,15:45:00,Completed,Hearing concern
1271,877,22,2026-02-20,16:30:00,Completed,Headache
1272,437,2,2026-09-14,16:15:00,Completed,Respiratory symptoms
1273,850,8,2024-05-03,16:30:00,Completed,Headache
1274,315,29,2025-03-22,16:00:00,No-show,Child wellness visit
1275,187,26,2026-04-19,16:15:00,Completed,Hearing concern
1276,228,2,2024-07-22,13:15:00,Completed,Child wellness visit
1277,538,4,2026-03-30,16:30:00,Completed,Test review
1278,544,11,2025-01-18,10:00:00,Scheduled,Hearing concern
1279,650,15,2026-05-13,10:45:00,Cancelled,Annual check-up
1280,51,26,2024-10-30,14:45:00,Cancelled,Respiratory symptoms
1281,330,9,2026-01-08,12:00:00,Completed,Test review
1282,570,20,2024-08-01,17:00:00,Completed,Vision concern
1283,144,10,2025-05-07,10:15:00,Completed,Persistent pain
1284,662,27,2025-02-04,17:15:00,Completed,Headache
1285,73,15,2026-09-13,12:15:00,Cancelled,Follow-up visit
1286,744,10,2024-07-29,15:15:00,Completed,Headache
1287,12,8,2025-06-17,12:00:00,Scheduled,Joint discomfort
1288,483,15,2025-11-07,15:30:00,Cancelled,Child wellness visit
1289,761,30,2024-06-06,09:30:00,Cancelled,Routine consultation
1290,391,17,2024-04-25,18:45:00,Completed,Persistent pain
1291,898,32,2026-02-15,12:15:00,Completed,Follow-up visit
1292,750,24,2024-09-04,18:45:00,Cancelled,Vision concern
1293,432,4,2025-10-15,09:30:00,Cancelled,Test review
1294,283,17,2025-10-17,16:30:00,Completed,Annual check-up
1295,366,6,2024-01-14,09:45:00,Completed,Respiratory symptoms
1296,227,28,2025-11-12,12:00:00,No-show,Test review
1297,500,25,2025-09-13,16:45:00,Completed,Follow-up visit
1298,605,7,2025-08-12,09:00:00,No-show,Skin irritation
1299,370,27,2026-04-14,14:00:00,Completed,Respiratory symptoms
1300,873,30,2025-08-10,16:00:00,No-show,Hearing concern
1301,763,28,2025-11-16,08:15:00,Completed,Routine consultation
1302,646,22,2024-04-11,12:45:00,Cancelled,Test review
1303,468,17,2025-01-02,18:30:00,Completed,Skin irritation
1304,284,29,2026-03-13,08:30:00,Completed,Hearing concern
1305,270,11,2024-08-02,16:30:00,Scheduled,Headache
1306,800,12,2026-05-14,15:00:00,Completed,Joint discomfort
1307,552,15,2024-11-20,12:00:00,Cancelled,Follow-up visit
1308,655,26,2024-11-16,17:45:00,Completed,Vision concern
1309,208,17,2026-05-26,15:30:00,Completed,Respiratory symptoms
1310,371,11,2026-09-09,10:30:00,Completed,Skin irritation
1311,596,20,2026-07-19,16:30:00,Scheduled,Child wellness visit
1312,183,26,2025-09-25,09:15:00,Completed,Test review
1313,613,26,2026-05-22,12:15:00,Scheduled,Child wellness visit
1314,363,26,2024-05-16,14:00:00,Cancelled,Test review
1315,835,19,2025-09-20,17:00:00,Completed,Skin irritation
1316,454,3,2024-09-08,16:15:00,Completed,Annual check-up
1317,27,32,2024-08-17,11:15:00,Cancelled,Respiratory symptoms
1318,664,14,2024-05-28,08:30:00,Completed,Routine consultation
1319,879,31,2026-05-08,15:45:00,Completed,Joint discomfort
1320,197,27,2024-07-09,16:45:00,Completed,Vision concern
1321,765,17,2025-12-24,13:30:00,Completed,Headache
1322,241,21,2025-07-07,13:00:00,No-show,Persistent pain
1323,330,16,2026-03-25,16:15:00,Completed,Child wellness visit
1324,726,31,2025-07-02,13:00:00,Cancelled,Joint discomfort
1325,234,23,2026-01-04,18:15:00,Completed,Joint discomfort
1326,857,4,2025-04-16,17:45:00,Completed,Vision concern
1327,67,11,2024-01-23,16:45:00,Completed,Routine consultation
1328,356,31,2026-06-07,10:00:00,Scheduled,Follow-up visit
1329,737,18,2025-08-06,12:00:00,Scheduled,Respiratory symptoms
1330,442,9,2025-02-09,11:45:00,Completed,Test review
1331,691,20,2024-12-04,11:45:00,Completed,Child wellness visit
1332,698,21,2026-06-02,08:00:00,Scheduled,Headache
1333,602,8,2026-03-04,09:00:00,Completed,Test review
1334,166,13,2024-09-11,17:15:00,Cancelled,Routine consultation
1335,665,32,2026-01-16,09:30:00,Completed,Vision concern
1336,588,25,2026-04-04,14:45:00,Scheduled,Persistent pain
1337,868,22,2024-07-06,09:30:00,Completed,Test review
1338,441,17,2025-05-26,09:15:00,Completed,Skin irritation
1339,233,23,2025-10-24,18:00:00,Completed,Follow-up visit
1340,537,17,2024-01-21,17:00:00,No-show,Routine consultation
1341,700,24,2024-04-07,10:00:00,No-show,Child wellness visit
1342,13,1,2024-11-30,14:30:00,Completed,Joint discomfort
1343,577,24,2026-05-29,09:15:00,Completed,Joint discomfort
1344,511,12,2025-07-02,11:30:00,Completed,Hearing concern
1345,159,24,2025-08-10,10:45:00,Scheduled,Persistent pain
1346,520,10,2026-04-13,15:00:00,Completed,Child wellness visit
1347,813,8,2026-04-06,12:30:00,Completed,Hearing concern
1348,185,34,2024-06-20,09:45:00,Completed,Persistent pain
1349,628,22,2026-08-18,15:45:00,Scheduled,Follow-up visit
1350,685,5,2024-12-12,11:30:00,Completed,Respiratory symptoms
1351,193,26,2024-02-12,13:00:00,Cancelled,Respiratory symptoms
1352,831,7,2026-05-18,16:00:00,Completed,Headache
1353,540,35,2025-06-18,14:15:00,Completed,Persistent pain
1354,459,13,2024-10-26,18:45:00,Completed,Vision concern
1355,85,32,2024-01-25,15:00:00,Completed,Respiratory symptoms
1356,625,25,2024-11-09,15:30:00,Scheduled,Test review
1357,57,34,2026-05-01,08:15:00,No-show,Annual check-up
1358,602,35,2024-06-26,18:30:00,Scheduled,Child wellness visit
1359,29,4,2026-09-16,12:45:00,Completed,Child wellness visit
1360,54,28,2026-01-26,16:15:00,Completed,Hearing concern
1361,716,3,2026-07-21,11:00:00,Completed,Persistent pain
1362,227,21,2024-03-15,11:45:00,Completed,Hearing concern
1363,628,1,2024-02-16,14:15:00,Cancelled,Follow-up visit
1364,298,1,2026-07-15,11:30:00,No-show,Vision concern
1365,847,15,2025-01-15,14:00:00,Completed,Joint discomfort
1366,253,17,2026-06-22,14:30:00,Completed,Hearing concern
1367,755,18,2025-02-23,08:45:00,Cancelled,Vision concern
1368,285,13,2026-04-16,15:30:00,Completed,Hearing concern
1369,710,26,2024-02-12,15:15:00,Completed,Skin irritation
1370,73,8,2024-04-28,10:45:00,Completed,Child wellness visit
1371,336,11,2026-08-24,12:45:00,Completed,Annual check-up
1372,292,17,2024-04-21,09:45:00,Cancelled,Skin irritation
1373,89,32,2024-07-24,10:00:00,Completed,Follow-up visit
1374,115,15,2024-02-08,14:15:00,Completed,Test review
1375,826,5,2024-09-04,14:30:00,Completed,Persistent pain
1376,453,3,2025-11-09,16:15:00,Scheduled,Test review
1377,326,3,2025-08-05,08:15:00,Completed,Annual check-up
1378,180,23,2025-04-18,11:00:00,Completed,Persistent pain
1379,299,33,2024-03-06,11:15:00,Completed,Headache
1380,674,29,2024-01-26,15:00:00,Cancelled,Joint discomfort
1381,542,19,2025-07-24,10:15:00,Completed,Headache
1382,59,8,2025-12-02,09:45:00,Completed,Routine consultation
1383,634,11,2026-01-11,13:30:00,Completed,Follow-up visit
1384,701,15,2024-01-07,14:00:00,Completed,Vision concern
1385,788,8,2026-05-27,11:00:00,Completed,Follow-up visit
1386,21,31,2026-08-17,17:45:00,Completed,Joint discomfort
1387,397,29,2026-07-21,11:45:00,Completed,Headache
1388,652,30,2025-05-05,10:45:00,Completed,Headache
1389,230,10,2024-10-20,18:15:00,No-show,Vision concern
1390,264,11,2025-01-11,08:45:00,Cancelled,Persistent pain
1391,44,30,2025-02-24,16:15:00,No-show,Persistent pain
1392,861,23,2024-08-01,14:45:00,Cancelled,Respiratory symptoms
1393,752,29,2025-03-30,14:45:00,Completed,Headache
1394,682,26,2024-05-16,16:15:00,Completed,Test review
1395,196,13,2026-08-28,18:30:00,Cancelled,Child wellness visit
1396,884,27,2025-01-18,18:30:00,Completed,Persistent pain
1397,482,7,2025-07-09,18:45:00,Completed,Joint discomfort
1398,423,4,2024-07-23,11:30:00,Completed,Persistent pain
1399,676,25,2026-08-17,16:45:00,Completed,Respiratory symptoms
1400,25,14,2025-01-30,17:15:00,Completed,Test review
1401,697,10,2025-10-18,14:15:00,Completed,Headache
1402,480,16,2026-06-07,10:45:00,Completed,Joint discomfort
1403,544,3,2025-11-23,09:00:00,Completed,Routine consultation
1404,883,4,2024-12-05,09:30:00,No-show,Headache
1405,208,10,2026-09-07,11:30:00,Cancelled,Headache
1406,639,21,2025-08-20,15:45:00,Completed,Persistent pain
1407,297,20,2024-04-13,16:15:00,Cancelled,Persistent pain
1408,168,27,2024-05-01,16:45:00,Completed,Child wellness visit
1409,644,31,2025-12-17,12:15:00,No-show,Hearing concern
1410,151,29,2024-04-09,08:15:00,Cancelled,Respiratory symptoms
1411,389,31,2024-06-23,08:30:00,No-show,Joint discomfort
1412,586,12,2025-04-03,08:45:00,No-show,Joint discomfort
1413,353,22,2024-03-28,13:00:00,Completed,Joint discomfort
1414,308,26,2026-07-27,10:00:00,No-show,Hearing concern
1415,202,21,2024-10-26,09:30:00,Completed,Respiratory symptoms
1416,17,27,2024-06-22,13:30:00,Completed,Annual check-up
1417,533,2,2025-05-16,13:15:00,Completed,Skin irritation
1418,718,20,2024-09-26,15:45:00,Completed,Annual check-up
1419,768,30,2025-11-06,09:30:00,Completed,Persistent pain
1420,893,1,2026-01-22,17:00:00,Completed,Skin irritation
1421,482,25,2025-02-01,08:30:00,Scheduled,Headache
1422,376,33,2026-05-24,14:45:00,Scheduled,Persistent pain
1423,355,17,2025-07-19,11:45:00,Completed,Follow-up visit
1424,461,6,2026-04-04,18:30:00,Cancelled,Follow-up visit
1425,24,9,2026-04-05,09:15:00,Completed,Headache
1426,67,10,2025-08-08,11:00:00,Cancelled,Routine consultation
1427,741,1,2026-01-24,13:00:00,Completed,Hearing concern
1428,893,30,2025-10-08,13:00:00,Completed,Routine consultation
1429,722,9,2024-07-23,09:15:00,Completed,Follow-up visit
1430,4,28,2026-03-21,18:15:00,Completed,Test review
1431,82,25,2024-11-24,18:15:00,Completed,Skin irritation
1432,726,32,2025-09-11,10:45:00,Completed,Hearing concern
1433,607,4,2025-03-29,10:00:00,Completed,Skin irritation
1434,270,10,2026-06-18,16:15:00,Scheduled,Test review
1435,780,5,2024-07-11,10:30:00,Scheduled,Skin irritation
1436,167,26,2025-10-12,17:30:00,Completed,Child wellness visit
1437,656,19,2024-08-11,14:30:00,Cancelled,Test review
1438,247,34,2024-01-08,18:30:00,Completed,Persistent pain
1439,67,4,2024-03-05,15:30:00,Cancelled,Routine consultation
1440,635,28,2024-03-22,18:45:00,Completed,Test review
1441,691,6,2024-11-22,17:30:00,Scheduled,Joint discomfort
1442,695,5,2025-08-05,12:30:00,Completed,Test review
1443,831,31,2025-01-14,15:30:00,Scheduled,Headache
1444,560,13,2024-08-21,17:15:00,Completed,Headache
1445,420,30,2026-06-20,15:30:00,No-show,Vision concern
1446,475,30,2025-04-08,10:15:00,Scheduled,Vision concern
1447,430,2,2026-06-13,10:30:00,Completed,Hearing concern
1448,153,26,2025-01-09,08:45:00,Scheduled,Hearing concern
1449,177,10,2025-08-30,10:15:00,Completed,Vision concern
1450,484,10,2024-10-04,13:15:00,Completed,Vision concern
1451,163,20,2026-04-29,16:30:00,Completed,Respiratory symptoms
1452,622,32,2025-03-19,14:15:00,Completed,Hearing concern
1453,62,23,2026-09-11,09:00:00,No-show,Test review
1454,489,19,2024-05-24,11:45:00,Cancelled,Vision concern
1455,503,1,2026-09-06,12:15:00,Completed,Annual check-up
1456,701,28,2025-09-18,09:15:00,Completed,Headache
1457,743,24,2026-04-06,10:30:00,Completed,Respiratory symptoms
1458,65,2,2025-04-02,13:45:00,Completed,Headache
1459,705,15,2026-07-20,13:45:00,Scheduled,Child wellness visit
1460,349,22,2025-12-16,11:15:00,No-show,Hearing concern
1461,587,15,2025-12-26,17:15:00,Cancelled,Skin irritation
1462,501,31,2026-06-30,08:30:00,Completed,Follow-up visit
1463,394,10,2025-09-30,13:00:00,Completed,Respiratory symptoms
1464,618,18,2024-03-09,15:45:00,Scheduled,Annual check-up
1465,729,10,2025-01-07,08:45:00,Completed,Hearing concern
1466,4,21,2024-12-30,17:45:00,Completed,Annual check-up
1467,328,32,2024-11-17,17:15:00,Cancelled,Hearing concern
1468,193,8,2024-10-29,08:15:00,Completed,Child wellness visit
1469,290,16,2026-03-20,14:45:00,Scheduled,Routine consultation
1470,306,17,2024-07-28,10:30:00,Completed,Hearing concern
1471,660,27,2024-03-21,13:45:00,Scheduled,Persistent pain
1472,458,25,2025-07-22,10:45:00,Scheduled,Follow-up visit
1473,281,30,2024-10-09,11:45:00,Completed,Joint discomfort
1474,132,21,2026-09-06,08:00:00,Completed,Headache
1475,566,31,2025-01-12,10:30:00,Cancelled,Vision concern
1476,564,2,2025-10-05,14:30:00,Completed,Headache
1477,628,3,2025-10-21,12:30:00,Completed,Joint discomfort
1478,41,33,2024-02-27,10:45:00,Completed,Follow-up visit
1479,144,10,2024-04-14,16:15:00,No-show,Skin irritation
1480,95,24,2026-09-22,13:30:00,Completed,Headache
1481,769,5,2025-05-19,14:00:00,Completed,Hearing concern
1482,809,26,2025-12-12,10:00:00,Cancelled,Respiratory symptoms
1483,163,8,2026-02-20,12:15:00,Completed,Hearing concern
1484,700,2,2024-02-23,18:15:00,Completed,Routine consultation
1485,225,15,2026-08-30,10:15:00,Completed,Headache
1486,397,26,2024-01-20,16:30:00,Completed,Hearing concern
1487,732,27,2025-07-17,09:00:00,Completed,Routine consultation
1488,214,15,2025-08-19,15:00:00,Completed,Follow-up visit
1489,596,24,2025-06-05,10:45:00,Completed,Child wellness visit
1490,8,19,2024-09-29,16:30:00,Completed,Persistent pain
1491,855,13,2026-02-11,17:30:00,Completed,Headache
1492,267,26,2024-05-02,18:30:00,Completed,Respiratory symptoms
1493,618,33,2026-02-27,14:15:00,Completed,Routine consultation
1494,397,7,2026-01-30,11:15:00,Scheduled,Test review
1495,766,20,2026-05-02,18:15:00,Cancelled,Annual check-up
1496,370,30,2024-02-25,18:15:00,Completed,Annual check-up
1497,223,33,2024-01-25,12:00:00,Completed,Persistent pain
1498,882,22,2024-07-30,15:45:00,Scheduled,Respiratory symptoms
1499,401,11,2026-07-31,15:45:00,Completed,Annual check-up
1500,815,16,2024-03-20,17:00:00,Cancelled,Routine consultation
1501,635,4,2026-05-27,08:30:00,No-show,Annual check-up
1502,456,25,2026-01-16,17:15:00,Completed,Headache
1503,221,13,2026-09-21,14:30:00,Completed,Vision concern
1504,670,2,2024-10-31,08:00:00,Completed,Annual check-up
1505,468,14,2024-05-03,18:00:00,Cancelled,Respiratory symptoms
1506,179,1,2024-04-25,09:15:00,Completed,Joint discomfort
1507,712,18,2024-10-03,08:45:00,Completed,Test review
1508,157,14,2024-03-07,14:45:00,Completed,Respiratory symptoms
1509,443,30,2025-02-26,10:00:00,Completed,Routine consultation
1510,673,5,2026-09-09,12:30:00,Scheduled,Skin irritation
1511,822,18,2024-01-25,18:30:00,No-show,Skin irritation
1512,241,29,2026-04-09,08:00:00,Cancelled,Vision concern
1513,573,32,2026-03-21,11:00:00,Completed,Follow-up visit
1514,613,24,2025-04-12,15:15:00,Completed,Headache
1515,744,35,2024-05-29,13:30:00,Completed,Joint discomfort
1516,412,24,2025-04-23,13:30:00,Completed,Hearing concern
1517,770,32,2025-11-22,16:45:00,Completed,Vision concern
1518,89,17,2026-06-25,10:30:00,No-show,Hearing concern
1519,478,29,2026-02-10,16:15:00,Cancelled,Headache
1520,519,10,2025-09-05,13:15:00,Cancelled,Joint discomfort
1521,143,14,2026-04-24,14:00:00,Cancelled,Follow-up visit
1522,514,35,2024-02-12,16:00:00,Completed,Annual check-up
1523,564,11,2026-01-27,11:30:00,Completed,Headache
1524,750,24,2025-07-15,14:45:00,Completed,Headache
1525,768,27,2025-12-05,09:15:00,Completed,Respiratory symptoms
1526,160,13,2026-01-03,08:00:00,Completed,Follow-up visit
1527,712,20,2024-09-04,14:30:00,Cancelled,Child wellness visit
1528,654,7,2026-09-01,11:00:00,Completed,Annual check-up
1529,124,14,2024-07-09,18:00:00,Completed,Respiratory symptoms
1530,122,28,2026-08-25,13:45:00,Completed,Joint discomfort
1531,308,22,2025-02-01,13:15:00,Completed,Joint discomfort
1532,604,31,2025-10-12,17:00:00,Completed,Routine consultation
1533,512,21,2024-12-25,08:30:00,Scheduled,Vision concern
1534,771,35,2026-02-27,09:45:00,Scheduled,Joint discomfort
1535,360,32,2024-01-28,14:00:00,No-show,Follow-up visit
1536,487,17,2025-07-10,09:00:00,Completed,Test review
1537,647,7,2025-04-10,14:30:00,Completed,Respiratory symptoms
1538,36,21,2024-11-13,16:45:00,Completed,Vision concern
1539,98,1,2025-12-01,10:00:00,No-show,Respiratory symptoms
1540,71,33,2024-07-04,15:30:00,Scheduled,Vision concern
1541,821,35,2025-10-31,08:30:00,Completed,Test review
1542,530,32,2024-06-27,15:30:00,Cancelled,Routine consultation
1543,298,22,2025-03-12,09:15:00,No-show,Follow-up visit
1544,204,31,2025-05-12,11:00:00,Completed,Test review
1545,827,12,2026-03-02,14:00:00,Completed,Skin irritation
1546,349,32,2024-08-22,15:00:00,Completed,Persistent pain
1547,136,2,2025-03-24,15:30:00,Scheduled,Vision concern
1548,22,34,2026-07-08,13:00:00,Completed,Routine consultation
1549,286,28,2025-07-24,14:00:00,Completed,Annual check-up
1550,899,23,2025-05-01,14:15:00,Cancelled,Persistent pain
1551,124,2,2024-06-14,09:15:00,Completed,Respiratory symptoms
1552,676,35,2025-01-17,16:30:00,Completed,Hearing concern
1553,190,27,2024-04-28,16:00:00,Completed,Persistent pain
1554,308,9,2026-02-03,14:00:00,Completed,Child wellness visit
1555,808,1,2024-04-25,16:30:00,Completed,Routine consultation
1556,311,9,2024-11-23,11:45:00,Cancelled,Skin irritation
1557,680,31,2025-05-04,15:15:00,Completed,Vision concern
1558,567,35,2026-05-29,09:15:00,Completed,Child wellness visit
1559,149,5,2025-05-04,16:00:00,Completed,Skin irritation
1560,642,27,2026-05-09,18:30:00,No-show,Annual check-up
1561,417,4,2026-02-09,14:00:00,Cancelled,Vision concern
1562,29,13,2025-11-18,13:45:00,Completed,Skin irritation
1563,767,9,2025-05-05,17:45:00,Completed,Hearing concern
1564,162,16,2025-09-05,16:30:00,Completed,Follow-up visit
1565,444,2,2025-03-03,09:00:00,Scheduled,Persistent pain
1566,792,3,2025-01-13,12:45:00,Completed,Hearing concern
1567,827,22,2024-11-06,16:30:00,Cancelled,Respiratory symptoms
1568,524,32,2025-01-30,17:15:00,Completed,Follow-up visit
1569,709,32,2026-09-25,13:00:00,Completed,Annual check-up
1570,278,19,2025-08-31,16:15:00,Completed,Headache
1571,246,13,2024-12-22,12:15:00,Cancelled,Child wellness visit
1572,693,27,2024-10-12,12:45:00,Completed,Skin irritation
1573,787,9,2026-04-01,12:15:00,Scheduled,Headache
1574,730,35,2025-07-20,13:15:00,Scheduled,Joint discomfort
1575,533,12,2024-04-30,12:15:00,Completed,Hearing concern
1576,851,22,2024-07-06,18:45:00,Completed,Vision concern
1577,496,18,2026-08-12,17:45:00,Completed,Persistent pain
1578,261,5,2024-09-15,09:45:00,Cancelled,Vision concern
1579,4,5,2024-07-12,12:45:00,Completed,Child wellness visit
1580,598,18,2025-06-07,17:45:00,Completed,Routine consultation
1581,438,32,2025-09-01,09:45:00,Completed,Headache
1582,123,9,2024-07-04,09:30:00,Scheduled,Routine consultation
1583,43,5,2024-10-11,09:30:00,Completed,Follow-up visit
1584,761,28,2024-07-28,08:00:00,Completed,Headache
1585,640,18,2024-10-18,14:15:00,Completed,Joint discomfort
1586,619,18,2026-08-08,16:30:00,Cancelled,Persistent pain
1587,24,21,2026-02-19,11:15:00,Cancelled,Vision concern
1588,209,35,2025-09-23,08:15:00,Completed,Test review
1589,629,18,2026-04-08,15:00:00,Completed,Vision concern
1590,227,16,2025-04-15,17:15:00,Cancelled,Skin irritation
1591,287,7,2024-01-04,11:30:00,Completed,Joint discomfort
1592,870,25,2025-04-01,11:15:00,Completed,Follow-up visit
1593,419,29,2025-03-29,10:45:00,Cancelled,Vision concern
1594,24,35,2026-02-22,12:15:00,Cancelled,Respiratory symptoms
1595,448,34,2024-12-16,13:00:00,Completed,Joint discomfort
1596,398,29,2025-09-13,11:30:00,Completed,Follow-up visit
1597,616,25,2024-06-21,14:15:00,Completed,Headache
1598,415,18,2024-09-11,12:15:00,Completed,Respiratory symptoms
1599,25,16,2025-10-22,09:45:00,Scheduled,Routine consultation
1600,399,23,2025-01-03,14:00:00,Completed,Test review
1601,457,28,2024-04-01,14:30:00,Completed,Annual check-up
1602,376,17,2025-05-05,10:15:00,Completed,Joint discomfort
1603,661,34,2025-09-05,16:15:00,Cancelled,Vision concern
1604,374,4,2026-02-17,11:00:00,Scheduled,Persistent pain
1605,95,4,2024-09-13,09:30:00,Completed,Annual check-up
1606,146,28,2024-10-12,10:15:00,Completed,Persistent pain
1607,534,5,2024-08-25,09:00:00,Completed,Test review
1608,181,19,2025-07-15,15:45:00,Cancelled,Skin irritation
1609,18,13,2025-09-09,09:00:00,Scheduled,Annual check-up
1610,837,12,2025-06-30,09:45:00,Completed,Headache
1611,741,12,2024-06-05,16:15:00,Completed,Routine consultation
1612,334,11,2026-02-23,12:00:00,Completed,Routine consultation
1613,404,9,2024-06-20,08:45:00,Completed,Persistent pain
1614,248,24,2025-08-10,12:45:00,Completed,Persistent pain
1615,728,8,2025-12-31,11:15:00,Completed,Routine consultation
1616,69,25,2024-05-19,08:30:00,Completed,Respiratory symptoms
1617,694,26,2025-07-17,16:45:00,Cancelled,Respiratory symptoms
1618,663,34,2024-12-28,17:45:00,Scheduled,Child wellness visit
1619,418,11,2025-05-30,15:15:00,Cancelled,Skin irritation
1620,76,24,2026-05-12,12:00:00,Completed,Vision concern
1621,392,25,2024-11-02,13:00:00,Completed,Skin irritation
1622,769,2,2024-08-08,14:15:00,Completed,Joint discomfort
1623,810,9,2025-10-26,12:45:00,Completed,Routine consultation
1624,233,29,2024-09-15,15:45:00,Completed,Respiratory symptoms
1625,381,14,2025-04-19,10:45:00,No-show,Skin irritation
1626,150,7,2024-10-29,13:00:00,Completed,Vision concern
1627,670,28,2024-03-20,17:30:00,Completed,Child wellness visit
1628,565,31,2024-02-11,15:00:00,Completed,Skin irritation
1629,318,33,2024-06-18,08:00:00,Completed,Test review
1630,576,18,2024-03-02,08:15:00,Completed,Headache
1631,25,29,2025-02-17,13:45:00,Completed,Headache
1632,292,24,2024-02-22,16:00:00,Cancelled,Respiratory symptoms
1633,444,33,2024-02-07,18:00:00,No-show,Persistent pain
1634,845,25,2024-12-04,18:45:00,Scheduled,Hearing concern
1635,274,10,2024-05-25,11:00:00,Completed,Annual check-up
1636,404,15,2024-02-12,08:30:00,Completed,Persistent pain
1637,200,27,2025-08-05,11:45:00,Scheduled,Persistent pain
1638,438,17,2026-07-27,11:00:00,No-show,Persistent pain
1639,880,3,2024-09-28,15:00:00,Completed,Persistent pain
1640,689,32,2024-04-26,09:45:00,Cancelled,Headache
1641,632,24,2026-05-21,15:30:00,Completed,Child wellness visit
1642,834,22,2025-10-08,18:30:00,Completed,Hearing concern
1643,699,34,2025-11-29,12:15:00,Completed,Routine consultation
1644,445,31,2024-10-05,13:30:00,Completed,Test review
1645,415,4,2026-09-01,17:30:00,Cancelled,Annual check-up
1646,110,10,2025-07-22,11:15:00,Cancelled,Skin irritation
1647,476,10,2026-08-06,09:30:00,Completed,Vision concern
1648,430,22,2024-11-02,09:15:00,Completed,Respiratory symptoms
1649,679,5,2026-03-04,13:00:00,Completed,Vision concern
1650,158,27,2025-04-29,08:30:00,No-show,Follow-up visit
1651,316,16,2025-05-13,15:45:00,Completed,Vision concern
1652,441,16,2024-10-20,11:15:00,Completed,Joint discomfort
1653,335,25,2026-05-23,09:00:00,Completed,Test review
1654,9,10,2025-07-07,14:45:00,Cancelled,Test review
1655,664,10,2024-02-22,08:45:00,Completed,Persistent pain
1656,299,24,2025-11-26,18:30:00,Completed,Follow-up visit
1657,42,11,2026-07-03,12:30:00,Completed,Joint discomfort
1658,85,3,2025-09-21,08:15:00,Scheduled,Vision concern
1659,844,32,2024-04-20,12:30:00,Completed,Child wellness visit
1660,74,19,2024-05-21,09:45:00,Completed,Annual check-up
1661,162,33,2024-04-08,15:15:00,Scheduled,Routine consultation
1662,403,22,2025-11-11,10:45:00,Cancelled,Headache
1663,522,20,2024-10-27,18:45:00,Completed,Skin irritation
1664,814,20,2025-11-13,13:15:00,Completed,Persistent pain
1665,721,10,2024-02-07,09:00:00,Completed,Follow-up visit
1666,152,7,2025-04-04,10:15:00,Scheduled,Annual check-up
1667,789,22,2025-12-05,13:15:00,Scheduled,Vision concern
1668,420,8,2026-08-10,18:30:00,No-show,Skin irritation
1669,485,3,2025-01-07,10:45:00,Completed,Follow-up visit
1670,51,3,2026-05-11,12:45:00,Completed,Respiratory symptoms
1671,475,26,2026-03-13,13:45:00,Completed,Headache
1672,764,28,2025-11-05,13:15:00,Completed,Persistent pain
1673,257,27,2024-04-05,15:30:00,Completed,Persistent pain
1674,246,33,2025-09-10,15:30:00,Cancelled,Test review
1675,185,27,2024-02-09,08:30:00,Scheduled,Joint discomfort
1676,382,22,2024-01-03,09:45:00,Scheduled,Child wellness visit
1677,207,14,2024-05-31,13:30:00,Completed,Child wellness visit
1678,605,13,2025-03-21,08:45:00,No-show,Joint discomfort
1679,561,19,2025-07-05,15:00:00,Completed,Routine consultation
1680,418,5,2025-04-30,14:45:00,Cancelled,Joint discomfort
1681,586,15,2026-08-03,13:15:00,Completed,Annual check-up
1682,668,3,2026-04-16,11:30:00,Completed,Routine consultation
1683,544,15,2024-02-11,11:45:00,Completed,Routine consultation
1684,441,4,2026-09-08,09:30:00,Completed,Child wellness visit
1685,427,2,2025-05-28,18:30:00,Scheduled,Hearing concern
1686,53,32,2025-08-17,11:30:00,Scheduled,Skin irritation
1687,399,22,2024-06-30,16:15:00,Completed,Vision concern
1688,82,22,2025-10-24,11:45:00,Completed,Persistent pain
1689,768,17,2024-06-22,18:30:00,Completed,Vision concern
1690,166,28,2024-07-27,10:30:00,Completed,Annual check-up
1691,317,35,2025-12-09,16:00:00,Completed,Persistent pain
1692,895,8,2026-05-23,08:15:00,Completed,Annual check-up
1693,184,8,2026-02-22,15:30:00,Completed,Child wellness visit
1694,477,33,2024-05-05,15:30:00,Scheduled,Headache
1695,808,6,2024-12-27,10:45:00,Cancelled,Child wellness visit
1696,257,2,2026-07-21,17:00:00,No-show,Persistent pain
1697,150,22,2024-06-13,16:15:00,Completed,Hearing concern
1698,360,2,2024-12-14,14:45:00,Completed,Child wellness visit
1699,795,26,2024-08-05,10:15:00,Completed,Respiratory symptoms
1700,793,5,2026-09-26,11:45:00,Completed,Respiratory symptoms
1701,397,21,2025-10-19,13:15:00,Cancelled,Routine consultation
1702,464,13,2024-01-04,17:30:00,Completed,Hearing concern
1703,382,22,2025-03-01,08:30:00,Cancelled,Follow-up visit
1704,138,7,2025-08-31,16:00:00,Completed,Respiratory symptoms
1705,507,22,2024-05-02,17:00:00,Scheduled,Hearing concern
1706,325,16,2024-11-15,16:45:00,Completed,Follow-up visit
1707,57,20,2025-11-11,10:30:00,Cancelled,Persistent pain
1708,288,22,2026-05-20,14:00:00,No-show,Headache
1709,77,32,2024-11-11,12:45:00,Completed,Annual check-up
1710,336,12,2025-12-29,09:15:00,No-show,Joint discomfort
1711,614,7,2025-01-06,09:00:00,No-show,Headache
1712,326,8,2024-07-06,17:15:00,Completed,Follow-up visit
1713,238,4,2024-10-10,12:00:00,Cancelled,Child wellness visit
1714,592,35,2024-10-31,16:30:00,Completed,Vision concern
1715,771,3,2024-11-15,14:00:00,Completed,Annual check-up
1716,759,4,2024-05-20,09:00:00,No-show,Joint discomfort
1717,5,7,2026-07-01,15:00:00,Completed,Headache
1718,416,35,2024-04-19,12:15:00,Completed,Child wellness visit
1719,814,16,2024-03-24,13:15:00,Completed,Joint discomfort
1720,718,7,2025-10-07,08:45:00,Completed,Test review
1721,130,11,2026-01-25,18:15:00,No-show,Routine consultation
1722,698,34,2026-06-15,12:15:00,Completed,Skin irritation
1723,61,28,2024-08-04,17:45:00,Completed,Child wellness visit
1724,300,23,2024-05-19,14:45:00,Cancelled,Annual check-up
1725,276,16,2025-09-23,09:45:00,Completed,Joint discomfort
1726,510,1,2026-09-28,09:45:00,Completed,Test review
1727,260,9,2025-08-13,10:00:00,No-show,Skin irritation
1728,136,3,2024-08-24,11:00:00,Scheduled,Hearing concern
1729,405,9,2026-09-15,11:30:00,No-show,Joint discomfort
1730,3,14,2026-01-04,09:00:00,Completed,Headache
1731,212,29,2024-05-27,10:00:00,Cancelled,Headache
1732,421,25,2025-11-06,16:30:00,Completed,Skin irritation
1733,879,10,2024-07-30,14:30:00,Completed,Hearing concern
1734,879,16,2025-05-16,15:30:00,Completed,Annual check-up
1735,4,28,2025-04-19,10:00:00,Scheduled,Routine consultation
1736,767,30,2025-06-20,12:15:00,Completed,Annual check-up
1737,145,19,2024-10-13,10:45:00,Scheduled,Respiratory symptoms
1738,805,34,2024-03-07,17:45:00,Completed,Hearing concern
1739,230,29,2024-07-24,12:45:00,No-show,Annual check-up
1740,165,31,2024-08-13,15:15:00,Completed,Skin irritation
1741,661,32,2025-01-28,11:15:00,Completed,Test review
1742,380,34,2024-09-17,09:30:00,Cancelled,Child wellness visit
1743,819,20,2026-02-03,14:00:00,Completed,Follow-up visit
1744,248,19,2024-09-15,11:15:00,Completed,Child wellness visit
1745,4,10,2026-09-08,08:30:00,Scheduled,Child wellness visit
1746,430,22,2024-01-02,15:15:00,Completed,Test review
1747,314,28,2024-09-14,12:15:00,Completed,Hearing concern
1748,863,23,2024-04-08,14:45:00,Completed,Skin irritation
1749,333,3,2026-05-28,13:30:00,Completed,Skin irritation
1750,546,22,2025-05-19,11:45:00,No-show,Routine consultation
1751,707,5,2024-04-15,17:15:00,Completed,Routine consultation
1752,210,30,2025-02-26,16:00:00,Completed,Child wellness visit
1753,452,9,2024-08-14,11:15:00,Completed,Routine consultation
1754,263,1,2026-07-29,17:45:00,Completed,Annual check-up
1755,659,29,2026-07-03,11:00:00,Completed,Skin irritation
1756,627,8,2024-04-05,12:15:00,Completed,Test review
1757,284,35,2024-06-20,18:00:00,No-show,Respiratory symptoms
1758,837,14,2026-03-25,14:30:00,Completed,Child wellness visit
1759,597,15,2026-08-05,17:30:00,Completed,Test review
1760,358,23,2026-02-10,15:15:00,Completed,Follow-up visit
1761,643,2,2025-11-14,12:15:00,Completed,Persistent pain
1762,240,3,2026-01-20,10:15:00,Cancelled,Skin irritation
1763,136,19,2025-04-16,08:45:00,Completed,Persistent pain
1764,33,8,2026-01-13,11:30:00,Completed,Annual check-up
1765,855,28,2024-06-06,09:15:00,Completed,Routine consultation
1766,176,24,2024-02-05,16:15:00,Scheduled,Vision concern
1767,112,6,2026-02-21,10:15:00,Completed,Vision concern
1768,112,28,2024-08-22,10:30:00,Scheduled,Test review
1769,569,34,2026-08-30,17:30:00,Cancelled,Persistent pain
1770,849,35,2025-11-07,17:15:00,No-show,Vision concern
1771,177,29,2024-10-12,13:30:00,Completed,Test review
1772,818,2,2024-07-19,14:30:00,Completed,Child wellness visit
1773,477,6,2026-06-14,17:00:00,Scheduled,Persistent pain
1774,56,15,2026-01-24,16:00:00,Completed,Vision concern
1775,666,9,2024-02-24,16:15:00,Completed,Skin irritation
1776,819,9,2024-09-03,08:00:00,Completed,Child wellness visit
1777,86,22,2025-06-21,16:00:00,Completed,Headache
1778,563,9,2026-04-27,10:00:00,Completed,Skin irritation
1779,144,15,2025-12-16,18:00:00,Completed,Joint discomfort
1780,453,5,2025-03-08,18:00:00,Scheduled,Headache
1781,472,11,2025-11-28,12:30:00,Completed,Routine consultation
1782,799,2,2026-03-04,18:00:00,Cancelled,Test review
1783,32,6,2024-11-26,10:00:00,Completed,Skin irritation
1784,493,7,2025-03-25,16:30:00,Completed,Hearing concern
1785,767,2,2026-01-06,10:30:00,Completed,Hearing concern
1786,118,33,2025-10-23,12:30:00,Completed,Follow-up visit
1787,559,10,2025-09-06,18:45:00,Completed,Child wellness visit
1788,787,5,2024-06-03,10:30:00,Completed,Routine consultation
1789,322,25,2025-04-25,08:45:00,Completed,Routine consultation
1790,614,4,2024-01-03,18:30:00,Cancelled,Vision concern
1791,354,22,2024-03-31,13:30:00,Completed,Vision concern
1792,387,8,2024-08-29,14:15:00,Scheduled,Child wellness visit
1793,234,21,2025-01-13,18:00:00,Completed,Persistent pain
1794,804,25,2026-01-17,08:00:00,Completed,Routine consultation
1795,417,14,2024-09-03,14:45:00,Completed,Routine consultation
1796,791,34,2024-07-08,10:00:00,Completed,Routine consultation
1797,126,26,2024-09-15,16:00:00,Cancelled,Child wellness visit
1798,757,1,2024-09-24,18:30:00,No-show,Hearing concern
1799,182,31,2025-05-25,11:15:00,Completed,Skin irritation
1800,542,5,2025-02-13,12:15:00,Completed,Follow-up visit
1801,145,26,2025-09-25,18:30:00,Scheduled,Child wellness visit
1802,586,20,2025-02-21,12:15:00,Completed,Vision concern
1803,775,9,2025-01-12,16:45:00,Completed,Annual check-up
1804,797,17,2024-03-25,15:00:00,Cancelled,Annual check-up
1805,647,25,2024-06-09,13:30:00,Scheduled,Routine consultation
1806,192,26,2026-03-18,11:30:00,Completed,Hearing concern
1807,192,19,2024-07-15,08:00:00,Completed,Annual check-up
1808,422,18,2026-06-02,12:00:00,Scheduled,Test review
1809,112,24,2024-09-04,16:15:00,Cancelled,Annual check-up
1810,340,9,2025-04-21,17:00:00,Completed,Headache
1811,39,19,2025-12-04,18:00:00,No-show,Annual check-up
1812,245,14,2026-07-27,11:15:00,No-show,Headache
1813,199,34,2024-09-20,17:30:00,Cancelled,Follow-up visit
1814,405,15,2026-04-06,10:00:00,Completed,Test review
1815,615,30,2025-06-22,15:00:00,Completed,Joint discomfort
1816,204,16,2025-08-30,09:15:00,Completed,Persistent pain
1817,415,21,2024-08-19,08:45:00,Cancelled,Test review
1818,79,6,2026-07-29,17:45:00,Scheduled,Headache
1819,399,7,2025-04-17,16:45:00,Scheduled,Test review
1820,885,34,2026-07-02,08:00:00,Cancelled,Skin irritation
1821,841,2,2026-04-10,08:00:00,Completed,Vision concern
1822,115,9,2026-05-07,17:00:00,Completed,Vision concern
1823,342,31,2025-10-14,15:30:00,Scheduled,Joint discomfort
1824,123,27,2026-07-27,08:15:00,Completed,Joint discomfort
1825,812,23,2024-05-17,08:00:00,Completed,Follow-up visit
1826,828,8,2026-06-10,16:30:00,Completed,Annual check-up
1827,232,15,2025-02-10,16:45:00,Completed,Routine consultation
1828,601,9,2026-02-13,14:15:00,Completed,Test review
1829,162,14,2025-09-13,17:15:00,Completed,Respiratory symptoms
1830,282,22,2024-12-11,14:00:00,Completed,Routine consultation
1831,713,19,2024-05-13,16:45:00,No-show,Routine consultation
1832,850,24,2025-10-07,08:30:00,Completed,Vision concern
1833,439,28,2026-09-16,08:00:00,Completed,Persistent pain
1834,437,2,2026-08-19,08:15:00,Cancelled,Routine consultation
1835,533,14,2025-01-04,14:45:00,Cancelled,Follow-up visit
1836,838,2,2025-01-30,10:45:00,Completed,Test review
1837,218,7,2026-09-02,10:15:00,Completed,Headache
1838,365,4,2026-04-17,14:15:00,Completed,Follow-up visit
1839,498,32,2025-03-10,16:15:00,Completed,Child wellness visit
1840,852,17,2024-10-24,08:00:00,Completed,Child wellness visit
1841,6,34,2025-04-03,11:30:00,Completed,Respiratory symptoms
1842,884,34,2024-05-19,14:00:00,Completed,Hearing concern
1843,384,8,2024-02-24,09:30:00,Completed,Test review
1844,19,4,2025-06-03,13:00:00,Cancelled,Annual check-up
1845,588,12,2026-08-15,08:45:00,No-show,Joint discomfort
1846,827,11,2025-02-16,17:45:00,Scheduled,Joint discomfort
1847,828,25,2026-06-09,18:30:00,Cancelled,Hearing concern
1848,620,30,2024-04-01,16:30:00,Completed,Headache
1849,594,25,2025-10-14,17:15:00,Completed,Joint discomfort
1850,106,19,2024-01-22,16:30:00,Completed,Skin irritation
1851,180,13,2024-04-20,10:15:00,Completed,Persistent pain
1852,795,28,2025-02-17,17:00:00,Completed,Test review
1853,24,31,2024-06-07,14:00:00,Completed,Vision concern
1854,32,29,2024-06-27,11:30:00,Completed,Test review
1855,234,34,2025-09-13,11:30:00,Completed,Joint discomfort
1856,371,16,2026-07-09,16:15:00,Completed,Child wellness visit
1857,776,2,2026-05-06,12:00:00,Cancelled,Vision concern
1858,680,8,2024-05-25,17:45:00,Completed,Child wellness visit
1859,824,10,2025-02-19,17:30:00,Completed,Persistent pain
1860,445,18,2024-04-05,16:45:00,Completed,Headache
1861,417,5,2026-08-03,11:00:00,Completed,Vision concern
1862,101,10,2026-02-23,11:30:00,Completed,Follow-up visit
1863,258,13,2026-03-06,12:45:00,Completed,Skin irritation
1864,602,20,2026-05-20,16:30:00,Completed,Routine consultation
1865,876,2,2026-05-02,10:45:00,Scheduled,Routine consultation
1866,7,33,2025-03-20,17:45:00,Cancelled,Vision concern
1867,65,4,2024-04-29,14:15:00,Completed,Hearing concern
1868,198,22,2026-04-23,08:00:00,No-show,Vision concern
1869,541,4,2025-09-18,18:30:00,Completed,Hearing concern
1870,622,5,2026-05-28,13:00:00,Completed,Persistent pain
1871,884,34,2024-07-19,17:45:00,Completed,Hearing concern
1872,148,4,2026-01-17,13:15:00,Completed,Annual check-up
1873,18,32,2025-03-27,15:30:00,Completed,Routine consultation
1874,732,29,2026-06-25,10:45:00,Scheduled,Vision concern
1875,688,9,2025-09-02,10:30:00,Completed,Follow-up visit
1876,764,32,2026-01-12,18:45:00,No-show,Routine consultation
1877,165,5,2026-02-26,12:00:00,Completed,Child wellness visit
1878,691,35,2024-09-26,09:15:00,Completed,Respiratory symptoms
1879,238,6,2026-08-17,10:30:00,Completed,Persistent pain
1880,208,23,2026-07-26,14:00:00,Completed,Follow-up visit
1881,476,1,2024-07-28,10:00:00,Completed,Persistent pain
1882,1,25,2024-04-25,11:45:00,Completed,Child wellness visit
1883,686,21,2024-05-15,15:45:00,Completed,Headache
1884,386,8,2024-07-13,11:45:00,Completed,Hearing concern
1885,559,19,2024-11-10,12:00:00,Scheduled,Persistent pain
1886,886,21,2024-02-18,10:45:00,Completed,Routine consultation
1887,838,7,2025-03-17,12:30:00,No-show,Skin irritation
1888,463,14,2025-11-29,12:00:00,Completed,Child wellness visit
1889,111,10,2026-07-15,15:45:00,Completed,Persistent pain
1890,192,5,2024-01-15,10:00:00,Cancelled,Joint discomfort
1891,550,12,2024-04-14,18:15:00,Completed,Vision concern
1892,176,35,2024-12-14,15:45:00,Completed,Vision concern
1893,888,15,2026-06-14,16:15:00,Cancelled,Child wellness visit
1894,182,35,2025-11-28,13:45:00,Completed,Skin irritation
1895,587,29,2026-09-09,08:45:00,Scheduled,Joint discomfort
1896,558,28,2025-02-16,18:00:00,Completed,Test review
1897,63,26,2026-05-31,15:15:00,Cancelled,Child wellness visit
1898,799,10,2026-05-30,08:30:00,Scheduled,Vision concern
1899,554,10,2024-03-27,18:15:00,Completed,Hearing concern
1900,358,21,2025-11-21,10:00:00,No-show,Hearing concern
1901,895,24,2024-01-16,13:45:00,No-show,Hearing concern
1902,272,26,2025-08-06,10:00:00,Completed,Persistent pain
1903,75,9,2024-12-01,17:45:00,No-show,Joint discomfort
1904,41,35,2026-03-02,18:30:00,Completed,Joint discomfort
1905,624,35,2024-10-22,16:00:00,No-show,Persistent pain
1906,39,22,2026-03-28,08:15:00,Completed,Child wellness visit
1907,444,17,2025-06-03,12:15:00,Completed,Joint discomfort
1908,346,33,2025-07-20,18:00:00,Completed,Annual check-up
1909,356,29,2025-10-03,16:45:00,No-show,Routine consultation
1910,712,29,2024-04-03,13:15:00,Completed,Child wellness visit
1911,412,29,2025-02-03,15:15:00,Completed,Hearing concern
1912,192,2,2026-08-14,17:45:00,Completed,Follow-up visit
1913,629,5,2026-01-06,18:45:00,Completed,Child wellness visit
1914,505,25,2025-07-08,10:45:00,Completed,Test review
1915,866,10,2026-05-07,10:30:00,Completed,Skin irritation
1916,506,3,2026-03-20,18:30:00,Scheduled,Routine consultation
1917,409,12,2025-11-29,18:15:00,Completed,Test review
1918,276,2,2025-11-10,13:45:00,Completed,Joint discomfort
1919,340,30,2025-08-05,08:00:00,Completed,Persistent pain
1920,287,35,2024-06-29,13:30:00,Completed,Persistent pain
1921,537,26,2025-04-16,17:45:00,Completed,Headache
1922,847,19,2024-07-09,18:15:00,Completed,Persistent pain
1923,700,35,2026-01-27,17:30:00,Scheduled,Skin irritation
1924,888,13,2025-07-13,17:00:00,Completed,Persistent pain
1925,267,6,2025-12-01,18:30:00,Completed,Headache
1926,740,31,2024-07-01,13:45:00,Completed,Joint discomfort
1927,176,26,2026-08-26,17:15:00,Cancelled,Skin irritation
1928,352,34,2025-09-14,18:30:00,Completed,Child wellness visit
1929,109,26,2025-01-13,13:00:00,No-show,Respiratory symptoms
1930,532,17,2026-09-06,14:30:00,Completed,Headache
1931,775,32,2026-03-02,18:30:00,Cancelled,Skin irritation
1932,8,13,2024-11-09,18:00:00,Cancelled,Child wellness visit
1933,845,5,2026-08-06,09:45:00,Completed,Persistent pain
1934,49,13,2025-06-18,13:15:00,Completed,Routine consultation
1935,89,24,2024-08-03,14:30:00,Completed,Annual check-up
1936,465,7,2024-11-30,13:15:00,Completed,Test review
1937,178,24,2025-09-26,11:45:00,Completed,Child wellness visit
1938,100,16,2026-03-28,14:45:00,Cancelled,Routine consultation
1939,17,18,2026-09-02,10:00:00,Completed,Follow-up visit
1940,37,23,2024-06-30,15:45:00,Completed,Follow-up visit
1941,713,34,2025-04-29,16:00:00,Completed,Persistent pain
1942,776,31,2024-01-07,12:30:00,Completed,Child wellness visit
1943,540,23,2025-02-15,10:15:00,No-show,Child wellness visit
1944,829,28,2025-03-02,08:30:00,Cancelled,Joint discomfort
1945,519,27,2026-03-22,15:45:00,Completed,Persistent pain
1946,142,32,2025-12-24,13:30:00,No-show,Hearing concern
1947,287,35,2025-10-09,13:45:00,No-show,Headache
1948,807,19,2024-07-01,16:15:00,Completed,Joint discomfort
1949,122,6,2026-04-11,14:30:00,Completed,Routine consultation
1950,41,3,2024-06-08,12:30:00,Completed,Joint discomfort
1951,663,15,2024-03-15,11:15:00,Completed,Follow-up visit
1952,819,21,2026-06-08,13:00:00,Completed,Headache
1953,349,31,2024-02-04,16:15:00,Completed,Vision concern
1954,569,12,2025-11-29,09:30:00,Completed,Child wellness visit
1955,538,25,2025-01-30,17:45:00,Completed,Test review
1956,228,28,2025-04-04,18:45:00,Scheduled,Annual check-up
1957,659,27,2024-06-02,08:15:00,Completed,Child wellness visit
1958,757,11,2026-07-30,13:30:00,Completed,Follow-up visit
1959,539,14,2026-04-04,10:00:00,Scheduled,Skin irritation
1960,857,5,2024-05-09,11:15:00,Cancelled,Hearing concern
1961,8,20,2025-10-01,09:00:00,Completed,Routine consultation
1962,93,34,2024-09-07,14:30:00,Completed,Skin irritation
1963,735,30,2024-12-19,08:15:00,Scheduled,Vision concern
1964,532,6,2025-11-12,15:15:00,Scheduled,Headache
1965,492,30,2024-11-24,12:30:00,Completed,Annual check-up
1966,496,9,2025-01-23,10:00:00,Completed,Joint discomfort
1967,93,33,2026-04-16,18:45:00,Completed,Hearing concern
1968,568,16,2026-01-17,09:45:00,Completed,Persistent pain
1969,736,29,2026-09-10,09:45:00,Completed,Respiratory symptoms
1970,704,14,2024-07-22,15:15:00,No-show,Hearing concern
1971,597,12,2026-09-06,08:30:00,Completed,Persistent pain
1972,591,14,2026-01-28,14:15:00,No-show,Test review
1973,438,21,2025-11-04,17:00:00,Completed,Skin irritation
1974,567,10,2024-08-30,10:30:00,Completed,Test review
1975,251,35,2024-07-27,13:30:00,Completed,Follow-up visit
1976,501,30,2026-01-24,15:15:00,Completed,Vision concern
1977,297,16,2026-08-22,08:30:00,Completed,Annual check-up
1978,592,32,2025-09-17,09:15:00,Cancelled,Joint discomfort
1979,845,29,2024-01-03,10:15:00,Completed,Persistent pain
1980,57,22,2024-09-09,18:45:00,Scheduled,Respiratory symptoms
1981,737,8,2024-08-07,15:30:00,Completed,Child wellness visit
1982,532,16,2024-05-13,10:00:00,Cancelled,Follow-up visit
1983,138,24,2025-02-10,08:15:00,Completed,Routine consultation
1984,272,32,2025-09-13,18:45:00,Completed,Child wellness visit
1985,885,29,2024-12-23,18:15:00,Scheduled,Test review
1986,722,24,2025-11-14,16:30:00,Completed,Hearing concern
1987,548,26,2026-08-04,08:00:00,Completed,Annual check-up
1988,310,16,2026-08-02,14:00:00,Cancelled,Joint discomfort
1989,329,8,2025-04-16,09:30:00,Cancelled,Persistent pain
1990,216,6,2024-01-24,10:15:00,Scheduled,Test review
1991,601,23,2025-11-10,08:00:00,Completed,Respiratory symptoms
1992,284,33,2024-07-16,08:15:00,Cancelled,Joint discomfort
1993,426,31,2024-03-25,11:45:00,Completed,Follow-up visit
1994,149,26,2024-02-19,18:15:00,Scheduled,Follow-up visit
1995,213,11,2024-04-30,18:45:00,Completed,Hearing concern
1996,143,4,2024-04-27,17:00:00,Completed,Vision concern
1997,413,7,2024-05-12,10:00:00,Completed,Test review
1998,33,29,2024-05-19,13:45:00,No-show,Skin irritation
1999,638,14,2024-02-07,12:15:00,Completed,Headache
2000,214,35,2024-01-14,18:15:00,Completed,Hearing concern
2001,831,20,2026-03-06,16:00:00,Completed,Annual check-up
2002,181,7,2024-04-02,12:00:00,Scheduled,Hearing concern
2003,405,34,2024-05-23,13:00:00,Completed,Headache
2004,138,10,2025-09-02,12:45:00,Completed,Joint discomfort
2005,199,24,2026-09-17,13:45:00,Cancelled,Follow-up visit
2006,830,1,2026-04-04,11:30:00,Completed,Test review
2007,598,32,2026-04-23,08:00:00,Completed,Respiratory symptoms
2008,122,10,2024-10-09,11:45:00,No-show,Child wellness visit
2009,335,35,2025-01-10,14:30:00,Scheduled,Persistent pain
2010,218,2,2024-09-22,09:15:00,Completed,Respiratory symptoms
2011,56,28,2024-05-06,13:15:00,Completed,Child wellness visit
2012,507,18,2024-03-02,10:00:00,Completed,Test review
2013,88,28,2025-03-12,17:00:00,Completed,Persistent pain
2014,130,19,2025-06-27,18:00:00,Completed,Annual check-up
2015,885,11,2026-04-27,18:00:00,Completed,Test review
2016,888,19,2024-02-03,11:00:00,Completed,Joint discomfort
2017,372,26,2026-09-06,15:45:00,Completed,Annual check-up
2018,638,5,2025-01-14,15:30:00,Completed,Vision concern
2019,864,12,2026-08-26,11:30:00,Completed,Follow-up visit
2020,141,17,2025-04-17,14:00:00,Completed,Child wellness visit
2021,61,8,2026-03-27,16:00:00,Completed,Routine consultation
2022,826,27,2025-07-21,11:00:00,Completed,Annual check-up
2023,782,6,2025-05-15,10:45:00,Completed,Child wellness visit
2024,14,34,2024-04-09,18:30:00,Completed,Persistent pain
2025,607,2,2026-06-08,09:30:00,Scheduled,Respiratory symptoms
2026,87,13,2025-06-04,08:45:00,Completed,Skin irritation
2027,56,30,2025-12-30,11:30:00,Completed,Routine consultation
2028,833,19,2025-01-04,16:30:00,Completed,Skin irritation
2029,821,26,2024-06-28,09:15:00,Completed,Joint discomfort
2030,446,12,2024-12-23,16:30:00,Completed,Test review
2031,440,17,2025-05-23,08:15:00,Completed,Routine consultation
2032,342,13,2025-11-18,11:45:00,Completed,Respiratory symptoms
2033,261,28,2026-06-29,14:45:00,Cancelled,Follow-up visit
2034,362,5,2025-06-21,11:15:00,Scheduled,Respiratory symptoms
2035,20,3,2024-02-28,12:45:00,Completed,Follow-up visit
2036,319,22,2025-10-03,17:00:00,Scheduled,Follow-up visit
2037,52,29,2025-08-25,15:45:00,Completed,Annual check-up
2038,39,2,2026-02-05,18:30:00,Completed,Child wellness visit
2039,787,5,2026-04-20,17:30:00,Completed,Headache
2040,256,5,2024-11-20,10:00:00,Completed,Joint discomfort
2041,514,3,2026-04-07,17:30:00,Completed,Joint discomfort
2042,842,32,2026-08-09,14:45:00,Completed,Hearing concern
2043,67,13,2025-04-19,17:45:00,Scheduled,Vision concern
2044,392,19,2024-04-14,14:45:00,No-show,Persistent pain
2045,222,32,2024-10-20,08:45:00,Completed,Annual check-up
2046,255,15,2026-04-30,10:30:00,Completed,Skin irritation
2047,755,33,2025-11-16,17:30:00,Completed,Follow-up visit
2048,626,29,2026-04-06,08:00:00,Scheduled,Annual check-up
2049,170,28,2026-05-18,18:15:00,Completed,Respiratory symptoms
2050,53,33,2025-04-16,16:15:00,Completed,Vision concern
2051,57,11,2025-11-07,18:00:00,Completed,Hearing concern
2052,643,17,2024-04-07,16:00:00,Completed,Hearing concern
2053,719,33,2025-09-01,16:45:00,Cancelled,Follow-up visit
2054,86,29,2026-09-12,08:30:00,No-show,Child wellness visit
2055,32,5,2026-09-20,16:45:00,Cancelled,Annual check-up
2056,548,9,2024-06-13,09:45:00,No-show,Headache
2057,535,33,2026-01-25,11:45:00,No-show,Headache
2058,449,1,2025-07-06,10:00:00,Cancelled,Annual check-up
2059,554,3,2025-03-04,15:30:00,Completed,Follow-up visit
2060,849,12,2026-05-12,11:45:00,Completed,Annual check-up
2061,610,26,2024-04-03,18:00:00,No-show,Child wellness visit
2062,512,18,2026-03-21,10:45:00,Completed,Child wellness visit
2063,155,30,2026-01-13,14:45:00,Completed,Routine consultation
2064,274,3,2025-08-25,13:15:00,Scheduled,Annual check-up
2065,810,6,2026-03-20,17:45:00,Completed,Vision concern
2066,46,32,2026-07-10,16:15:00,Completed,Annual check-up
2067,691,15,2024-12-07,14:30:00,Completed,Respiratory symptoms
2068,595,26,2024-07-05,12:00:00,Cancelled,Vision concern
2069,719,19,2026-05-05,17:45:00,Completed,Skin irritation
2070,738,17,2026-08-16,17:45:00,Completed,Respiratory symptoms
2071,524,20,2024-06-04,09:45:00,Completed,Child wellness visit
2072,347,7,2025-01-30,10:15:00,No-show,Headache
2073,594,16,2026-04-25,18:45:00,Completed,Child wellness visit
2074,129,1,2025-05-29,17:15:00,Completed,Vision concern
2075,546,33,2024-08-21,17:00:00,Cancelled,Persistent pain
2076,265,26,2025-05-06,10:45:00,Completed,Follow-up visit
2077,436,2,2025-09-30,09:00:00,Completed,Skin irritation
2078,850,8,2025-08-23,11:30:00,Completed,Joint discomfort
2079,656,11,2026-04-20,11:45:00,Completed,Skin irritation
2080,487,27,2026-07-04,08:30:00,Completed,Skin irritation
2081,45,17,2024-11-24,16:00:00,Completed,Test review
2082,23,11,2025-01-03,12:30:00,Completed,Annual check-up
2083,128,7,2025-03-15,13:00:00,Cancelled,Test review
2084,297,18,2024-01-29,17:45:00,Completed,Follow-up visit
2085,482,31,2026-07-07,09:15:00,Scheduled,Joint discomfort
2086,552,35,2025-10-07,08:00:00,Cancelled,Respiratory symptoms
2087,854,10,2024-04-09,12:00:00,Completed,Vision concern
2088,530,7,2026-03-17,11:30:00,Completed,Vision concern
2089,642,25,2026-08-27,12:45:00,Completed,Child wellness visit
2090,633,16,2025-12-16,17:45:00,Scheduled,Child wellness visit
2091,451,20,2026-08-10,16:45:00,Completed,Test review
2092,888,6,2024-12-01,13:30:00,No-show,Hearing concern
2093,51,8,2024-05-07,17:15:00,Scheduled,Hearing concern
2094,185,4,2026-05-15,18:45:00,No-show,Skin irritation
2095,714,25,2026-06-29,08:30:00,Completed,Respiratory symptoms
2096,81,28,2025-11-30,08:15:00,Cancelled,Child wellness visit
2097,771,26,2024-07-31,14:30:00,Completed,Test review
2098,664,9,2024-04-12,16:30:00,Completed,Joint discomfort
2099,58,25,2025-05-12,08:00:00,Completed,Hearing concern
2100,667,20,2026-04-06,10:30:00,Completed,Joint discomfort
2101,257,12,2024-02-18,12:45:00,No-show,Hearing concern
2102,886,18,2026-03-15,16:45:00,Completed,Vision concern
2103,52,21,2026-03-19,14:30:00,Completed,Annual check-up
2104,323,28,2026-06-04,13:45:00,Scheduled,Headache
2105,551,2,2025-08-07,15:30:00,Scheduled,Skin irritation
2106,197,33,2026-04-04,17:00:00,Completed,Skin irritation
2107,878,24,2024-09-21,14:45:00,Scheduled,Hearing concern
2108,189,27,2024-12-10,12:00:00,Completed,Hearing concern
2109,343,23,2024-08-22,08:00:00,Scheduled,Hearing concern
2110,436,11,2026-05-26,10:00:00,Completed,Annual check-up
2111,186,29,2025-03-14,15:45:00,Completed,Persistent pain
2112,783,21,2025-09-19,09:45:00,Completed,Follow-up visit
2113,182,18,2025-12-27,09:00:00,Completed,Child wellness visit
2114,835,17,2025-06-30,16:45:00,No-show,Routine consultation
2115,779,35,2024-01-16,09:45:00,Completed,Vision concern
2116,493,32,2025-07-26,10:15:00,Cancelled,Persistent pain
2117,592,23,2025-03-30,08:30:00,Completed,Test review
2118,419,17,2026-05-23,10:45:00,Completed,Test review
2119,114,11,2024-02-24,11:30:00,Completed,Respiratory symptoms
2120,351,15,2025-03-16,13:45:00,Cancelled,Child wellness visit
2121,50,30,2025-07-21,13:15:00,Completed,Annual check-up
2122,527,12,2024-11-13,10:00:00,Completed,Test review
2123,770,15,2025-05-30,13:30:00,Completed,Annual check-up
2124,49,3,2025-11-23,14:30:00,Completed,Headache
2125,293,30,2024-12-12,10:15:00,Cancelled,Follow-up visit
2126,115,9,2026-08-25,11:15:00,No-show,Respiratory symptoms
2127,293,35,2025-09-21,15:00:00,Completed,Vision concern
2128,783,14,2024-09-05,18:30:00,Completed,Hearing concern
2129,761,11,2025-05-16,10:00:00,Completed,Child wellness visit
2130,552,25,2025-12-02,10:00:00,Cancelled,Headache
2131,732,1,2025-11-01,16:00:00,Cancelled,Follow-up visit
2132,622,25,2026-09-12,11:00:00,Completed,Test review
2133,651,13,2024-02-03,14:15:00,Completed,Child wellness visit
2134,516,10,2024-09-30,17:15:00,Completed,Skin irritation
2135,313,1,2024-02-06,18:00:00,Completed,Test review
2136,894,26,2025-03-27,15:30:00,Completed,Follow-up visit
2137,863,28,2024-12-19,10:30:00,Completed,Hearing concern
2138,369,17,2024-09-25,14:00:00,Cancelled,Skin irritation
2139,840,35,2026-06-19,13:00:00,Completed,Joint discomfort
2140,223,29,2025-12-22,16:00:00,Completed,Hearing concern
2141,667,21,2024-09-03,18:00:00,Completed,Respiratory symptoms
2142,515,33,2025-11-07,12:45:00,Cancelled,Joint discomfort
2143,594,28,2025-08-23,16:15:00,Cancelled,Test review
2144,614,4,2024-11-09,13:45:00,Completed,Persistent pain
2145,858,31,2024-04-17,12:45:00,Scheduled,Annual check-up
2146,386,15,2024-02-07,09:45:00,Scheduled,Persistent pain
2147,275,9,2026-07-15,11:15:00,Completed,Persistent pain
2148,534,16,2024-08-31,17:00:00,Completed,Follow-up visit
2149,662,32,2024-01-31,14:15:00,No-show,Joint discomfort
2150,216,12,2025-06-13,16:00:00,Scheduled,Child wellness visit
2151,218,11,2024-05-29,09:00:00,Cancelled,Routine consultation
2152,190,15,2024-06-28,08:00:00,Completed,Child wellness visit
2153,396,30,2025-03-20,14:00:00,Completed,Routine consultation
2154,521,31,2026-01-02,14:00:00,Completed,Follow-up visit
2155,838,19,2024-07-12,13:45:00,Scheduled,Annual check-up
2156,64,16,2026-07-08,16:30:00,No-show,Hearing concern
2157,250,6,2025-08-26,16:00:00,Scheduled,Annual check-up
2158,432,9,2024-07-18,13:30:00,Completed,Joint discomfort
2159,324,7,2024-02-05,08:15:00,Scheduled,Routine consultation
2160,469,26,2026-07-26,10:00:00,Completed,Annual check-up
2161,338,25,2025-03-24,09:30:00,Completed,Test review
2162,48,28,2025-03-19,18:45:00,Completed,Follow-up visit
2163,76,1,2026-07-15,18:45:00,Cancelled,Annual check-up
2164,889,6,2025-12-26,09:15:00,No-show,Routine consultation
2165,828,29,2025-07-08,13:00:00,Completed,Joint discomfort
2166,276,31,2024-02-12,16:00:00,Completed,Child wellness visit
2167,779,13,2025-03-16,14:15:00,Completed,Persistent pain
2168,387,35,2026-01-13,17:45:00,Completed,Joint discomfort
2169,471,1,2025-06-24,11:45:00,Completed,Child wellness visit
2170,651,8,2025-04-28,16:45:00,Scheduled,Follow-up visit
2171,373,2,2025-01-14,17:45:00,Completed,Respiratory symptoms
2172,865,5,2025-08-06,15:45:00,Completed,Joint discomfort
2173,243,9,2024-01-23,09:15:00,Completed,Test review
2174,783,23,2025-04-10,18:15:00,Completed,Annual check-up
2175,81,1,2026-02-18,17:30:00,No-show,Follow-up visit
2176,803,30,2025-01-04,13:30:00,No-show,Follow-up visit
2177,472,32,2025-04-12,12:00:00,Completed,Persistent pain
2178,500,19,2025-01-29,17:15:00,Scheduled,Follow-up visit
2179,555,10,2024-10-14,09:45:00,No-show,Vision concern
2180,273,12,2024-06-15,10:45:00,Completed,Joint discomfort
2181,77,29,2024-02-24,12:30:00,Completed,Persistent pain
2182,108,23,2025-11-28,12:30:00,Completed,Routine consultation
2183,327,28,2026-03-09,16:15:00,Completed,Joint discomfort
2184,145,9,2026-05-14,13:45:00,Cancelled,Test review
2185,589,2,2026-08-18,08:00:00,Completed,Skin irritation
2186,722,22,2025-02-23,12:00:00,Completed,Skin irritation
2187,848,9,2024-10-12,15:15:00,Completed,Child wellness visit
2188,626,21,2026-06-27,12:00:00,Completed,Respiratory symptoms
2189,533,34,2024-07-06,10:30:00,Scheduled,Skin irritation
2190,93,9,2025-03-05,09:45:00,No-show,Child wellness visit
2191,814,24,2024-01-07,15:00:00,Completed,Headache
2192,576,4,2024-04-03,09:30:00,No-show,Joint discomfort
2193,183,30,2026-06-26,09:00:00,Completed,Vision concern
2194,83,3,2026-01-31,13:15:00,No-show,Respiratory symptoms
2195,55,9,2024-07-23,08:00:00,Completed,Vision concern
2196,608,21,2025-11-27,08:00:00,No-show,Annual check-up
2197,718,6,2026-06-17,16:30:00,Completed,Headache
2198,716,19,2024-08-20,18:15:00,Scheduled,Child wellness visit
2199,480,27,2025-08-30,16:15:00,Cancelled,Vision concern
2200,353,9,2025-09-01,12:30:00,No-show,Follow-up visit
2201,424,6,2026-09-09,17:15:00,No-show,Skin irritation
2202,825,20,2026-04-10,16:00:00,Completed,Test review
2203,793,5,2024-02-06,12:30:00,Completed,Headache
2204,794,26,2024-08-15,18:15:00,Completed,Annual check-up
2205,219,24,2025-03-24,12:15:00,Completed,Persistent pain
2206,431,34,2024-03-02,14:30:00,No-show,Vision concern
2207,40,28,2025-04-03,11:15:00,No-show,Annual check-up
2208,307,35,2025-05-30,11:30:00,No-show,Headache
2209,820,15,2025-01-26,18:30:00,Completed,Persistent pain
2210,554,4,2024-12-04,13:00:00,Completed,Respiratory symptoms
2211,284,4,2025-02-06,13:45:00,Completed,Headache
2212,82,24,2026-09-10,14:15:00,Completed,Persistent pain
2213,747,1,2025-08-31,08:30:00,Cancelled,Headache
2214,110,3,2025-05-20,18:30:00,Scheduled,Hearing concern
2215,615,7,2026-06-29,11:00:00,No-show,Follow-up visit
2216,474,33,2026-08-21,14:00:00,Completed,Hearing concern
2217,20,10,2024-12-02,12:45:00,Scheduled,Routine consultation
2218,704,12,2024-06-21,18:00:00,Completed,Joint discomfort
2219,380,15,2024-11-18,12:00:00,Scheduled,Routine consultation
2220,85,9,2024-07-05,15:30:00,Scheduled,Joint discomfort
2221,366,4,2024-01-11,10:45:00,Scheduled,Test review
2222,52,6,2024-11-23,09:30:00,Completed,Test review
2223,188,23,2026-09-16,18:30:00,Completed,Joint discomfort
2224,348,3,2025-03-24,12:00:00,No-show,Respiratory symptoms
2225,103,29,2025-12-22,11:15:00,Completed,Child wellness visit
2226,51,23,2025-12-26,17:30:00,Completed,Skin irritation
2227,683,5,2024-02-19,08:45:00,Completed,Hearing concern
2228,637,14,2026-09-20,12:00:00,Completed,Joint discomfort
2229,122,1,2024-10-11,13:15:00,No-show,Skin irritation
2230,439,3,2025-06-02,17:30:00,Completed,Child wellness visit
2231,308,7,2026-09-05,11:30:00,Cancelled,Joint discomfort
2232,179,35,2025-01-02,13:15:00,Cancelled,Hearing concern
2233,581,22,2024-05-30,08:30:00,Completed,Routine consultation
2234,61,27,2026-09-13,15:00:00,Completed,Vision concern
2235,585,28,2026-08-23,16:00:00,Completed,Vision concern
2236,735,29,2025-05-03,12:00:00,Scheduled,Skin irritation
2237,491,33,2024-09-30,18:15:00,Scheduled,Skin irritation
2238,679,13,2025-08-06,12:30:00,Completed,Headache
2239,883,15,2024-01-22,08:45:00,Completed,Vision concern
2240,777,11,2024-12-08,13:00:00,Completed,Hearing concern
2241,357,1,2024-03-15,15:15:00,No-show,Headache
2242,262,9,2026-07-09,14:15:00,Completed,Respiratory symptoms
2243,551,17,2024-07-07,17:00:00,Completed,Hearing concern
2244,587,10,2024-08-12,11:30:00,Completed,Follow-up visit
2245,72,1,2026-01-24,08:00:00,Completed,Vision concern
2246,860,3,2024-12-30,11:00:00,Completed,Child wellness visit
2247,570,27,2025-06-06,12:15:00,Completed,Follow-up visit
2248,91,25,2025-02-06,15:15:00,Scheduled,Joint discomfort
2249,7,19,2026-07-06,18:30:00,No-show,Respiratory symptoms
2250,343,35,2025-04-06,13:15:00,Completed,Joint discomfort
2251,755,28,2024-11-15,10:45:00,Completed,Skin irritation
2252,430,12,2026-03-27,08:15:00,Completed,Headache
2253,534,12,2024-03-20,12:45:00,No-show,Routine consultation
2254,712,9,2024-01-02,15:00:00,Completed,Headache
2255,863,11,2024-08-19,16:00:00,Completed,Vision concern
2256,718,11,2024-04-11,18:15:00,Completed,Child wellness visit
2257,805,8,2025-06-18,17:45:00,Scheduled,Hearing concern
2258,375,7,2025-03-20,09:00:00,Completed,Skin irritation
2259,549,24,2024-12-06,16:00:00,Scheduled,Headache
2260,583,30,2025-12-07,15:15:00,Scheduled,Follow-up visit
2261,391,34,2024-02-15,08:30:00,Cancelled,Respiratory symptoms
2262,548,14,2024-03-09,16:45:00,Completed,Persistent pain
2263,521,31,2026-07-09,10:30:00,Completed,Annual check-up
2264,888,4,2025-11-04,09:15:00,Completed,Respiratory symptoms
2265,167,1,2024-02-25,10:15:00,Completed,Child wellness visit
2266,131,15,2024-05-18,18:15:00,Completed,Follow-up visit
2267,285,18,2025-05-13,12:15:00,Scheduled,Test review
2268,881,34,2026-02-04,09:00:00,Completed,Headache
2269,592,13,2025-12-18,08:15:00,Scheduled,Test review
2270,14,9,2024-02-06,18:15:00,No-show,Annual check-up
2271,732,10,2024-08-12,10:15:00,Scheduled,Respiratory symptoms
2272,368,9,2025-12-13,09:15:00,Completed,Skin irritation
2273,43,9,2025-05-30,09:45:00,Completed,Routine consultation
2274,417,17,2025-02-09,11:00:00,Scheduled,Routine consultation
2275,353,15,2026-08-15,15:45:00,Completed,Vision concern
2276,599,7,2025-09-17,16:15:00,Completed,Follow-up visit
2277,701,2,2025-10-29,10:00:00,Completed,Hearing concern
2278,761,5,2025-04-25,12:45:00,Cancelled,Routine consultation
2279,882,11,2025-08-19,16:15:00,Completed,Routine consultation
2280,270,16,2026-05-12,16:30:00,Completed,Vision concern
2281,402,11,2024-06-03,17:00:00,Cancelled,Skin irritation
2282,122,27,2025-05-13,08:00:00,Completed,Child wellness visit
2283,378,27,2026-05-11,14:45:00,No-show,Routine consultation
2284,393,15,2025-12-18,14:15:00,Completed,Child wellness visit
2285,824,26,2025-01-05,13:00:00,Completed,Annual check-up
2286,798,17,2024-11-03,18:00:00,Completed,Vision concern
2287,401,13,2025-12-02,12:15:00,Scheduled,Joint discomfort
2288,427,23,2024-01-09,12:45:00,Completed,Skin irritation
2289,133,11,2025-01-29,10:45:00,Cancelled,Follow-up visit
2290,91,19,2026-09-18,10:30:00,Completed,Vision concern
2291,682,9,2026-07-30,13:30:00,Completed,Persistent pain
2292,104,33,2026-05-20,16:00:00,Completed,Respiratory symptoms
2293,609,7,2026-01-27,17:45:00,Completed,Skin irritation
2294,742,20,2026-07-18,09:45:00,Completed,Skin irritation
2295,574,22,2026-04-04,11:15:00,Scheduled,Annual check-up
2296,472,12,2026-06-29,13:00:00,Completed,Skin irritation
2297,231,16,2024-09-23,11:00:00,Cancelled,Skin irritation
2298,80,6,2025-12-24,13:45:00,Completed,Headache
2299,737,18,2025-01-13,15:45:00,Cancelled,Joint discomfort
2300,692,18,2025-05-26,13:45:00,Completed,Test review
2301,738,18,2026-01-09,18:30:00,No-show,Headache
2302,246,28,2025-01-14,17:45:00,No-show,Annual check-up
2303,403,25,2026-08-11,17:45:00,No-show,Follow-up visit
2304,442,14,2026-07-16,12:15:00,Completed,Headache
2305,293,24,2024-01-23,16:00:00,Completed,Joint discomfort
2306,314,33,2024-03-30,13:15:00,Scheduled,Joint discomfort
2307,147,21,2026-03-16,13:45:00,Completed,Respiratory symptoms
2308,187,8,2026-05-23,11:00:00,Completed,Annual check-up
2309,140,16,2025-01-11,17:00:00,Completed,Vision concern
2310,126,19,2024-02-23,18:30:00,Completed,Joint discomfort
2311,201,16,2026-03-22,10:45:00,Cancelled,Annual check-up
2312,796,21,2026-06-26,12:15:00,Scheduled,Routine consultation
2313,464,27,2024-08-13,18:45:00,Completed,Hearing concern
2314,19,2,2025-06-30,18:00:00,Completed,Child wellness visit
2315,842,23,2026-07-30,10:15:00,No-show,Follow-up visit
2316,378,29,2024-04-04,16:30:00,Completed,Skin irritation
2317,372,18,2026-01-26,10:45:00,Cancelled,Child wellness visit
2318,817,30,2024-09-22,12:45:00,Completed,Respiratory symptoms
2319,199,11,2026-06-09,18:00:00,Scheduled,Vision concern
2320,816,22,2026-06-15,10:15:00,Cancelled,Respiratory symptoms
2321,464,9,2025-08-14,14:45:00,Scheduled,Vision concern
2322,193,13,2025-04-24,08:00:00,Completed,Routine consultation
2323,662,3,2026-08-05,18:30:00,Cancelled,Respiratory symptoms
2324,550,5,2024-01-26,13:30:00,Completed,Hearing concern
2325,47,3,2024-01-26,10:45:00,Cancelled,Persistent pain
2326,747,9,2024-03-08,12:15:00,Completed,Hearing concern
2327,868,13,2024-05-02,14:00:00,Completed,Skin irritation
2328,588,8,2026-02-26,11:45:00,Completed,Hearing concern
2329,711,6,2025-05-21,10:00:00,Completed,Skin irritation
2330,388,23,2024-12-25,10:45:00,Completed,Test review
2331,28,12,2025-08-12,18:45:00,Scheduled,Headache
2332,131,24,2026-09-16,17:30:00,Cancelled,Hearing concern
2333,700,14,2026-07-20,11:15:00,Completed,Hearing concern
2334,710,29,2024-08-20,17:15:00,Cancelled,Joint discomfort
2335,623,12,2024-01-02,12:30:00,Cancelled,Test review
2336,711,15,2026-03-11,13:15:00,Completed,Vision concern
2337,438,6,2025-06-03,13:00:00,Completed,Follow-up visit
2338,51,30,2024-02-16,16:15:00,Completed,Respiratory symptoms
2339,807,8,2026-02-21,16:15:00,Cancelled,Skin irritation
2340,391,3,2024-04-11,08:45:00,Completed,Vision concern
2341,103,23,2025-10-22,16:15:00,Cancelled,Child wellness visit
2342,695,12,2025-12-24,09:45:00,Completed,Hearing concern
2343,446,17,2025-06-30,12:45:00,Completed,Headache
2344,454,17,2024-05-14,10:15:00,No-show,Skin irritation
2345,708,10,2024-05-25,10:00:00,Completed,Joint discomfort
2346,300,17,2024-06-06,13:15:00,Scheduled,Hearing concern
2347,702,12,2024-07-01,13:45:00,Completed,Persistent pain
2348,841,22,2024-08-04,13:00:00,Cancelled,Skin irritation
2349,854,31,2026-06-04,11:00:00,Cancelled,Follow-up visit
2350,545,4,2024-10-05,14:45:00,Completed,Skin irritation
2351,7,32,2025-11-16,13:15:00,Cancelled,Annual check-up
2352,791,8,2025-10-30,16:30:00,Completed,Hearing concern
2353,74,15,2026-03-04,14:15:00,Completed,Routine consultation
2354,521,19,2025-11-10,14:15:00,Completed,Test review
2355,485,24,2025-01-30,09:30:00,Scheduled,Respiratory symptoms
2356,47,24,2024-11-22,12:00:00,Scheduled,Hearing concern
2357,676,5,2025-01-12,09:45:00,No-show,Annual check-up
2358,74,5,2025-08-02,18:30:00,Completed,Annual check-up
2359,18,6,2025-08-13,14:15:00,Completed,Respiratory symptoms
2360,561,32,2025-01-01,10:00:00,Completed,Routine consultation
2361,831,9,2024-01-19,12:15:00,Completed,Persistent pain
2362,683,1,2024-03-13,17:45:00,Completed,Test review
2363,678,6,2024-06-02,12:00:00,No-show,Joint discomfort
2364,250,28,2026-07-16,17:45:00,Completed,Joint discomfort
2365,663,30,2025-02-19,08:45:00,Completed,Persistent pain
2366,437,32,2026-07-03,15:15:00,Completed,Joint discomfort
2367,789,12,2024-05-15,15:45:00,Completed,Routine consultation
2368,472,22,2025-12-13,17:45:00,Completed,Vision concern
2369,361,16,2026-05-10,18:15:00,No-show,Hearing concern
2370,586,20,2024-07-26,09:00:00,Completed,Vision concern
2371,337,20,2024-07-11,08:30:00,Completed,Follow-up visit
2372,149,3,2024-06-11,09:00:00,Completed,Routine consultation
2373,794,23,2025-05-12,14:30:00,No-show,Joint discomfort
2374,656,30,2026-03-29,12:45:00,Completed,Routine consultation
2375,2,9,2025-03-06,16:45:00,Completed,Annual check-up
2376,558,28,2025-05-23,14:30:00,Completed,Joint discomfort
2377,461,20,2026-06-25,09:45:00,Cancelled,Vision concern
2378,356,28,2025-12-08,08:30:00,Cancelled,Routine consultation
2379,24,27,2024-09-07,13:30:00,Scheduled,Respiratory symptoms
2380,204,3,2025-08-25,14:30:00,Completed,Joint discomfort
2381,191,30,2025-03-27,09:00:00,Cancelled,Joint discomfort
2382,666,23,2024-05-20,17:45:00,Completed,Skin irritation
2383,51,24,2025-08-30,15:00:00,Completed,Headache
2384,113,11,2025-06-25,10:45:00,Completed,Skin irritation
2385,437,20,2024-08-28,09:30:00,Completed,Child wellness visit
2386,636,22,2025-09-18,14:30:00,No-show,Vision concern
2387,674,28,2024-09-10,12:30:00,Scheduled,Annual check-up
2388,764,15,2024-11-10,12:00:00,Scheduled,Annual check-up
2389,627,8,2025-02-09,17:15:00,Scheduled,Skin irritation
2390,854,17,2024-10-09,17:45:00,Completed,Joint discomfort
2391,277,27,2024-09-27,08:15:00,Completed,Routine consultation
2392,608,22,2025-05-27,14:15:00,Completed,Respiratory symptoms
2393,741,14,2025-08-12,18:30:00,Completed,Persistent pain
2394,107,1,2026-07-04,17:45:00,Completed,Test review
2395,178,8,2026-05-31,15:00:00,Completed,Annual check-up
2396,873,34,2024-12-22,11:30:00,Completed,Vision concern
2397,380,22,2025-04-28,17:15:00,Cancelled,Persistent pain
2398,39,16,2024-01-11,08:30:00,Completed,Vision concern
2399,869,20,2025-01-25,09:15:00,Scheduled,Skin irritation
2400,581,4,2026-04-22,08:15:00,Cancelled,Headache
2401,110,9,2026-03-08,09:15:00,Scheduled,Respiratory symptoms
2402,342,26,2026-06-04,13:45:00,Completed,Joint discomfort
2403,346,31,2026-09-13,08:45:00,No-show,Follow-up visit
2404,588,14,2026-08-25,09:30:00,Scheduled,Child wellness visit
2405,306,13,2024-09-22,13:45:00,Completed,Follow-up visit
2406,75,15,2026-08-14,16:30:00,Completed,Skin irritation
2407,304,12,2024-07-14,14:15:00,No-show,Test review
2408,139,3,2026-05-28,11:15:00,Completed,Annual check-up
2409,188,17,2025-02-20,11:00:00,Completed,Skin irritation
2410,680,29,2026-01-01,17:45:00,Completed,Test review
2411,691,26,2026-03-11,16:00:00,Completed,Hearing concern
2412,322,10,2025-08-05,12:45:00,Scheduled,Routine consultation
2413,157,6,2025-10-24,18:45:00,Completed,Annual check-up
2414,66,30,2024-09-26,11:00:00,Completed,Headache
2415,60,10,2024-08-21,16:30:00,No-show,Persistent pain
2416,166,18,2025-03-08,14:30:00,Completed,Headache
2417,748,11,2024-07-22,11:15:00,Completed,Persistent pain
2418,639,15,2024-01-10,10:00:00,Completed,Vision concern
2419,588,7,2024-08-08,11:00:00,Completed,Skin irritation
2420,203,17,2025-02-22,15:45:00,Completed,Test review
2421,126,28,2026-03-13,15:30:00,No-show,Routine consultation
2422,449,28,2024-05-25,15:30:00,Scheduled,Headache
2423,256,4,2024-06-26,12:30:00,Completed,Follow-up visit
2424,178,15,2026-01-22,17:30:00,Cancelled,Persistent pain
2425,241,2,2024-08-09,12:15:00,Completed,Child wellness visit
2426,304,30,2024-03-10,17:00:00,Completed,Test review
2427,167,11,2025-11-08,10:30:00,Completed,Headache
2428,60,29,2026-04-13,14:30:00,Completed,Child wellness visit
2429,474,7,2026-05-01,15:45:00,Completed,Annual check-up
2430,424,7,2025-09-29,17:15:00,No-show,Routine consultation
2431,396,24,2025-10-17,16:15:00,Completed,Respiratory symptoms
2432,158,31,2025-10-06,10:30:00,Completed,Follow-up visit
2433,185,10,2024-11-20,17:00:00,Cancelled,Joint discomfort
2434,801,22,2025-01-29,14:30:00,Scheduled,Child wellness visit
2435,743,10,2026-08-27,11:45:00,Completed,Skin irritation
2436,463,5,2026-03-24,10:00:00,Completed,Follow-up visit
2437,49,8,2025-06-27,15:00:00,Completed,Headache
2438,705,27,2026-04-06,17:00:00,Completed,Follow-up visit
2439,466,4,2026-06-02,15:30:00,Scheduled,Hearing concern
2440,231,10,2024-12-26,09:30:00,Scheduled,Persistent pain
2441,613,21,2026-01-22,09:45:00,Completed,Persistent pain
2442,146,32,2026-08-26,14:30:00,Completed,Child wellness visit
2443,466,12,2024-06-16,08:30:00,Cancelled,Persistent pain
2444,148,8,2025-01-19,10:45:00,Completed,Hearing concern
2445,831,17,2025-08-28,18:45:00,Cancelled,Skin irritation
2446,200,1,2025-12-09,16:15:00,Completed,Annual check-up
2447,302,20,2025-03-29,08:30:00,Completed,Child wellness visit
2448,512,33,2025-09-05,17:30:00,Completed,Respiratory symptoms
2449,22,11,2024-01-11,13:45:00,Scheduled,Hearing concern
2450,358,5,2025-09-18,13:15:00,Scheduled,Respiratory symptoms
2451,509,17,2025-09-30,10:45:00,Completed,Hearing concern
2452,215,11,2026-08-28,17:30:00,Completed,Annual check-up
2453,190,29,2026-08-01,15:45:00,Completed,Persistent pain
2454,164,23,2025-08-03,10:00:00,Completed,Vision concern
2455,358,35,2024-03-26,10:15:00,Completed,Headache
2456,587,11,2024-06-03,17:30:00,Completed,Headache
2457,886,27,2024-08-11,08:15:00,Completed,Headache
2458,776,26,2024-08-26,14:15:00,Completed,Test review
2459,832,10,2025-10-23,14:15:00,Cancelled,Test review
2460,304,12,2024-02-13,14:45:00,Completed,Hearing concern
2461,266,33,2024-01-28,18:30:00,Completed,Skin irritation
2462,742,7,2024-08-16,18:00:00,Completed,Joint discomfort
2463,548,15,2025-12-22,10:00:00,Cancelled,Follow-up visit
2464,182,10,2024-04-06,10:00:00,Completed,Annual check-up
2465,524,8,2025-12-29,13:15:00,Cancelled,Child wellness visit
2466,428,35,2025-05-26,14:30:00,Cancelled,Follow-up visit
2467,782,8,2025-06-27,13:30:00,Completed,Routine consultation
2468,399,20,2024-11-08,10:00:00,Completed,Vision concern
2469,182,33,2026-07-26,15:45:00,Completed,Respiratory symptoms
2470,251,21,2025-06-17,13:45:00,Completed,Annual check-up
2471,892,26,2026-02-05,12:00:00,Completed,Test review
2472,133,14,2024-10-30,18:15:00,Completed,Persistent pain
2473,733,28,2026-04-08,10:15:00,Completed,Persistent pain
2474,18,20,2025-12-07,09:00:00,Completed,Joint discomfort
2475,260,35,2024-08-10,09:30:00,Scheduled,Child wellness visit
2476,582,8,2024-04-02,15:45:00,Completed,Vision concern
2477,603,18,2025-08-12,16:00:00,Completed,Child wellness visit
2478,716,13,2024-04-23,16:00:00,Completed,Vision concern
2479,433,27,2024-01-22,10:00:00,Completed,Headache
2480,202,11,2025-07-06,13:15:00,Completed,Skin irritation
2481,894,7,2024-01-04,13:00:00,Completed,Persistent pain
2482,277,16,2026-06-26,16:15:00,Completed,Routine consultation
2483,364,11,2026-08-05,14:15:00,Completed,Joint discomfort
2484,786,4,2024-03-02,15:45:00,Completed,Vision concern
2485,168,30,2026-02-13,14:15:00,Cancelled,Persistent pain
2486,865,14,2026-06-22,16:45:00,Completed,Skin irritation
2487,220,31,2025-02-21,09:30:00,Completed,Hearing concern
2488,556,26,2024-06-30,14:45:00,Completed,Vision concern
2489,566,20,2026-09-15,09:00:00,No-show,Skin irritation
2490,159,33,2026-03-21,10:15:00,Cancelled,Test review
2491,624,10,2024-04-11,18:15:00,Completed,Persistent pain
2492,473,5,2025-06-25,15:30:00,Scheduled,Test review
2493,718,2,2025-02-19,15:45:00,Completed,Hearing concern
2494,45,28,2026-02-12,18:30:00,Cancelled,Persistent pain
2495,7,35,2025-06-19,09:30:00,Completed,Follow-up visit
2496,637,9,2025-04-23,17:45:00,No-show,Follow-up visit
2497,472,33,2025-12-12,09:30:00,No-show,Vision concern
2498,594,35,2025-10-20,11:30:00,Completed,Respiratory symptoms
2499,183,2,2026-01-03,10:45:00,Completed,Test review
2500,842,26,2025-06-30,14:15:00,Completed,Headache
2501,589,7,2024-05-21,13:45:00,Completed,Joint discomfort
2502,520,11,2024-12-17,13:15:00,Completed,Hearing concern
2503,446,1,2026-02-21,15:30:00,Cancelled,Joint discomfort
2504,883,2,2025-03-31,12:45:00,Completed,Joint discomfort
2505,422,28,2025-08-27,12:00:00,Scheduled,Joint discomfort
2506,634,26,2025-05-11,08:00:00,Completed,Joint discomfort
2507,469,20,2025-12-03,18:45:00,Completed,Headache
2508,703,19,2025-02-19,12:00:00,No-show,Skin irritation
2509,822,33,2026-05-17,12:00:00,Completed,Skin irritation
2510,296,30,2025-06-15,18:30:00,Completed,Test review
2511,596,35,2026-04-07,16:00:00,No-show,Annual check-up
2512,796,35,2024-01-29,12:30:00,Completed,Joint discomfort
2513,171,33,2026-04-05,14:00:00,Completed,Persistent pain
2514,122,3,2024-06-16,14:15:00,No-show,Routine consultation
2515,407,26,2024-10-23,16:00:00,Completed,Child wellness visit
2516,184,18,2025-07-01,12:30:00,Completed,Skin irritation
2517,1,35,2025-08-09,16:15:00,Cancelled,Routine consultation
2518,338,31,2024-11-08,18:15:00,Completed,Test review
2519,486,17,2026-05-03,09:30:00,Completed,Skin irritation
2520,15,10,2026-08-05,15:30:00,Cancelled,Routine consultation
2521,1,14,2024-02-17,18:30:00,Scheduled,Hearing concern
2522,413,7,2025-08-29,17:30:00,Completed,Routine consultation
2523,367,25,2024-10-26,09:30:00,Scheduled,Skin irritation
2524,846,29,2026-09-29,16:30:00,Completed,Joint discomfort
2525,54,33,2026-02-18,15:00:00,Completed,Child wellness visit
2526,484,11,2025-02-28,18:00:00,Completed,Hearing concern
2527,769,14,2025-03-13,13:00:00,Completed,Annual check-up
2528,303,20,2026-08-30,12:15:00,Completed,Routine consultation
2529,403,31,2024-10-07,18:30:00,No-show,Child wellness visit
2530,411,24,2024-06-17,12:00:00,Completed,Persistent pain
2531,120,21,2026-07-21,13:45:00,Cancelled,Persistent pain
2532,323,28,2026-02-25,10:15:00,No-show,Persistent pain
2533,128,1,2024-12-05,11:15:00,No-show,Hearing concern
2534,676,19,2025-03-26,08:30:00,Completed,Respiratory symptoms
2535,399,20,2025-07-08,12:30:00,Completed,Skin irritation
2536,616,28,2024-11-30,10:00:00,Cancelled,Skin irritation
2537,548,15,2024-11-16,08:45:00,Cancelled,Persistent pain
2538,295,22,2026-01-16,13:15:00,Completed,Test review
2539,849,4,2024-01-04,11:45:00,Completed,Persistent pain
2540,94,5,2026-08-09,15:15:00,No-show,Hearing concern
2541,147,30,2025-05-21,10:45:00,Scheduled,Child wellness visit
2542,658,35,2026-01-19,11:30:00,Completed,Test review
2543,692,21,2025-07-21,13:15:00,Completed,Hearing concern
2544,313,11,2025-11-28,13:15:00,Scheduled,Headache
2545,104,26,2024-04-28,16:30:00,Completed,Joint discomfort
2546,87,29,2024-03-09,08:30:00,Cancelled,Child wellness visit
2547,873,4,2025-01-06,12:00:00,Completed,Respiratory symptoms
2548,315,18,2025-04-27,11:30:00,Completed,Headache
2549,791,10,2024-10-31,15:30:00,Completed,Respiratory symptoms
2550,122,23,2025-08-17,12:45:00,Completed,Annual check-up
2551,868,14,2024-02-07,13:15:00,Completed,Child wellness visit
2552,32,15,2024-07-18,09:15:00,Completed,Follow-up visit
2553,705,13,2024-09-02,18:15:00,Completed,Routine consultation
2554,526,31,2025-06-02,16:15:00,Cancelled,Child wellness visit
2555,70,23,2026-03-24,10:45:00,Completed,Skin irritation
2556,10,19,2026-04-27,16:45:00,Completed,Hearing concern
2557,65,21,2024-07-04,09:45:00,Scheduled,Vision concern
2558,335,14,2026-08-06,13:15:00,Completed,Child wellness visit
2559,52,7,2025-06-08,17:00:00,Completed,Hearing concern
2560,490,13,2024-10-26,12:45:00,Completed,Test review
2561,491,29,2026-01-30,14:15:00,Completed,Vision concern
2562,603,5,2024-11-13,11:15:00,Cancelled,Persistent pain
2563,602,17,2026-06-28,14:45:00,Completed,Headache
2564,54,2,2025-12-07,08:00:00,Completed,Joint discomfort
2565,568,22,2025-05-06,11:00:00,Completed,Skin irritation
2566,853,22,2024-06-16,09:00:00,Completed,Vision concern
2567,680,34,2024-10-24,12:15:00,Completed,Vision concern
2568,284,33,2026-03-06,16:30:00,Completed,Hearing concern
2569,630,30,2025-08-19,13:45:00,Completed,Headache
2570,844,32,2024-12-02,18:30:00,Scheduled,Persistent pain
2571,531,8,2026-05-12,17:00:00,Completed,Follow-up visit
2572,452,30,2026-01-18,16:00:00,Cancelled,Annual check-up
2573,542,35,2024-07-11,18:45:00,Cancelled,Respiratory symptoms
2574,15,22,2026-02-07,17:30:00,Cancelled,Annual check-up
2575,337,7,2026-03-19,12:15:00,Completed,Persistent pain
2576,536,26,2025-06-19,09:00:00,Completed,Skin irritation
2577,654,2,2024-08-02,16:30:00,Scheduled,Child wellness visit
2578,117,6,2025-08-14,11:45:00,Cancelled,Follow-up visit
2579,282,22,2025-08-13,08:00:00,Scheduled,Joint discomfort
2580,673,11,2026-05-03,09:45:00,Completed,Routine consultation
2581,380,21,2024-05-31,16:45:00,No-show,Joint discomfort
2582,213,15,2026-04-22,13:00:00,Completed,Hearing concern
2583,321,33,2025-07-05,08:45:00,No-show,Routine consultation
2584,788,21,2024-07-18,10:45:00,Completed,Test review
2585,125,8,2025-08-12,11:00:00,Completed,Child wellness visit
2586,129,31,2024-11-10,10:30:00,Completed,Skin irritation
2587,741,28,2024-02-13,17:00:00,Scheduled,Headache
2588,847,35,2026-03-27,09:00:00,Completed,Headache
2589,63,9,2024-11-02,11:45:00,Completed,Follow-up visit
2590,352,34,2025-05-23,11:45:00,Scheduled,Persistent pain
2591,451,6,2024-08-10,13:45:00,Completed,Skin irritation
2592,362,16,2026-03-28,17:00:00,Scheduled,Hearing concern
2593,342,35,2024-11-25,14:00:00,Completed,Annual check-up
2594,462,16,2024-03-29,18:30:00,Cancelled,Vision concern
2595,246,32,2025-08-04,10:30:00,Completed,Follow-up visit
2596,104,25,2024-10-24,11:45:00,No-show,Joint discomfort
2597,44,9,2026-05-08,16:15:00,Completed,Persistent pain
2598,468,2,2026-05-25,10:45:00,No-show,Hearing concern
2599,388,27,2024-01-05,13:15:00,Completed,Child wellness visit
2600,85,25,2026-04-06,12:30:00,Completed,Test review
2601,700,27,2024-03-19,08:00:00,Completed,Test review
2602,473,21,2025-10-11,11:30:00,Completed,Hearing concern
2603,307,27,2026-04-28,12:00:00,No-show,Follow-up visit
2604,39,13,2025-11-16,16:00:00,Completed,Skin irritation
2605,9,17,2024-05-26,15:45:00,Completed,Persistent pain
2606,878,33,2026-06-12,09:30:00,Completed,Hearing concern
2607,278,30,2024-04-28,16:15:00,Completed,Skin irritation
2608,23,27,2025-08-11,08:45:00,Completed,Annual check-up
2609,712,1,2025-08-06,10:15:00,Completed,Annual check-up
2610,629,33,2025-04-10,12:30:00,Scheduled,Headache
2611,115,16,2026-05-01,13:45:00,Completed,Respiratory symptoms
2612,127,30,2024-09-29,11:00:00,Completed,Vision concern
2613,826,8,2026-03-18,09:45:00,Cancelled,Annual check-up
2614,795,3,2024-07-26,12:15:00,Completed,Child wellness visit
2615,67,33,2025-05-20,11:45:00,Completed,Test review
2616,368,33,2024-08-15,11:15:00,Completed,Respiratory symptoms
2617,461,1,2026-04-29,12:00:00,Completed,Routine consultation
2618,620,1,2025-09-29,09:30:00,Completed,Hearing concern
2619,895,27,2026-09-19,08:15:00,Completed,Vision concern
2620,137,23,2024-09-27,10:00:00,No-show,Follow-up visit
2621,671,11,2026-06-02,11:00:00,Completed,Test review
2622,669,23,2025-04-06,15:15:00,Completed,Annual check-up
2623,68,2,2024-02-27,15:30:00,Completed,Skin irritation
2624,164,18,2025-01-15,11:00:00,Completed,Respiratory symptoms
2625,732,20,2024-04-11,18:15:00,Completed,Annual check-up
2626,558,30,2024-01-29,17:45:00,Completed,Vision concern
2627,262,27,2024-07-28,10:15:00,Completed,Respiratory symptoms
2628,863,20,2026-03-23,10:15:00,Completed,Annual check-up
2629,853,14,2024-06-25,14:00:00,Completed,Joint discomfort
2630,53,3,2024-07-16,12:45:00,Completed,Follow-up visit
2631,705,25,2024-08-08,08:45:00,Completed,Child wellness visit
2632,409,29,2025-12-12,18:15:00,Completed,Persistent pain
2633,798,3,2024-02-02,17:30:00,Scheduled,Skin irritation
2634,401,27,2026-01-08,10:00:00,Completed,Skin irritation
2635,420,35,2025-08-20,08:00:00,Completed,Respiratory symptoms
2636,620,21,2024-01-31,08:00:00,Completed,Persistent pain
2637,342,1,2024-01-27,15:15:00,Completed,Follow-up visit
2638,195,3,2025-11-01,15:15:00,Completed,Follow-up visit
2639,210,35,2026-04-12,14:00:00,Scheduled,Respiratory symptoms
2640,78,25,2025-05-22,10:15:00,Completed,Annual check-up
2641,324,18,2026-01-31,14:00:00,No-show,Follow-up visit
2642,584,11,2025-07-14,09:45:00,Cancelled,Respiratory symptoms
2643,263,20,2024-09-07,14:00:00,No-show,Persistent pain
2644,845,15,2026-02-16,12:30:00,Cancelled,Persistent pain
2645,189,24,2024-05-27,09:45:00,Completed,Headache
2646,186,14,2026-07-22,17:30:00,Scheduled,Persistent pain
2647,751,2,2025-08-20,12:30:00,Scheduled,Respiratory symptoms
2648,817,31,2026-06-23,10:45:00,Completed,Skin irritation
2649,691,12,2025-03-06,18:30:00,Completed,Skin irritation
2650,134,31,2025-02-22,09:45:00,Completed,Annual check-up
2651,738,2,2026-09-20,18:15:00,Completed,Headache
2652,848,23,2025-08-21,16:30:00,Completed,Routine consultation
2653,135,7,2024-04-18,17:00:00,Completed,Child wellness visit
2654,596,6,2024-06-23,14:45:00,No-show,Test review
2655,293,35,2026-06-25,14:30:00,Completed,Vision concern
2656,811,33,2025-11-21,14:15:00,Completed,Vision concern
2657,61,1,2025-05-27,16:30:00,Completed,Annual check-up
2658,25,33,2026-02-06,11:45:00,Cancelled,Child wellness visit
2659,91,8,2025-08-08,08:45:00,Completed,Joint discomfort
2660,134,6,2025-03-23,12:00:00,Completed,Joint discomfort
2661,755,34,2026-08-13,11:45:00,Completed,Test review
2662,641,9,2026-05-03,11:30:00,No-show,Annual check-up
2663,554,18,2025-06-06,14:30:00,Completed,Routine consultation
2664,517,11,2024-04-30,11:45:00,Completed,Vision concern
2665,192,10,2026-01-01,08:15:00,Completed,Persistent pain
2666,205,32,2025-12-03,10:00:00,Completed,Headache
2667,2,14,2026-02-18,11:00:00,Completed,Routine consultation
2668,562,34,2025-01-20,11:30:00,Scheduled,Vision concern
2669,465,16,2025-08-30,09:00:00,Completed,Child wellness visit
2670,586,6,2024-05-04,12:00:00,Completed,Routine consultation
2671,24,6,2025-01-28,17:15:00,Cancelled,Persistent pain
2672,702,32,2024-07-25,15:45:00,Scheduled,Joint discomfort
2673,46,25,2024-01-10,16:30:00,Completed,Follow-up visit
2674,876,28,2025-05-06,12:45:00,Completed,Routine consultation
2675,24,33,2024-10-10,18:15:00,Completed,Follow-up visit
2676,100,16,2026-09-02,15:00:00,No-show,Child wellness visit
2677,88,21,2024-04-04,18:30:00,Scheduled,Headache
2678,514,10,2026-02-16,17:30:00,Completed,Routine consultation
2679,194,17,2026-04-04,18:00:00,Completed,Skin irritation
2680,332,16,2024-10-11,14:45:00,Completed,Headache
2681,385,17,2024-10-17,17:30:00,Cancelled,Vision concern
2682,453,10,2026-01-03,08:00:00,Completed,Persistent pain
2683,274,2,2026-04-09,10:00:00,Scheduled,Persistent pain
2684,142,15,2025-06-09,15:30:00,No-show,Persistent pain
2685,401,10,2024-02-04,16:30:00,Completed,Follow-up visit
2686,509,17,2025-12-06,13:15:00,Completed,Headache
2687,653,13,2025-02-25,12:15:00,No-show,Skin irritation
2688,353,30,2024-01-18,08:30:00,Completed,Joint discomfort
2689,97,9,2025-07-18,13:00:00,Completed,Hearing concern
2690,429,5,2025-10-05,10:30:00,Completed,Routine consultation
2691,294,26,2024-04-27,08:00:00,Completed,Persistent pain
2692,225,4,2024-09-27,14:45:00,Completed,Follow-up visit
2693,131,16,2025-06-18,10:45:00,Completed,Follow-up visit
2694,741,12,2024-07-24,10:45:00,Completed,Follow-up visit
2695,129,2,2025-11-01,12:30:00,Completed,Test review
2696,440,28,2026-02-08,13:15:00,No-show,Test review
2697,773,17,2024-11-15,14:00:00,No-show,Annual check-up
2698,671,12,2026-07-04,10:45:00,Completed,Skin irritation
2699,873,20,2025-01-27,08:00:00,Completed,Headache
2700,243,1,2025-01-09,15:15:00,No-show,Annual check-up
2701,504,10,2024-09-22,11:30:00,Completed,Vision concern
2702,86,32,2025-02-23,16:15:00,Completed,Headache
2703,776,7,2026-02-06,18:15:00,Cancelled,Hearing concern
2704,188,26,2025-04-08,08:45:00,Cancelled,Test review
2705,829,25,2026-08-15,13:45:00,No-show,Persistent pain
2706,283,5,2026-09-06,17:45:00,Cancelled,Vision concern
2707,873,35,2025-03-28,16:30:00,Scheduled,Annual check-up
2708,485,30,2026-04-29,09:15:00,Completed,Hearing concern
2709,213,24,2024-01-16,08:45:00,No-show,Follow-up visit
2710,826,33,2024-11-06,16:45:00,No-show,Persistent pain
2711,129,16,2024-11-16,12:15:00,Completed,Annual check-up
2712,744,27,2026-06-18,14:15:00,No-show,Persistent pain
2713,89,22,2026-03-20,18:45:00,Cancelled,Joint discomfort
2714,756,23,2024-06-16,13:30:00,Completed,Persistent pain
2715,18,26,2025-11-06,12:30:00,Completed,Follow-up visit
2716,785,8,2024-04-13,18:45:00,Scheduled,Child wellness visit
2717,564,6,2025-06-27,10:45:00,Completed,Hearing concern
2718,440,15,2024-11-10,11:30:00,Completed,Annual check-up
2719,513,33,2026-04-05,10:00:00,Completed,Annual check-up
2720,601,27,2025-07-03,08:45:00,Completed,Routine consultation
2721,356,7,2026-04-16,09:00:00,Completed,Persistent pain
2722,835,24,2024-11-14,11:30:00,Completed,Test review
2723,191,16,2026-06-02,08:00:00,Scheduled,Routine consultation
2724,319,34,2025-03-10,08:15:00,Completed,Follow-up visit
2725,731,33,2025-01-29,08:00:00,Completed,Routine consultation
2726,716,13,2024-04-17,17:45:00,Completed,Joint discomfort
2727,638,4,2024-03-23,09:30:00,Completed,Routine consultation
2728,215,20,2026-07-30,15:00:00,Completed,Test review
2729,509,7,2025-08-26,15:45:00,Completed,Test review
2730,108,25,2026-06-24,10:30:00,Scheduled,Joint discomfort
2731,770,4,2026-01-09,16:30:00,Completed,Hearing concern
2732,292,30,2026-04-21,16:30:00,Cancelled,Routine consultation
2733,644,8,2024-03-19,11:45:00,Completed,Headache
2734,543,11,2025-12-24,09:00:00,Completed,Persistent pain
2735,572,34,2025-11-23,15:00:00,Completed,Respiratory symptoms
2736,614,4,2026-01-02,11:45:00,Completed,Vision concern
2737,109,28,2024-01-29,16:00:00,Scheduled,Respiratory symptoms
2738,855,10,2024-05-12,11:45:00,Completed,Respiratory symptoms
2739,794,8,2025-07-02,11:45:00,Completed,Skin irritation
2740,42,29,2026-06-18,14:00:00,Cancelled,Routine consultation
2741,187,19,2025-07-14,08:30:00,Scheduled,Respiratory symptoms
2742,888,33,2024-02-02,08:15:00,Completed,Hearing concern
2743,889,19,2024-07-17,10:15:00,Cancelled,Persistent pain
2744,167,8,2025-02-04,17:00:00,Scheduled,Vision concern
2745,617,25,2025-07-18,13:45:00,Completed,Hearing concern
2746,484,2,2025-02-02,15:30:00,Completed,Joint discomfort
2747,707,8,2024-09-08,17:30:00,Scheduled,Persistent pain
2748,92,21,2024-02-26,09:45:00,Cancelled,Persistent pain
2749,398,5,2024-01-05,15:00:00,Completed,Headache
2750,48,34,2026-02-24,12:15:00,Completed,Skin irritation
2751,720,8,2025-09-26,16:15:00,Completed,Annual check-up
2752,555,19,2025-05-30,09:15:00,Completed,Annual check-up
2753,110,28,2025-09-07,09:00:00,Completed,Skin irritation
2754,48,10,2024-04-13,13:00:00,Completed,Test review
2755,374,25,2025-12-16,12:45:00,Scheduled,Skin irritation
2756,237,22,2024-08-26,12:00:00,Completed,Headache
2757,18,8,2026-06-20,12:45:00,Completed,Persistent pain
2758,503,33,2026-04-19,17:45:00,Cancelled,Follow-up visit
2759,328,31,2024-09-09,16:30:00,Completed,Follow-up visit
2760,141,35,2026-02-27,09:45:00,Cancelled,Headache
2761,827,7,2024-05-17,11:30:00,Scheduled,Respiratory symptoms
2762,519,7,2024-12-15,13:30:00,Completed,Hearing concern
2763,47,30,2024-06-13,11:45:00,Completed,Annual check-up
2764,806,19,2025-03-21,13:30:00,Completed,Respiratory symptoms
2765,480,10,2024-02-07,13:00:00,Completed,Routine consultation
2766,472,14,2024-03-03,16:45:00,Completed,Vision concern
2767,825,17,2026-02-11,18:45:00,Completed,Hearing concern
2768,771,15,2025-05-07,18:00:00,Completed,Respiratory symptoms
2769,326,20,2026-09-29,11:00:00,Scheduled,Respiratory symptoms
2770,304,5,2026-05-10,12:30:00,Scheduled,Hearing concern
2771,186,25,2024-02-21,10:15:00,Completed,Vision concern
2772,702,34,2025-02-16,10:45:00,Completed,Child wellness visit
2773,854,20,2024-02-16,15:45:00,Completed,Persistent pain
2774,11,29,2025-10-30,14:15:00,Completed,Follow-up visit
2775,881,14,2026-08-23,13:15:00,Scheduled,Vision concern
2776,488,27,2025-12-09,10:30:00,Completed,Skin irritation
2777,542,28,2026-01-09,16:45:00,Completed,Vision concern
2778,688,2,2026-03-27,12:45:00,Completed,Skin irritation
2779,181,4,2025-12-11,13:30:00,Scheduled,Annual check-up
2780,7,23,2026-03-18,08:15:00,Completed,Joint discomfort
2781,429,6,2026-09-06,13:45:00,Completed,Annual check-up
2782,796,1,2024-11-17,11:30:00,Completed,Routine consultation
2783,755,31,2025-05-27,17:45:00,Completed,Headache
2784,353,17,2024-06-11,14:00:00,Completed,Routine consultation
2785,248,34,2024-09-22,10:15:00,Completed,Vision concern
2786,768,9,2025-04-11,11:15:00,Completed,Persistent pain
2787,180,10,2025-05-08,09:00:00,Scheduled,Respiratory symptoms
2788,851,24,2025-10-28,15:45:00,Completed,Respiratory symptoms
2789,110,28,2024-06-17,08:30:00,Completed,Child wellness visit
2790,381,8,2024-10-22,12:45:00,Completed,Skin irritation
2791,34,24,2024-06-28,09:45:00,No-show,Routine consultation
2792,213,12,2024-07-10,08:15:00,Scheduled,Joint discomfort
2793,814,1,2024-04-07,12:15:00,Completed,Annual check-up
2794,508,5,2024-03-03,14:00:00,Cancelled,Respiratory symptoms
2795,476,2,2026-08-01,11:00:00,Completed,Skin irritation
2796,457,3,2026-06-28,13:00:00,No-show,Annual check-up
2797,598,13,2024-08-01,10:45:00,Cancelled,Persistent pain
2798,260,18,2025-01-20,17:15:00,Cancelled,Respiratory symptoms
2799,164,18,2026-03-12,15:45:00,No-show,Child wellness visit
2800,6,35,2024-08-15,17:00:00,Scheduled,Headache
2801,267,4,2024-06-09,13:30:00,Completed,Joint discomfort
2802,225,15,2024-05-10,15:15:00,No-show,Respiratory symptoms
2803,185,35,2026-05-31,09:15:00,Cancelled,Follow-up visit
2804,842,25,2024-08-15,13:00:00,Completed,Joint discomfort
2805,837,28,2024-03-01,10:45:00,Scheduled,Respiratory symptoms
2806,405,22,2026-04-23,10:45:00,Cancelled,Child wellness visit
2807,660,20,2024-12-30,11:45:00,Completed,Test review
2808,642,24,2024-01-24,15:00:00,Completed,Child wellness visit
2809,446,20,2026-04-15,08:45:00,Scheduled,Headache
2810,772,27,2026-05-16,08:15:00,Completed,Routine consultation
2811,682,7,2025-08-01,10:00:00,Completed,Follow-up visit
2812,381,20,2026-06-22,11:00:00,Completed,Child wellness visit
2813,587,3,2025-08-21,11:15:00,Cancelled,Headache
2814,198,16,2024-07-30,10:00:00,No-show,Skin irritation
2815,367,5,2024-02-11,10:30:00,Cancelled,Headache
2816,353,4,2024-04-26,17:15:00,No-show,Annual check-up
2817,337,3,2024-08-19,14:30:00,Scheduled,Skin irritation
2818,639,13,2026-02-12,11:15:00,Cancelled,Annual check-up
2819,871,16,2025-02-07,10:45:00,Completed,Child wellness visit
2820,28,23,2025-07-31,16:15:00,Completed,Annual check-up
2821,771,18,2024-04-02,10:00:00,Completed,Headache
2822,770,26,2024-11-16,17:15:00,No-show,Follow-up visit
2823,147,16,2026-09-17,15:45:00,Completed,Respiratory symptoms
2824,471,20,2025-08-25,13:30:00,Completed,Routine consultation
2825,394,12,2025-09-01,12:00:00,Completed,Respiratory symptoms
2826,351,7,2025-08-23,10:15:00,Completed,Follow-up visit
2827,720,15,2024-04-12,15:30:00,Completed,Vision concern
2828,132,28,2026-05-25,12:45:00,Completed,Hearing concern
2829,874,33,2025-10-06,14:30:00,Completed,Persistent pain
2830,719,2,2026-06-30,17:45:00,Completed,Skin irritation
2831,28,1,2025-08-07,17:15:00,Completed,Child wellness visit
2832,276,21,2026-06-14,10:30:00,Completed,Persistent pain
2833,723,7,2024-03-05,13:15:00,Cancelled,Headache
2834,11,21,2024-04-06,12:15:00,Scheduled,Persistent pain
2835,103,7,2024-11-02,11:00:00,Completed,Respiratory symptoms
2836,497,30,2025-10-15,10:30:00,Completed,Persistent pain
2837,384,17,2026-05-30,10:15:00,No-show,Child wellness visit
2838,559,16,2025-12-26,12:30:00,Scheduled,Child wellness visit
2839,811,8,2025-08-27,10:00:00,Completed,Child wellness visit
2840,495,32,2024-02-12,14:45:00,Completed,Joint discomfort
2841,204,14,2026-06-20,11:15:00,Completed,Child wellness visit
2842,441,23,2024-04-07,13:00:00,Completed,Respiratory symptoms
2843,734,35,2025-11-12,12:45:00,Completed,Child wellness visit
2844,342,33,2026-03-15,13:15:00,Cancelled,Child wellness visit
2845,176,21,2025-12-17,14:45:00,Completed,Persistent pain
2846,19,33,2024-09-29,14:45:00,Completed,Joint discomfort
2847,798,11,2025-01-06,12:15:00,Cancelled,Hearing concern
2848,896,21,2026-01-24,13:00:00,Scheduled,Vision concern
2849,173,11,2024-06-25,10:30:00,Completed,Follow-up visit
2850,547,12,2024-12-27,18:45:00,Completed,Annual check-up
2851,458,12,2025-07-19,14:15:00,Completed,Annual check-up
2852,185,1,2024-04-02,10:15:00,Completed,Annual check-up
2853,90,19,2025-08-06,17:15:00,Completed,Routine consultation
2854,621,27,2025-02-07,10:45:00,Completed,Vision concern
2855,409,1,2024-09-25,13:00:00,No-show,Headache
2856,441,13,2024-07-08,09:45:00,Cancelled,Hearing concern
2857,41,2,2026-01-04,11:00:00,Completed,Follow-up visit
2858,589,15,2024-09-08,13:15:00,Completed,Persistent pain
2859,138,11,2024-11-01,15:00:00,Completed,Joint discomfort
2860,228,25,2026-05-22,08:00:00,Completed,Routine consultation
2861,542,10,2025-04-17,15:00:00,Completed,Annual check-up
2862,410,8,2026-08-03,18:45:00,Cancelled,Routine consultation
2863,486,28,2026-06-10,10:45:00,Completed,Test review
2864,539,23,2024-01-11,08:30:00,Completed,Persistent pain
2865,205,18,2025-03-09,09:45:00,Cancelled,Hearing concern
2866,151,15,2025-11-20,09:15:00,No-show,Skin irritation
2867,806,27,2024-04-27,08:30:00,Completed,Follow-up visit
2868,446,20,2024-05-20,11:00:00,Completed,Annual check-up
2869,837,19,2024-04-29,11:45:00,Completed,Respiratory symptoms
2870,675,25,2025-06-19,13:45:00,No-show,Routine consultation
2871,433,14,2026-03-20,12:30:00,Completed,Routine consultation
2872,839,18,2026-06-20,14:00:00,Completed,Headache
2873,103,33,2025-07-17,15:00:00,No-show,Respiratory symptoms
2874,635,13,2024-06-25,12:15:00,Completed,Persistent pain
2875,294,15,2025-03-31,12:30:00,Scheduled,Follow-up visit
2876,788,32,2024-06-21,11:30:00,Completed,Headache
2877,816,13,2025-05-28,14:30:00,Completed,Routine consultation
2878,170,23,2026-06-14,12:30:00,Scheduled,Vision concern
2879,863,9,2025-03-04,16:00:00,Completed,Respiratory symptoms
2880,178,13,2025-06-12,14:30:00,Completed,Routine consultation
2881,4,22,2024-08-20,16:30:00,Completed,Headache
2882,494,18,2024-06-27,09:45:00,Scheduled,Skin irritation
2883,329,2,2026-05-05,08:15:00,Completed,Follow-up visit
2884,269,28,2024-02-21,12:45:00,Cancelled,Hearing concern
2885,421,7,2024-10-27,11:45:00,Completed,Child wellness visit
2886,269,18,2024-08-05,15:00:00,Completed,Vision concern
2887,85,35,2026-02-09,15:30:00,Cancelled,Annual check-up
2888,425,30,2024-05-14,18:45:00,Scheduled,Vision concern
2889,567,5,2025-01-11,18:30:00,Cancelled,Follow-up visit
2890,532,24,2026-04-16,16:00:00,No-show,Persistent pain
2891,464,31,2026-08-04,10:00:00,Completed,Child wellness visit
2892,316,22,2024-02-11,15:45:00,Completed,Skin irritation
2893,373,27,2026-02-09,14:00:00,Completed,Routine consultation
2894,234,16,2025-03-30,12:45:00,Completed,Skin irritation
2895,217,2,2025-02-09,15:45:00,Completed,Routine consultation
2896,838,26,2025-04-27,09:15:00,Completed,Persistent pain
2897,431,27,2026-06-28,15:30:00,Scheduled,Joint discomfort
2898,17,33,2025-04-07,16:45:00,Completed,Child wellness visit
2899,779,22,2025-11-23,17:00:00,Completed,Skin irritation
2900,587,27,2024-07-28,12:15:00,Scheduled,Test review
2901,633,33,2026-02-13,15:45:00,Completed,Headache
2902,818,21,2026-05-18,08:30:00,Completed,Persistent pain
2903,849,8,2025-12-12,15:00:00,Completed,Child wellness visit
2904,433,5,2025-07-12,14:45:00,Completed,Vision concern
2905,211,12,2026-05-09,08:00:00,Completed,Persistent pain
2906,592,1,2025-04-30,11:15:00,Scheduled,Child wellness visit
2907,860,6,2025-11-20,17:15:00,Completed,Child wellness visit
2908,158,27,2025-12-20,13:15:00,Scheduled,Skin irritation
2909,475,6,2025-04-13,08:45:00,Cancelled,Annual check-up
2910,626,17,2024-06-24,14:30:00,Completed,Skin irritation
2911,736,35,2025-12-04,18:15:00,No-show,Follow-up visit
2912,691,16,2026-09-07,13:30:00,Scheduled,Hearing concern
2913,616,2,2024-04-25,12:30:00,Scheduled,Joint discomfort
2914,429,29,2024-01-28,14:15:00,Completed,Headache
2915,840,35,2025-03-25,11:00:00,Completed,Joint discomfort
2916,544,11,2026-09-08,12:15:00,Completed,Child wellness visit
2917,761,18,2025-11-05,11:00:00,Scheduled,Test review
2918,695,5,2025-04-22,16:00:00,Completed,Child wellness visit
2919,881,1,2025-01-30,18:45:00,No-show,Annual check-up
2920,680,15,2025-11-25,09:30:00,Cancelled,Child wellness visit
2921,594,4,2024-04-15,14:30:00,Cancelled,Joint discomfort
2922,741,10,2026-07-11,18:00:00,Completed,Skin irritation
2923,460,3,2024-04-27,15:00:00,No-show,Persistent pain
2924,423,20,2024-02-13,15:00:00,Completed,Child wellness visit
2925,645,35,2024-02-02,16:00:00,Completed,Vision concern
2926,154,34,2024-06-18,17:45:00,Completed,Hearing concern
2927,892,19,2026-05-02,12:30:00,Scheduled,Routine consultation
2928,677,2,2025-04-13,10:30:00,No-show,Persistent pain
2929,657,30,2025-10-08,12:00:00,Completed,Child wellness visit
2930,3,28,2026-08-17,17:00:00,Scheduled,Vision concern
2931,880,8,2024-06-24,15:45:00,Completed,Routine consultation
2932,571,3,2025-06-27,10:00:00,Completed,Follow-up visit
2933,468,4,2025-10-12,10:45:00,Completed,Annual check-up
2934,288,18,2024-08-11,13:45:00,Completed,Persistent pain
2935,658,17,2024-12-08,16:45:00,Cancelled,Follow-up visit
2936,183,1,2026-01-23,12:15:00,Completed,Hearing concern
2937,898,24,2024-08-08,14:00:00,Completed,Persistent pain
2938,229,30,2025-01-07,11:00:00,Completed,Annual check-up
2939,584,29,2025-02-18,08:15:00,Completed,Hearing concern
2940,780,29,2024-01-01,10:30:00,Completed,Headache
2941,137,20,2024-02-13,13:30:00,Completed,Vision concern
2942,262,33,2026-02-10,09:45:00,Scheduled,Annual check-up
2943,696,2,2026-09-21,11:45:00,Cancelled,Annual check-up
2944,861,33,2025-07-13,10:00:00,Completed,Test review
2945,584,29,2025-05-25,11:30:00,Completed,Test review
2946,410,27,2024-06-04,11:15:00,Completed,Routine consultation
2947,391,26,2026-04-06,15:45:00,Completed,Follow-up visit
2948,133,24,2025-08-18,12:45:00,No-show,Hearing concern
2949,179,9,2026-02-05,08:30:00,Completed,Child wellness visit
2950,397,12,2024-06-18,14:15:00,Completed,Vision concern
2951,408,5,2026-09-16,15:45:00,Completed,Headache
2952,387,10,2025-08-25,17:15:00,Completed,Child wellness visit
2953,753,31,2026-06-04,14:45:00,Scheduled,Respiratory symptoms
2954,626,12,2025-01-16,14:00:00,Completed,Skin irritation
2955,261,34,2024-06-25,08:30:00,Cancelled,Skin irritation
2956,98,21,2024-07-23,17:15:00,No-show,Joint discomfort
2957,87,10,2024-05-09,14:00:00,Completed,Follow-up visit
2958,297,20,2024-02-20,18:45:00,No-show,Persistent pain
2959,861,5,2026-09-06,12:15:00,Cancelled,Annual check-up
2960,749,5,2024-08-10,12:00:00,Completed,Child wellness visit
2961,832,32,2024-11-25,10:45:00,Completed,Joint discomfort
2962,628,35,2025-03-21,18:30:00,Cancelled,Vision concern
2963,305,11,2026-01-30,18:15:00,Completed,Routine consultation
2964,338,10,2024-02-26,16:15:00,Completed,Skin irritation
2965,32,32,2025-03-12,14:00:00,Completed,Annual check-up
2966,573,26,2024-05-08,17:00:00,Completed,Headache
2967,412,35,2024-05-14,08:00:00,Completed,Headache
2968,252,1,2025-04-04,17:45:00,Completed,Child wellness visit
2969,441,22,2026-09-28,15:15:00,Scheduled,Hearing concern
2970,751,19,2026-05-19,08:30:00,Completed,Annual check-up
2971,503,17,2024-05-03,10:30:00,Completed,Follow-up visit
2972,673,13,2025-05-08,18:30:00,Cancelled,Follow-up visit
2973,14,4,2025-05-23,15:45:00,Completed,Persistent pain
2974,76,32,2026-09-20,13:00:00,Completed,Follow-up visit
2975,776,12,2026-09-16,08:15:00,Scheduled,Joint discomfort
2976,763,5,2025-08-27,11:45:00,Completed,Respiratory symptoms
2977,42,13,2024-11-01,10:30:00,Cancelled,Annual check-up
2978,282,29,2024-10-20,16:00:00,Scheduled,Respiratory symptoms
2979,442,2,2025-03-30,16:45:00,Cancelled,Skin irritation
2980,323,5,2026-08-03,08:45:00,Completed,Follow-up visit
2981,797,5,2026-03-16,15:00:00,No-show,Test review
2982,571,23,2024-04-01,15:15:00,No-show,Persistent pain
2983,885,35,2025-08-30,13:00:00,Completed,Vision concern
2984,198,17,2024-02-07,17:00:00,Completed,Headache
2985,522,1,2024-12-18,13:00:00,Scheduled,Follow-up visit
2986,329,29,2024-09-23,12:45:00,Completed,Skin irritation
2987,617,8,2026-08-01,14:00:00,Completed,Respiratory symptoms
2988,3,4,2024-10-18,08:15:00,Cancelled,Routine consultation
2989,735,20,2024-11-22,12:00:00,Completed,Routine consultation
2990,780,16,2025-09-10,16:15:00,Completed,Child wellness visit
2991,25,14,2025-08-25,14:45:00,Scheduled,Test review
2992,749,3,2024-09-01,16:30:00,Cancelled,Child wellness visit
2993,568,26,2025-12-01,12:00:00,Completed,Child wellness visit
2994,554,1,2024-06-04,14:30:00,Completed,Test review
2995,347,6,2026-09-21,14:30:00,Scheduled,Test review
2996,615,14,2026-06-06,11:15:00,Completed,Vision concern
2997,136,13,2024-02-26,11:45:00,Completed,Routine consultation
2998,516,33,2026-07-10,08:45:00,Completed,Child wellness visit
2999,738,31,2026-09-19,08:15:00,Completed,Hearing concern
3000,733,8,2025-09-05,17:00:00,Completed,Test review
3001,843,19,2026-06-05,11:00:00,Completed,Hearing concern
3002,877,10,2026-04-10,14:45:00,Completed,Headache
3003,551,18,2025-07-20,13:00:00,Completed,Vision concern
3004,247,12,2025-11-04,09:00:00,Completed,Vision concern
3005,34,19,2025-04-10,18:15:00,Completed,Headache
3006,232,31,2025-11-25,08:45:00,Completed,Annual check-up
3007,373,18,2024-10-30,15:00:00,Cancelled,Hearing concern
3008,696,9,2026-07-29,18:15:00,Completed,Follow-up visit
3009,297,25,2026-02-02,09:30:00,Scheduled,Joint discomfort
3010,279,27,2026-06-16,15:45:00,No-show,Persistent pain
3011,894,27,2024-07-03,11:30:00,Scheduled,Joint discomfort
3012,385,1,2025-01-07,11:00:00,Completed,Vision concern
3013,76,35,2024-11-04,08:15:00,Completed,Child wellness visit
3014,460,1,2024-08-09,14:45:00,Completed,Routine consultation
3015,403,16,2024-02-12,14:45:00,Completed,Routine consultation
3016,380,3,2024-05-12,16:00:00,Completed,Vision concern
3017,273,1,2025-09-30,16:00:00,Completed,Skin irritation
3018,601,3,2025-08-29,09:15:00,Completed,Test review
3019,243,2,2024-05-26,13:15:00,Completed,Annual check-up
3020,348,11,2025-12-06,11:45:00,Scheduled,Joint discomfort
3021,479,24,2024-08-24,09:15:00,No-show,Routine consultation
3022,51,35,2025-03-16,08:15:00,Cancelled,Respiratory symptoms
3023,358,32,2026-08-14,12:30:00,Completed,Annual check-up
3024,646,9,2024-02-14,13:30:00,Scheduled,Joint discomfort
3025,289,19,2026-08-05,13:15:00,Completed,Follow-up visit
3026,571,2,2025-10-07,16:00:00,Scheduled,Joint discomfort
3027,399,23,2025-10-06,13:15:00,Completed,Annual check-up
3028,781,22,2025-02-11,14:15:00,Cancelled,Joint discomfort
3029,814,24,2024-06-01,09:45:00,Completed,Routine consultation
3030,323,27,2025-01-24,08:15:00,No-show,Vision concern
3031,106,27,2026-05-10,10:30:00,Completed,Routine consultation
3032,459,1,2024-10-30,15:15:00,Scheduled,Vision concern
3033,17,9,2024-07-20,13:00:00,Completed,Headache
3034,28,5,2025-01-18,11:00:00,Completed,Skin irritation
3035,696,6,2025-03-09,15:00:00,Completed,Routine consultation
3036,356,34,2025-03-26,17:00:00,Completed,Persistent pain
3037,262,20,2024-03-17,11:15:00,Completed,Annual check-up
3038,453,17,2024-02-27,14:30:00,Scheduled,Headache
3039,219,7,2025-11-27,13:45:00,Completed,Headache
3040,741,30,2024-05-06,17:00:00,Scheduled,Child wellness visit
3041,653,35,2025-02-11,14:30:00,Cancelled,Vision concern
3042,595,14,2025-03-15,13:45:00,Cancelled,Child wellness visit
3043,241,13,2026-06-21,13:45:00,Completed,Hearing concern
3044,573,30,2025-02-09,16:00:00,Completed,Respiratory symptoms
3045,51,12,2026-09-20,11:45:00,Cancelled,Test review
3046,91,35,2024-09-28,11:00:00,Cancelled,Follow-up visit
3047,578,12,2024-06-16,08:30:00,Completed,Skin irritation
3048,223,13,2026-05-20,10:45:00,Completed,Hearing concern
3049,137,14,2025-08-02,14:30:00,Completed,Persistent pain
3050,890,9,2024-11-25,11:15:00,Cancelled,Respiratory symptoms
3051,386,12,2024-09-21,10:45:00,Completed,Skin irritation
3052,637,11,2024-08-17,16:30:00,Completed,Routine consultation
3053,140,16,2025-12-03,10:00:00,Completed,Annual check-up
3054,706,1,2024-03-07,14:15:00,Completed,Persistent pain
3055,529,18,2024-10-27,10:15:00,No-show,Respiratory symptoms
3056,676,5,2025-09-11,17:15:00,Cancelled,Routine consultation
3057,819,31,2024-12-05,13:00:00,Completed,Annual check-up
3058,707,22,2024-05-09,14:00:00,Cancelled,Respiratory symptoms
3059,332,28,2025-08-05,17:00:00,Completed,Skin irritation
3060,128,2,2024-01-04,14:30:00,No-show,Skin irritation
3061,690,10,2024-07-07,14:15:00,Cancelled,Respiratory symptoms
3062,461,30,2025-04-23,11:15:00,No-show,Vision concern
3063,744,33,2025-12-17,08:45:00,Completed,Annual check-up
3064,748,31,2024-01-29,15:00:00,Completed,Headache
3065,54,16,2025-01-22,08:30:00,Completed,Persistent pain
3066,639,33,2026-03-26,12:15:00,Completed,Follow-up visit
3067,746,3,2025-10-17,15:30:00,Scheduled,Persistent pain
3068,508,18,2024-01-19,18:45:00,Completed,Headache
3069,519,11,2025-03-14,15:45:00,Completed,Joint discomfort
3070,3,28,2026-04-30,10:00:00,Cancelled,Skin irritation
3071,724,26,2024-07-14,16:30:00,Completed,Vision concern
3072,815,17,2026-08-26,14:00:00,Completed,Respiratory symptoms
3073,274,21,2025-09-01,15:15:00,Completed,Skin irritation
3074,602,32,2026-02-05,17:30:00,Cancelled,Joint discomfort
3075,809,5,2024-09-20,17:45:00,Completed,Test review
3076,636,21,2026-04-13,13:00:00,Cancelled,Joint discomfort
3077,720,14,2024-05-26,14:45:00,Completed,Persistent pain
3078,135,15,2026-09-25,17:30:00,Cancelled,Follow-up visit
3079,134,7,2024-06-09,16:00:00,Completed,Follow-up visit
3080,338,19,2025-07-29,13:15:00,Completed,Routine consultation
3081,717,5,2024-07-05,18:45:00,Completed,Test review
3082,897,11,2024-05-20,11:30:00,No-show,Annual check-up
3083,177,11,2024-12-15,14:45:00,Scheduled,Test review
3084,504,5,2026-05-17,16:15:00,Cancelled,Persistent pain
3085,210,29,2025-06-22,18:45:00,Completed,Hearing concern
3086,560,19,2024-03-10,14:00:00,Completed,Follow-up visit
3087,749,13,2025-12-15,12:30:00,Completed,Respiratory symptoms
3088,766,35,2026-09-22,12:45:00,Completed,Hearing concern
3089,333,33,2025-03-14,18:45:00,Completed,Joint discomfort
3090,794,25,2024-07-16,18:15:00,No-show,Joint discomfort
3091,879,29,2024-06-06,11:45:00,Cancelled,Routine consultation
3092,860,35,2024-03-01,17:15:00,Completed,Vision concern
3093,411,9,2024-01-08,09:45:00,Completed,Headache
3094,751,29,2025-12-01,16:45:00,No-show,Headache
3095,512,34,2026-08-27,14:30:00,Completed,Headache
3096,506,23,2024-04-12,10:30:00,Completed,Annual check-up
3097,6,1,2024-02-23,14:45:00,Completed,Vision concern
3098,828,34,2026-05-26,10:30:00,Scheduled,Headache
3099,74,27,2025-01-26,13:30:00,Completed,Persistent pain
3100,180,17,2026-06-01,12:30:00,Completed,Child wellness visit
3101,603,31,2026-08-13,12:00:00,Completed,Skin irritation
3102,207,34,2025-02-20,16:45:00,Completed,Skin irritation
3103,857,21,2026-04-20,15:00:00,Scheduled,Respiratory symptoms
3104,21,16,2025-02-22,11:00:00,Cancelled,Annual check-up
3105,830,18,2024-06-06,11:45:00,Completed,Routine consultation
3106,817,22,2026-01-18,08:15:00,Completed,Joint discomfort
3107,796,18,2026-02-03,09:15:00,Completed,Joint discomfort
3108,13,28,2025-10-15,09:45:00,Completed,Joint discomfort
3109,899,32,2024-05-18,12:30:00,No-show,Child wellness visit
3110,276,8,2024-08-02,13:45:00,Completed,Child wellness visit
3111,14,20,2024-11-21,08:45:00,Completed,Vision concern
3112,770,32,2024-11-02,16:00:00,Completed,Respiratory symptoms
3113,656,15,2025-08-09,12:00:00,Cancelled,Joint discomfort
3114,849,3,2024-05-23,18:45:00,Completed,Test review
3115,632,17,2024-10-03,10:00:00,Cancelled,Follow-up visit
3116,363,34,2025-09-06,10:30:00,Completed,Joint discomfort
3117,862,2,2025-04-24,11:30:00,Completed,Skin irritation
3118,99,29,2025-11-11,15:45:00,Completed,Vision concern
3119,472,24,2025-09-16,13:00:00,Completed,Follow-up visit
3120,526,28,2026-01-25,12:15:00,Completed,Child wellness visit
3121,535,9,2026-05-09,17:30:00,Scheduled,Child wellness visit
3122,895,26,2025-12-14,16:30:00,Completed,Vision concern
3123,163,16,2025-10-24,11:15:00,No-show,Vision concern
3124,32,24,2026-01-09,16:45:00,Scheduled,Annual check-up
3125,170,30,2025-03-06,15:30:00,No-show,Skin irritation
3126,102,29,2024-07-16,08:45:00,Completed,Joint discomfort
3127,219,6,2025-01-15,09:00:00,Completed,Child wellness visit
3128,154,19,2026-03-08,10:45:00,Cancelled,Headache
3129,577,20,2025-02-28,17:00:00,No-show,Persistent pain
3130,242,9,2025-04-16,10:15:00,Completed,Follow-up visit
3131,462,33,2026-08-26,17:00:00,No-show,Persistent pain
3132,234,31,2025-11-26,17:00:00,Completed,Vision concern
3133,324,18,2026-06-12,16:45:00,Completed,Child wellness visit
3134,288,30,2025-04-02,17:30:00,Scheduled,Follow-up visit
3135,643,29,2025-03-06,15:30:00,Completed,Joint discomfort
3136,538,5,2026-04-18,16:00:00,Cancelled,Test review
3137,216,30,2025-06-10,09:30:00,Completed,Headache
3138,506,4,2025-07-25,17:30:00,Completed,Joint discomfort
3139,781,25,2024-06-20,14:15:00,Completed,Child wellness visit
3140,525,29,2025-02-24,11:00:00,Cancelled,Routine consultation
3141,702,31,2025-02-12,09:15:00,Completed,Vision concern
3142,698,7,2024-07-03,09:00:00,Completed,Headache
3143,756,6,2025-07-14,16:00:00,Completed,Joint discomfort
3144,663,35,2025-06-19,18:45:00,Cancelled,Follow-up visit
3145,524,9,2026-04-15,08:45:00,Completed,Vision concern
3146,398,3,2026-06-13,09:00:00,Completed,Persistent pain
3147,225,31,2026-03-09,10:15:00,Completed,Joint discomfort
3148,237,15,2024-10-08,16:45:00,Completed,Joint discomfort
3149,466,3,2024-09-05,13:00:00,Completed,Headache
3150,472,33,2025-09-20,14:15:00,No-show,Skin irritation
3151,347,23,2025-12-08,15:00:00,Cancelled,Respiratory symptoms
3152,242,7,2026-02-23,10:15:00,Completed,Headache
3153,349,3,2025-11-28,13:45:00,Completed,Routine consultation
3154,367,9,2025-10-21,09:45:00,Completed,Hearing concern
3155,899,15,2025-06-12,12:30:00,Completed,Annual check-up
3156,377,33,2025-07-04,11:00:00,No-show,Annual check-up
3157,66,20,2026-06-28,15:00:00,Completed,Test review
3158,105,10,2026-08-16,11:30:00,Cancelled,Skin irritation
3159,411,35,2025-03-30,09:30:00,Completed,Vision concern
3160,839,35,2025-09-08,09:00:00,Completed,Respiratory symptoms
3161,900,29,2025-09-24,15:00:00,Cancelled,Persistent pain
3162,238,20,2026-04-03,18:30:00,Completed,Child wellness visit
3163,299,17,2025-02-25,15:30:00,Completed,Skin irritation
3164,840,28,2026-01-13,14:30:00,Cancelled,Follow-up visit
3165,443,14,2026-08-18,10:30:00,Completed,Respiratory symptoms
3166,519,14,2026-06-08,09:30:00,Completed,Respiratory symptoms
3167,375,29,2025-12-24,10:15:00,Completed,Skin irritation
3168,107,33,2025-02-06,16:15:00,Scheduled,Persistent pain
3169,579,6,2024-12-05,16:30:00,No-show,Hearing concern
3170,312,11,2026-04-21,11:15:00,Completed,Follow-up visit
3171,385,24,2024-03-11,16:30:00,Completed,Annual check-up
3172,551,16,2025-08-20,14:45:00,Completed,Respiratory symptoms
3173,213,20,2024-10-25,14:45:00,Scheduled,Vision concern
3174,181,8,2024-12-19,18:30:00,Completed,Hearing concern
3175,85,32,2024-10-01,17:00:00,Completed,Respiratory symptoms
3176,4,22,2024-01-14,10:15:00,Completed,Hearing concern
3177,97,26,2025-08-01,16:00:00,Completed,Annual check-up
3178,102,15,2026-03-17,12:30:00,Completed,Vision concern
3179,716,4,2025-12-23,17:30:00,Cancelled,Skin irritation
3180,711,32,2026-04-10,15:30:00,Completed,Persistent pain
3181,606,9,2025-07-02,14:30:00,Completed,Skin irritation
3182,207,2,2026-04-11,10:45:00,No-show,Hearing concern
3183,357,2,2025-08-11,18:45:00,Scheduled,Persistent pain
3184,120,13,2025-03-01,14:45:00,Completed,Joint discomfort
3185,765,25,2025-03-01,14:45:00,No-show,Routine consultation
3186,143,21,2026-02-03,14:15:00,Completed,Routine consultation
3187,138,9,2024-05-16,18:15:00,Completed,Joint discomfort
3188,558,3,2024-03-15,11:45:00,No-show,Child wellness visit
3189,227,27,2025-05-14,13:00:00,Completed,Respiratory symptoms
3190,630,5,2024-12-01,10:30:00,Completed,Vision concern
3191,124,18,2024-10-27,08:15:00,Completed,Headache
3192,65,30,2024-11-07,14:30:00,Completed,Annual check-up
3193,144,25,2026-04-13,08:00:00,Completed,Skin irritation
3194,502,9,2025-01-23,11:00:00,Completed,Headache
3195,753,25,2026-07-04,17:30:00,Completed,Persistent pain
3196,655,12,2025-05-12,18:45:00,Completed,Annual check-up
3197,832,6,2024-11-01,17:00:00,Completed,Child wellness visit
3198,332,1,2026-09-23,10:30:00,Completed,Test review
3199,740,14,2026-05-01,12:30:00,No-show,Annual check-up
3200,897,26,2025-05-07,10:15:00,Completed,Child wellness visit
3201,235,1,2024-11-03,15:15:00,No-show,Follow-up visit
3202,259,24,2024-10-09,14:00:00,Completed,Respiratory symptoms
3203,300,13,2024-06-01,13:00:00,Completed,Test review
3204,801,30,2025-06-22,16:45:00,Completed,Headache
3205,219,5,2024-05-17,08:30:00,Completed,Headache
3206,293,16,2025-03-27,15:45:00,Completed,Child wellness visit
3207,199,4,2025-12-16,16:30:00,Completed,Routine consultation
3208,103,35,2025-05-06,11:00:00,Completed,Joint discomfort
3209,87,21,2024-04-04,09:30:00,Completed,Respiratory symptoms
3210,548,27,2024-06-23,18:00:00,No-show,Routine consultation
3211,498,5,2025-07-15,15:00:00,Completed,Hearing concern
3212,416,34,2024-11-23,14:30:00,Completed,Respiratory symptoms
3213,860,4,2025-02-20,18:00:00,Completed,Vision concern
3214,842,13,2024-09-07,09:30:00,No-show,Persistent pain
3215,724,13,2024-01-13,14:00:00,Completed,Skin irritation
3216,56,12,2026-09-08,16:45:00,Cancelled,Hearing concern
3217,708,22,2026-07-20,08:30:00,Cancelled,Persistent pain
3218,173,19,2026-01-28,09:00:00,Completed,Persistent pain
3219,28,26,2025-02-22,15:00:00,Completed,Follow-up visit
3220,263,21,2026-01-26,17:15:00,Completed,Vision concern
3221,435,16,2024-07-29,16:15:00,Completed,Persistent pain
3222,285,3,2024-02-02,13:15:00,Cancelled,Joint discomfort
3223,134,12,2025-11-11,10:00:00,Completed,Persistent pain
3224,671,2,2024-04-07,18:00:00,Cancelled,Follow-up visit
3225,777,14,2024-09-19,16:30:00,Completed,Joint discomfort
3226,104,13,2024-08-21,18:15:00,Completed,Child wellness visit
3227,388,8,2026-03-26,11:15:00,Completed,Joint discomfort
3228,261,22,2026-05-02,14:30:00,Completed,Skin irritation
3229,312,12,2025-05-27,14:30:00,Scheduled,Annual check-up
3230,625,29,2025-03-14,08:15:00,Completed,Child wellness visit
3231,441,28,2024-07-16,12:15:00,Scheduled,Test review
3232,830,23,2024-09-10,14:45:00,Completed,Respiratory symptoms
3233,641,16,2024-10-10,18:30:00,Completed,Respiratory symptoms
3234,851,15,2024-12-30,14:00:00,Completed,Persistent pain
3235,393,26,2025-01-14,13:00:00,Completed,Vision concern
3236,162,24,2026-03-17,11:00:00,Completed,Vision concern
3237,427,20,2024-04-17,12:45:00,Scheduled,Headache
3238,225,16,2025-02-18,17:30:00,Completed,Respiratory symptoms
3239,797,18,2026-08-03,14:45:00,Scheduled,Hearing concern
3240,239,22,2024-08-01,16:45:00,Completed,Hearing concern
3241,785,22,2026-02-04,11:15:00,Completed,Test review
3242,774,25,2025-05-20,17:15:00,Completed,Headache
3243,487,6,2024-06-09,18:45:00,Cancelled,Test review
3244,429,13,2026-02-01,18:15:00,Completed,Skin irritation
3245,676,19,2025-02-24,16:30:00,Completed,Vision concern
3246,253,2,2025-02-26,09:45:00,Scheduled,Persistent pain
3247,304,31,2025-08-27,18:15:00,Completed,Child wellness visit
3248,807,5,2025-03-01,09:30:00,Cancelled,Hearing concern
3249,513,6,2024-04-13,14:15:00,Scheduled,Follow-up visit
3250,30,16,2024-01-24,15:15:00,Completed,Vision concern
3251,61,31,2025-12-08,10:00:00,No-show,Annual check-up
3252,550,28,2026-04-14,15:00:00,Completed,Persistent pain
3253,396,18,2025-08-10,11:00:00,Completed,Follow-up visit
3254,293,26,2026-03-13,11:30:00,Scheduled,Respiratory symptoms
3255,407,12,2024-11-27,18:30:00,Cancelled,Test review
3256,593,11,2025-02-01,12:30:00,Scheduled,Skin irritation
3257,836,13,2025-09-04,09:45:00,Completed,Joint discomfort
3258,882,20,2024-01-12,11:45:00,Cancelled,Annual check-up
3259,518,6,2025-11-14,09:15:00,Completed,Test review
3260,393,19,2025-08-03,15:00:00,Completed,Respiratory symptoms
3261,689,2,2025-02-25,18:15:00,Completed,Skin irritation
3262,615,8,2024-02-03,09:45:00,Completed,Headache
3263,805,2,2024-04-26,14:15:00,Completed,Annual check-up
3264,749,3,2026-02-18,09:15:00,Completed,Annual check-up
3265,279,14,2025-05-02,18:45:00,Cancelled,Hearing concern
3266,820,14,2026-09-06,18:30:00,Completed,Follow-up visit
3267,289,3,2026-04-25,17:30:00,Completed,Routine consultation
3268,73,28,2025-05-20,17:15:00,Completed,Annual check-up
3269,558,6,2024-04-16,14:00:00,No-show,Joint discomfort
3270,671,6,2026-03-01,08:00:00,Cancelled,Hearing concern
3271,166,3,2024-06-03,16:45:00,Cancelled,Follow-up visit
3272,414,35,2024-02-03,09:00:00,Completed,Persistent pain
3273,125,13,2024-09-21,16:30:00,Completed,Annual check-up
3274,160,4,2024-08-02,13:15:00,Completed,Routine consultation
3275,713,31,2025-08-02,18:00:00,Completed,Joint discomfort
3276,103,14,2026-07-31,16:45:00,Completed,Headache
3277,807,31,2024-04-11,09:45:00,Completed,Persistent pain
3278,802,7,2025-08-19,18:30:00,No-show,Routine consultation
3279,139,20,2026-07-16,15:00:00,Completed,Child wellness visit
3280,569,6,2024-10-23,09:00:00,Completed,Child wellness visit
3281,471,20,2024-11-20,10:45:00,No-show,Follow-up visit
3282,792,14,2026-09-20,14:45:00,Cancelled,Headache
3283,503,25,2024-10-28,14:15:00,Completed,Skin irritation
3284,568,6,2024-02-08,18:45:00,Completed,Follow-up visit
3285,674,25,2024-05-05,17:30:00,Completed,Hearing concern
3286,156,8,2024-12-22,12:00:00,Completed,Skin irritation
3287,85,22,2024-08-11,13:00:00,Completed,Hearing concern
3288,444,12,2025-02-01,09:45:00,Completed,Headache
3289,346,11,2024-11-26,10:45:00,Scheduled,Follow-up visit
3290,3,9,2025-10-10,13:30:00,Completed,Follow-up visit
3291,725,30,2025-08-20,16:30:00,Completed,Headache
3292,437,25,2025-09-11,12:15:00,No-show,Routine consultation
3293,379,7,2025-08-28,18:30:00,Completed,Headache
3294,680,26,2024-08-01,13:30:00,Scheduled,Annual check-up
3295,150,12,2025-04-04,18:00:00,Completed,Vision concern
3296,414,9,2026-02-17,18:30:00,Completed,Routine consultation
3297,266,25,2026-06-13,08:45:00,Completed,Routine consultation
3298,85,19,2026-05-29,18:30:00,Completed,Skin irritation
3299,6,25,2025-06-05,18:45:00,Cancelled,Annual check-up
3300,42,33,2025-03-31,09:00:00,Completed,Hearing concern
3301,833,27,2025-02-22,16:00:00,Completed,Follow-up visit
3302,498,9,2025-07-03,10:00:00,Completed,Persistent pain
3303,197,33,2026-01-07,09:00:00,Completed,Hearing concern
3304,166,9,2024-08-22,10:15:00,Completed,Child wellness visit
3305,159,19,2024-01-14,16:30:00,Completed,Persistent pain
3306,539,13,2025-01-01,17:30:00,Completed,Annual check-up
3307,95,3,2026-01-13,16:30:00,Completed,Follow-up visit
3308,234,24,2026-06-30,09:00:00,No-show,Headache
3309,684,2,2026-04-25,13:15:00,Completed,Respiratory symptoms
3310,150,11,2026-02-23,18:15:00,No-show,Routine consultation
3311,811,28,2024-10-23,09:30:00,No-show,Child wellness visit
3312,42,30,2025-06-20,11:00:00,Completed,Child wellness visit
3313,18,5,2024-01-25,12:00:00,Completed,Test review
3314,338,16,2024-11-04,09:30:00,Cancelled,Persistent pain
3315,806,33,2026-02-18,09:30:00,Completed,Child wellness visit
3316,420,30,2024-10-21,18:15:00,Completed,Persistent pain
3317,88,33,2025-11-21,16:15:00,Completed,Skin irritation
3318,775,23,2025-05-24,16:00:00,Completed,Skin irritation
3319,476,8,2025-11-14,10:00:00,Completed,Hearing concern
3320,636,29,2024-09-13,11:45:00,Completed,Routine consultation
3321,327,22,2025-07-19,13:30:00,Cancelled,Headache
3322,607,20,2025-12-15,08:30:00,Completed,Test review
3323,1,27,2025-09-09,14:00:00,Scheduled,Headache
3324,157,34,2025-09-14,16:45:00,Completed,Follow-up visit
3325,746,4,2025-02-01,13:45:00,Completed,Skin irritation
3326,464,18,2025-01-15,15:00:00,Completed,Headache
3327,148,29,2025-02-28,09:15:00,Completed,Child wellness visit
3328,71,20,2025-08-24,16:00:00,Completed,Skin irritation
3329,651,2,2025-06-08,12:15:00,Completed,Vision concern
3330,631,11,2025-10-17,17:45:00,Completed,Annual check-up
3331,471,32,2026-05-30,10:30:00,Cancelled,Routine consultation
3332,545,19,2025-11-22,10:15:00,Scheduled,Annual check-up
3333,179,14,2024-11-04,16:00:00,Scheduled,Annual check-up
3334,82,30,2025-12-27,10:30:00,Completed,Headache
3335,351,16,2026-08-22,14:00:00,Completed,Headache
3336,323,30,2024-10-15,17:00:00,Completed,Respiratory symptoms
3337,577,25,2024-01-16,10:30:00,Completed,Respiratory symptoms
3338,63,16,2026-02-20,11:15:00,Completed,Joint discomfort
3339,814,22,2025-11-22,17:30:00,Completed,Skin irritation
3340,869,6,2024-11-25,18:15:00,Completed,Skin irritation
3341,48,18,2024-01-21,10:45:00,Completed,Test review
3342,633,6,2025-03-29,10:00:00,Completed,Persistent pain
3343,615,9,2026-04-29,10:00:00,Completed,Vision concern
3344,476,35,2026-08-07,10:00:00,Completed,Skin irritation
3345,605,12,2026-07-10,14:45:00,Completed,Respiratory symptoms
3346,880,1,2025-02-09,11:15:00,Cancelled,Routine consultation
3347,221,8,2026-05-09,11:15:00,Completed,Annual check-up
3348,545,23,2024-01-08,10:15:00,Completed,Follow-up visit
3349,688,4,2024-04-18,17:15:00,Completed,Skin irritation
3350,383,15,2025-05-16,17:45:00,Completed,Routine consultation
3351,3,4,2025-10-23,08:15:00,Scheduled,Hearing concern
3352,350,28,2024-04-11,14:15:00,Completed,Headache
3353,386,18,2025-12-17,15:00:00,Completed,Headache
3354,363,20,2024-01-03,15:15:00,Completed,Annual check-up
3355,813,23,2026-01-14,11:15:00,Scheduled,Follow-up visit
3356,395,30,2025-04-21,16:00:00,Completed,Vision concern
3357,297,29,2026-01-21,12:15:00,Completed,Test review
3358,122,19,2026-08-25,13:15:00,Completed,Test review
3359,107,6,2025-11-17,15:45:00,Completed,Vision concern
3360,729,28,2024-12-14,08:30:00,Completed,Respiratory symptoms
3361,664,27,2024-03-09,10:00:00,Scheduled,Persistent pain
3362,568,6,2026-04-21,18:30:00,Completed,Routine consultation
3363,417,5,2026-03-27,17:00:00,Completed,Skin irritation
3364,71,8,2025-02-04,15:45:00,Completed,Hearing concern
3365,846,31,2025-10-09,14:15:00,Completed,Persistent pain
3366,155,13,2025-12-01,15:00:00,Completed,Joint discomfort
3367,160,5,2026-06-08,10:45:00,Cancelled,Child wellness visit
3368,738,19,2025-10-24,16:30:00,Completed,Respiratory symptoms
3369,86,6,2024-10-19,10:30:00,Completed,Routine consultation
3370,30,16,2025-04-09,13:15:00,Completed,Child wellness visit
3371,579,10,2026-06-13,11:00:00,Completed,Annual check-up
3372,448,23,2025-09-05,18:45:00,Completed,Skin irritation
3373,130,31,2026-02-12,16:30:00,Completed,Hearing concern
3374,568,13,2026-03-31,18:45:00,Completed,Joint discomfort
3375,74,22,2026-07-06,11:15:00,Completed,Follow-up visit
3376,798,18,2025-11-14,08:45:00,Cancelled,Persistent pain
3377,718,28,2025-02-06,12:15:00,Completed,Skin irritation
3378,893,24,2024-03-06,10:45:00,Completed,Annual check-up
3379,324,23,2024-08-13,11:45:00,No-show,Headache
3380,689,26,2024-11-17,14:45:00,No-show,Annual check-up
3381,542,29,2025-06-07,12:45:00,Completed,Annual check-up
3382,834,19,2025-12-26,13:00:00,Completed,Vision concern
3383,641,9,2024-11-18,08:45:00,Completed,Joint discomfort
3384,429,21,2025-01-27,16:30:00,Cancelled,Persistent pain
3385,839,4,2026-06-06,14:15:00,Scheduled,Vision concern
3386,729,32,2024-07-02,17:15:00,Scheduled,Test review
3387,23,29,2025-08-21,11:30:00,Scheduled,Annual check-up
3388,888,9,2024-03-15,10:00:00,Completed,Hearing concern
3389,381,1,2024-07-09,10:15:00,Completed,Respiratory symptoms
3390,473,1,2024-10-20,13:45:00,Scheduled,Respiratory symptoms
3391,879,9,2025-01-17,09:30:00,Scheduled,Routine consultation
3392,470,2,2024-07-27,11:15:00,Completed,Respiratory symptoms
3393,569,10,2026-03-03,11:15:00,Completed,Test review
3394,160,4,2026-08-06,17:30:00,Completed,Test review
3395,405,32,2025-02-13,15:00:00,Completed,Vision concern
3396,646,15,2025-11-18,10:45:00,Completed,Follow-up visit
3397,69,9,2026-06-23,10:00:00,Cancelled,Routine consultation
3398,738,34,2024-10-26,16:30:00,Completed,Annual check-up
3399,792,35,2024-07-27,11:15:00,Completed,Respiratory symptoms
3400,692,25,2024-01-24,16:15:00,No-show,Test review
3401,554,26,2025-05-25,18:00:00,Scheduled,Vision concern
3402,9,22,2025-10-17,18:30:00,Completed,Annual check-up
3403,446,9,2024-01-25,16:30:00,Cancelled,Annual check-up
3404,582,4,2024-04-26,11:15:00,Completed,Headache
3405,782,6,2026-07-18,17:15:00,Completed,Hearing concern
3406,896,1,2024-03-20,09:30:00,Completed,Follow-up visit
3407,487,23,2026-03-16,16:00:00,Completed,Routine consultation
3408,222,34,2026-01-21,16:00:00,Completed,Hearing concern
3409,70,4,2024-10-15,08:30:00,Completed,Headache
3410,416,25,2026-07-04,16:30:00,Completed,Skin irritation
3411,854,22,2024-07-14,16:00:00,Completed,Hearing concern
3412,223,31,2024-11-13,15:30:00,Completed,Routine consultation
3413,202,3,2025-10-01,18:00:00,Completed,Vision concern
3414,529,21,2025-01-25,12:45:00,Completed,Respiratory symptoms
3415,563,17,2024-02-06,09:00:00,Completed,Respiratory symptoms
3416,810,7,2025-02-18,17:15:00,Completed,Follow-up visit
3417,447,6,2024-04-19,13:45:00,Completed,Child wellness visit
3418,433,8,2024-03-28,17:45:00,Cancelled,Vision concern
3419,450,23,2025-08-16,16:15:00,Completed,Persistent pain
3420,424,5,2025-05-02,08:30:00,Cancelled,Headache
3421,550,14,2025-01-18,11:30:00,Completed,Child wellness visit
3422,69,23,2025-03-08,13:45:00,Scheduled,Child wellness visit
3423,379,16,2025-01-08,11:15:00,Completed,Joint discomfort
3424,789,33,2024-06-16,12:15:00,Completed,Hearing concern
3425,146,7,2025-04-24,15:30:00,Completed,Follow-up visit
3426,698,22,2025-07-06,12:45:00,Completed,Respiratory symptoms
3427,620,14,2024-01-05,11:00:00,Completed,Child wellness visit
3428,350,14,2024-06-10,15:15:00,Completed,Vision concern
3429,441,15,2024-09-18,13:00:00,Completed,Test review
3430,728,4,2024-06-17,13:15:00,Cancelled,Headache
3431,308,28,2024-04-19,11:00:00,Cancelled,Respiratory symptoms
3432,838,13,2026-08-21,08:45:00,Completed,Test review
3433,863,1,2025-10-16,15:15:00,Completed,Test review
3434,865,11,2026-08-30,15:45:00,Completed,Test review
3435,774,8,2024-05-03,16:30:00,Completed,Persistent pain
3436,710,31,2025-10-30,16:45:00,Completed,Joint discomfort
3437,63,1,2025-03-29,09:15:00,Completed,Persistent pain
3438,734,18,2024-05-24,11:30:00,Completed,Respiratory symptoms
3439,222,4,2024-12-23,18:45:00,Cancelled,Test review
3440,679,29,2025-04-25,09:45:00,No-show,Hearing concern
3441,594,31,2024-04-20,14:30:00,Scheduled,Vision concern
3442,359,26,2025-02-16,15:45:00,Completed,Joint discomfort
3443,625,25,2025-06-20,11:15:00,Completed,Annual check-up
3444,17,2,2025-09-21,13:15:00,Completed,Annual check-up
3445,142,25,2025-11-29,13:15:00,Scheduled,Joint discomfort
3446,206,12,2024-05-10,09:00:00,Scheduled,Skin irritation
3447,639,1,2025-04-14,08:30:00,Scheduled,Respiratory symptoms
3448,688,16,2025-03-07,08:00:00,Completed,Hearing concern
3449,601,8,2024-03-25,13:00:00,Scheduled,Follow-up visit
3450,45,5,2025-02-10,10:45:00,Completed,Child wellness visit
3451,34,9,2025-02-14,13:15:00,Completed,Respiratory symptoms
3452,345,30,2026-06-03,16:15:00,Completed,Annual check-up
3453,520,33,2025-12-31,11:30:00,Completed,Follow-up visit
3454,615,12,2024-04-20,12:45:00,Completed,Follow-up visit
3455,838,17,2025-01-28,11:45:00,No-show,Vision concern
3456,874,19,2025-11-26,11:15:00,Completed,Skin irritation
3457,94,32,2025-12-10,10:45:00,Completed,Persistent pain
3458,798,34,2024-05-25,12:45:00,Completed,Annual check-up
3459,879,11,2026-01-07,15:15:00,Completed,Routine consultation
3460,831,3,2025-12-06,18:15:00,Completed,Vision concern
3461,681,4,2024-03-29,12:45:00,Scheduled,Headache
3462,89,2,2025-07-26,13:30:00,Completed,Persistent pain
3463,508,8,2025-02-14,18:15:00,Scheduled,Hearing concern
3464,713,13,2024-08-28,13:45:00,Cancelled,Skin irritation
3465,391,13,2026-04-11,08:00:00,Cancelled,Routine consultation
3466,740,3,2025-08-26,08:15:00,Completed,Respiratory symptoms
3467,534,8,2026-01-14,08:30:00,Cancelled,Child wellness visit
3468,46,12,2025-06-23,18:15:00,Completed,Annual check-up
3469,67,22,2025-07-10,17:15:00,Completed,Routine consultation
3470,637,15,2024-02-20,12:15:00,Completed,Vision concern
3471,435,6,2024-09-05,14:45:00,Completed,Hearing concern
3472,26,33,2026-03-18,09:15:00,No-show,Hearing concern
3473,651,28,2025-06-16,09:30:00,Cancelled,Joint discomfort
3474,311,30,2026-07-04,12:45:00,Cancelled,Headache
3475,736,15,2024-03-16,09:00:00,No-show,Hearing concern
3476,562,14,2025-11-21,11:00:00,Cancelled,Vision concern
3477,510,13,2025-09-11,15:30:00,No-show,Follow-up visit
3478,572,8,2026-02-03,12:15:00,Completed,Joint discomfort
3479,239,31,2025-02-21,13:00:00,Scheduled,Follow-up visit
3480,416,32,2025-03-13,15:00:00,Completed,Respiratory symptoms
3481,408,9,2025-11-04,16:15:00,Completed,Skin irritation
3482,443,35,2025-06-22,18:30:00,Completed,Test review
3483,671,26,2026-06-19,18:15:00,Completed,Vision concern
3484,177,11,2024-07-07,14:45:00,Completed,Child wellness visit
3485,851,33,2024-01-12,17:15:00,Completed,Vision concern
3486,88,26,2026-04-16,13:15:00,Completed,Hearing concern
3487,617,35,2026-09-17,17:00:00,Completed,Joint discomfort
3488,598,16,2026-04-07,13:00:00,Completed,Headache
3489,638,31,2025-05-06,15:15:00,Completed,Joint discomfort
3490,857,32,2025-01-24,12:00:00,Completed,Skin irritation
3491,571,24,2026-09-09,16:00:00,Completed,Follow-up visit
3492,728,19,2024-05-07,15:00:00,Cancelled,Vision concern
3493,338,31,2025-07-18,17:15:00,Completed,Persistent pain
3494,605,23,2026-06-07,14:30:00,Cancelled,Child wellness visit
3495,546,29,2024-03-23,18:00:00,Cancelled,Annual check-up
3496,539,28,2024-02-10,08:30:00,Scheduled,Routine consultation
3497,736,12,2024-09-25,12:15:00,Completed,Respiratory symptoms
3498,575,32,2024-12-23,18:45:00,No-show,Hearing concern
3499,239,2,2026-03-03,10:15:00,Completed,Follow-up visit
3500,749,10,2024-12-14,18:00:00,Completed,Child wellness visit
3501,401,3,2025-05-20,12:15:00,Completed,Routine consultation
3502,412,23,2024-06-01,10:15:00,Completed,Skin irritation
3503,418,14,2026-04-20,09:00:00,Completed,Routine consultation
3504,14,32,2025-10-16,11:00:00,No-show,Annual check-up
3505,805,12,2026-07-15,14:45:00,Completed,Test review
3506,825,29,2025-01-07,11:45:00,No-show,Test review
3507,651,19,2024-01-26,13:45:00,Cancelled,Test review
3508,95,18,2024-11-08,14:30:00,Cancelled,Hearing concern
3509,796,32,2024-09-18,08:45:00,Completed,Respiratory symptoms
3510,808,14,2025-01-05,18:30:00,Completed,Headache
3511,225,17,2024-12-04,09:30:00,Completed,Vision concern
3512,563,35,2025-11-09,14:30:00,No-show,Child wellness visit
3513,204,18,2025-06-02,11:30:00,Completed,Skin irritation
3514,678,23,2025-11-01,16:45:00,Completed,Vision concern
3515,853,32,2024-08-09,14:45:00,Cancelled,Child wellness visit
3516,321,16,2024-06-06,08:45:00,Completed,Child wellness visit
3517,483,1,2026-08-04,16:30:00,Completed,Hearing concern
3518,419,14,2025-11-03,18:30:00,Completed,Test review
3519,441,22,2026-06-06,16:00:00,Completed,Test review
3520,810,20,2024-11-22,08:30:00,No-show,Routine consultation
3521,611,12,2025-06-28,12:45:00,Completed,Test review
3522,843,1,2024-02-22,15:15:00,Completed,Joint discomfort
3523,777,13,2025-08-03,08:45:00,Completed,Test review
3524,502,10,2026-05-14,17:30:00,Completed,Headache
3525,683,1,2024-09-04,16:00:00,Completed,Persistent pain
3526,344,23,2024-04-22,13:00:00,Completed,Test review
3527,714,1,2024-11-03,13:00:00,Completed,Child wellness visit
3528,97,20,2024-08-02,13:15:00,Cancelled,Persistent pain
3529,476,17,2026-03-01,18:15:00,Cancelled,Respiratory symptoms
3530,636,22,2024-07-11,09:00:00,Completed,Skin irritation
3531,673,23,2025-08-12,08:30:00,No-show,Persistent pain
3532,411,23,2024-07-08,15:30:00,Completed,Vision concern
3533,861,25,2026-07-16,10:30:00,Completed,Routine consultation
3534,537,24,2025-05-22,11:15:00,Completed,Hearing concern
3535,359,23,2024-10-26,13:00:00,Completed,Vision concern
3536,42,6,2025-08-21,11:30:00,Completed,Respiratory symptoms
3537,682,20,2024-12-18,13:30:00,Scheduled,Skin irritation
3538,706,30,2025-12-16,08:45:00,Completed,Persistent pain
3539,557,7,2025-03-01,15:15:00,Completed,Annual check-up
3540,395,7,2026-05-13,10:00:00,Completed,Respiratory symptoms
3541,384,28,2026-01-06,10:45:00,Completed,Follow-up visit
3542,178,28,2024-01-30,16:30:00,Completed,Child wellness visit
3543,803,29,2025-02-05,10:00:00,Completed,Routine consultation
3544,435,15,2024-03-26,17:45:00,Completed,Skin irritation
3545,634,22,2026-08-30,09:45:00,Scheduled,Routine consultation
3546,319,22,2024-02-03,13:15:00,Cancelled,Persistent pain
3547,694,27,2025-03-27,11:00:00,No-show,Skin irritation
3548,288,15,2026-04-27,16:00:00,Completed,Headache
3549,871,6,2025-11-04,12:15:00,Completed,Headache
3550,623,16,2025-02-14,12:30:00,Completed,Hearing concern
3551,149,12,2026-03-15,11:00:00,Completed,Persistent pain
3552,483,24,2026-02-24,13:45:00,Completed,Persistent pain
3553,621,5,2024-04-22,13:30:00,Completed,Test review
3554,293,17,2024-07-17,09:15:00,Completed,Skin irritation
3555,447,24,2024-08-18,09:00:00,Scheduled,Persistent pain
3556,681,31,2025-05-10,09:00:00,Completed,Vision concern
3557,151,8,2026-08-29,18:45:00,Completed,Vision concern
3558,802,22,2026-04-08,09:45:00,Completed,Persistent pain
3559,522,8,2026-05-12,14:15:00,Scheduled,Follow-up visit
3560,762,4,2026-01-18,16:45:00,Completed,Joint discomfort
3561,160,11,2024-04-10,17:15:00,Completed,Follow-up visit
3562,806,21,2025-03-29,11:45:00,Completed,Respiratory symptoms
3563,117,2,2025-01-02,10:45:00,Completed,Respiratory symptoms
3564,659,19,2024-12-20,17:00:00,Completed,Skin irritation
3565,58,17,2024-10-07,13:00:00,Completed,Persistent pain
3566,7,9,2026-03-05,18:45:00,Scheduled,Child wellness visit
3567,250,32,2025-07-22,17:00:00,Cancelled,Test review
3568,318,23,2026-06-20,08:15:00,Completed,Child wellness visit
3569,410,29,2026-02-18,14:00:00,Completed,Routine consultation
3570,279,1,2025-09-11,11:30:00,Completed,Test review
3571,471,23,2024-10-31,18:00:00,Completed,Test review
3572,150,16,2026-03-18,14:00:00,Completed,Skin irritation
3573,851,9,2025-04-02,10:00:00,Completed,Headache
3574,103,16,2024-09-07,12:45:00,Completed,Child wellness visit
3575,318,11,2024-06-01,08:00:00,Completed,Hearing concern
3576,561,11,2025-01-05,11:15:00,Completed,Child wellness visit
3577,758,13,2025-12-02,09:45:00,Completed,Test review
3578,799,27,2024-08-15,14:00:00,Completed,Joint discomfort
3579,693,6,2025-10-26,15:15:00,Scheduled,Joint discomfort
3580,13,30,2026-02-06,16:30:00,Completed,Vision concern
3581,494,12,2024-02-17,08:00:00,Completed,Follow-up visit
3582,264,7,2026-03-10,08:45:00,Cancelled,Respiratory symptoms
3583,117,28,2024-09-04,12:30:00,Cancelled,Routine consultation
3584,814,35,2026-05-08,17:30:00,Completed,Skin irritation
3585,470,1,2025-06-25,13:00:00,Scheduled,Joint discomfort
3586,772,6,2025-09-29,12:30:00,Completed,Headache
3587,431,31,2024-05-25,17:45:00,Completed,Vision concern
3588,843,8,2025-09-06,10:45:00,Completed,Follow-up visit
3589,242,29,2025-04-01,18:00:00,Scheduled,Hearing concern
3590,514,33,2025-03-01,10:45:00,Completed,Headache
3591,411,7,2024-05-17,14:45:00,No-show,Respiratory symptoms
3592,557,15,2026-08-20,08:30:00,Completed,Skin irritation
3593,470,7,2024-07-19,16:45:00,Scheduled,Routine consultation
3594,170,9,2024-08-10,18:30:00,Completed,Follow-up visit
3595,310,20,2026-03-17,14:45:00,Completed,Vision concern
3596,210,14,2024-01-01,12:00:00,Completed,Respiratory symptoms
3597,427,7,2025-12-01,12:15:00,Completed,Follow-up visit
3598,384,12,2024-10-29,16:15:00,Completed,Vision concern
3599,545,27,2024-07-31,14:30:00,Completed,Annual check-up
3600,398,21,2025-01-21,16:45:00,Completed,Respiratory symptoms
3601,23,14,2025-01-21,16:15:00,Completed,Annual check-up
3602,555,15,2025-05-13,18:15:00,Completed,Skin irritation
3603,707,6,2026-02-22,13:15:00,Scheduled,Persistent pain
3604,799,8,2025-11-08,18:15:00,Completed,Routine consultation
3605,393,22,2025-09-04,11:30:00,Completed,Annual check-up
3606,52,25,2026-01-30,18:15:00,Completed,Follow-up visit
3607,557,29,2024-06-23,10:15:00,Completed,Follow-up visit
3608,532,13,2024-01-21,09:00:00,Completed,Joint discomfort
3609,792,26,2025-10-29,08:45:00,Completed,Respiratory symptoms
3610,539,34,2025-11-02,12:45:00,Cancelled,Joint discomfort
3611,630,29,2025-10-01,17:00:00,Completed,Persistent pain
3612,110,32,2024-05-07,09:30:00,Completed,Vision concern
3613,810,22,2025-03-03,13:00:00,Completed,Child wellness visit
3614,679,7,2026-08-21,08:45:00,Completed,Skin irritation
3615,648,21,2025-02-20,11:00:00,No-show,Skin irritation
3616,849,7,2024-06-21,17:45:00,No-show,Headache
3617,853,23,2025-04-04,10:45:00,Completed,Joint discomfort
3618,313,27,2024-08-11,15:00:00,Completed,Skin irritation
3619,539,4,2025-02-05,16:15:00,Scheduled,Follow-up visit
3620,782,14,2025-10-20,08:45:00,Completed,Respiratory symptoms
3621,357,13,2026-03-25,18:15:00,Completed,Skin irritation
3622,822,13,2025-03-07,09:15:00,Completed,Joint discomfort
3623,882,34,2024-12-03,12:00:00,Scheduled,Routine consultation
3624,318,4,2024-09-05,15:15:00,Completed,Test review
3625,303,24,2025-06-12,13:15:00,Completed,Vision concern
3626,841,16,2025-11-27,17:00:00,Completed,Annual check-up
3627,751,14,2025-09-10,18:15:00,Completed,Headache
3628,796,22,2024-04-18,15:30:00,Completed,Joint discomfort
3629,718,12,2024-11-26,16:00:00,Completed,Annual check-up
3630,853,32,2026-06-07,14:15:00,Cancelled,Follow-up visit
3631,839,12,2025-12-24,11:45:00,Cancelled,Follow-up visit
3632,713,35,2025-02-08,11:30:00,Completed,Follow-up visit
3633,845,14,2026-01-10,16:30:00,Completed,Follow-up visit
3634,322,25,2024-08-10,08:15:00,Completed,Respiratory symptoms
3635,613,26,2025-06-17,18:30:00,Scheduled,Joint discomfort
3636,48,28,2025-12-13,18:30:00,Completed,Joint discomfort
3637,552,30,2024-05-18,18:30:00,Cancelled,Routine consultation
3638,576,12,2025-12-20,09:45:00,Completed,Skin irritation
3639,337,6,2025-03-04,14:00:00,Completed,Skin irritation
3640,221,31,2024-07-15,14:45:00,Completed,Test review
3641,140,8,2025-05-05,18:15:00,Scheduled,Routine consultation
3642,724,12,2024-11-08,10:15:00,Completed,Test review
3643,872,18,2024-04-06,17:15:00,Cancelled,Routine consultation
3644,422,16,2024-07-08,11:45:00,Completed,Routine consultation
3645,97,35,2024-04-12,18:30:00,Completed,Persistent pain
3646,304,18,2024-06-08,18:00:00,Completed,Annual check-up
3647,251,24,2024-01-08,17:30:00,Completed,Headache
3648,719,6,2024-04-30,18:45:00,Completed,Headache
3649,427,18,2024-01-09,17:30:00,Completed,Respiratory symptoms
3650,360,13,2025-09-27,16:00:00,Cancelled,Respiratory symptoms
3651,40,21,2024-11-14,18:15:00,Completed,Headache
3652,96,4,2025-06-04,10:45:00,Cancelled,Hearing concern
3653,842,5,2024-01-28,18:15:00,Completed,Headache
3654,632,18,2024-07-04,17:15:00,Completed,Persistent pain
3655,248,31,2025-01-26,14:45:00,Completed,Vision concern
3656,615,12,2026-03-04,10:30:00,Completed,Child wellness visit
3657,393,6,2025-08-05,12:00:00,Cancelled,Hearing concern
3658,843,35,2026-03-12,11:00:00,Cancelled,Skin irritation
3659,803,20,2024-05-09,12:15:00,Completed,Vision concern
3660,435,12,2025-06-08,11:30:00,Completed,Skin irritation
3661,826,20,2025-11-21,16:15:00,No-show,Annual check-up
3662,214,31,2025-01-14,09:45:00,Completed,Joint discomfort
3663,261,3,2025-06-03,14:30:00,Cancelled,Persistent pain
3664,292,16,2026-01-14,16:15:00,Completed,Joint discomfort
3665,137,22,2024-12-17,08:45:00,Completed,Headache
3666,841,2,2025-08-14,13:15:00,No-show,Child wellness visit
3667,649,34,2026-04-06,17:30:00,Completed,Respiratory symptoms
3668,864,1,2024-09-11,17:45:00,Cancelled,Joint discomfort
3669,895,28,2024-10-17,13:15:00,Completed,Follow-up visit
3670,860,31,2025-02-18,13:00:00,Completed,Follow-up visit
3671,822,34,2024-07-25,08:00:00,Scheduled,Joint discomfort
3672,349,18,2024-05-19,16:45:00,Completed,Annual check-up
3673,292,26,2025-11-13,14:45:00,Completed,Joint discomfort
3674,552,17,2025-04-12,08:45:00,Scheduled,Respiratory symptoms
3675,718,2,2026-06-12,14:00:00,Completed,Annual check-up
3676,637,29,2026-07-18,09:00:00,Completed,Skin irritation
3677,818,34,2024-09-23,15:00:00,Completed,Respiratory symptoms
3678,850,23,2025-03-04,14:30:00,Completed,Headache
3679,79,35,2026-01-15,16:45:00,No-show,Hearing concern
3680,99,25,2025-05-18,18:30:00,Completed,Test review
3681,700,12,2024-07-28,12:15:00,No-show,Headache
3682,626,28,2025-08-12,16:30:00,Completed,Annual check-up
3683,332,2,2025-10-23,13:45:00,Completed,Test review
3684,591,15,2025-05-11,13:30:00,Completed,Test review
3685,768,17,2026-07-11,10:45:00,Completed,Test review
3686,550,11,2026-07-10,13:45:00,Completed,Routine consultation
3687,865,9,2024-12-04,08:15:00,Completed,Test review
3688,503,28,2026-02-01,10:45:00,Cancelled,Annual check-up
3689,527,5,2025-10-06,14:15:00,Completed,Annual check-up
3690,587,16,2026-02-15,14:00:00,Completed,Skin irritation
3691,331,33,2024-12-25,11:00:00,Scheduled,Follow-up visit
3692,23,6,2026-05-20,10:45:00,Completed,Vision concern
3693,616,22,2024-03-27,17:15:00,Completed,Annual check-up
3694,659,33,2026-05-30,13:15:00,Cancelled,Test review
3695,502,30,2024-12-24,16:45:00,Scheduled,Routine consultation
3696,222,25,2024-12-01,14:15:00,Completed,Skin irritation
3697,766,28,2024-08-08,12:30:00,Scheduled,Skin irritation
3698,644,17,2025-02-16,16:45:00,Scheduled,Test review
3699,251,15,2024-04-17,16:00:00,Completed,Persistent pain
3700,201,15,2025-01-14,15:45:00,Completed,Test review
3701,863,4,2025-04-04,11:00:00,Cancelled,Annual check-up
3702,287,23,2025-04-17,15:45:00,Completed,Vision concern
3703,140,25,2024-09-07,14:45:00,Completed,Test review
3704,43,33,2025-09-20,16:45:00,Cancelled,Annual check-up
3705,803,32,2026-09-16,13:30:00,Scheduled,Hearing concern
3706,246,19,2026-05-09,16:30:00,Completed,Headache
3707,869,13,2025-04-01,15:30:00,Cancelled,Routine consultation
3708,772,16,2025-05-02,14:45:00,Completed,Respiratory symptoms
3709,289,2,2024-09-28,10:00:00,No-show,Respiratory symptoms
3710,432,30,2024-12-29,09:30:00,Completed,Headache
3711,205,20,2024-03-31,09:30:00,Scheduled,Skin irritation
3712,668,14,2024-03-01,17:00:00,Scheduled,Hearing concern
3713,735,3,2025-08-07,12:00:00,Scheduled,Headache
3714,408,23,2026-01-13,16:15:00,Completed,Annual check-up
3715,740,17,2024-12-17,11:30:00,Completed,Vision concern
3716,375,16,2024-12-16,10:15:00,Cancelled,Persistent pain
3717,422,28,2024-02-02,18:00:00,Cancelled,Routine consultation
3718,267,30,2024-01-30,17:00:00,Completed,Test review
3719,252,20,2025-08-21,18:30:00,Cancelled,Follow-up visit
3720,81,33,2025-08-04,17:45:00,Cancelled,Follow-up visit
3721,89,7,2025-11-30,13:15:00,Scheduled,Respiratory symptoms
3722,807,18,2025-02-15,14:00:00,Completed,Annual check-up
3723,482,29,2025-03-11,09:45:00,Completed,Hearing concern
3724,1,18,2026-01-07,15:45:00,Completed,Hearing concern
3725,880,25,2025-07-14,10:00:00,Scheduled,Test review
3726,137,24,2025-02-17,13:30:00,Completed,Hearing concern
3727,634,5,2024-10-09,10:15:00,Scheduled,Routine consultation
3728,748,12,2025-08-11,10:45:00,Completed,Annual check-up
3729,876,2,2024-11-19,12:45:00,Scheduled,Joint discomfort
3730,548,28,2024-06-27,10:00:00,Completed,Headache
3731,69,14,2026-06-15,09:45:00,Completed,Annual check-up
3732,497,20,2025-04-06,11:15:00,Completed,Follow-up visit
3733,260,30,2026-01-20,16:30:00,Completed,Respiratory symptoms
3734,307,20,2026-04-27,10:00:00,Completed,Joint discomfort
3735,269,19,2024-04-15,08:15:00,Cancelled,Skin irritation
3736,802,33,2025-05-07,18:15:00,Cancelled,Follow-up visit
3737,551,27,2025-02-27,12:45:00,Completed,Follow-up visit
3738,209,6,2026-09-19,11:30:00,Completed,Hearing concern
3739,193,1,2024-05-24,13:30:00,Completed,Vision concern
3740,791,21,2025-07-01,09:30:00,Completed,Joint discomfort
3741,540,35,2025-01-08,18:15:00,Scheduled,Respiratory symptoms
3742,564,21,2024-12-17,17:00:00,Cancelled,Child wellness visit
3743,311,5,2026-07-27,10:45:00,Completed,Child wellness visit
3744,860,8,2025-01-20,15:30:00,Scheduled,Persistent pain
3745,221,35,2024-07-29,09:15:00,Completed,Joint discomfort
3746,94,3,2026-01-19,08:15:00,No-show,Follow-up visit
3747,839,17,2026-06-05,14:15:00,Completed,Test review
3748,622,12,2024-11-15,10:00:00,Scheduled,Headache
3749,589,30,2026-02-01,11:00:00,Cancelled,Test review
3750,105,12,2024-03-05,16:30:00,Completed,Skin irritation
3751,303,6,2024-03-30,12:45:00,Completed,Skin irritation
3752,86,22,2026-06-22,18:30:00,Completed,Routine consultation
3753,65,21,2024-08-16,08:15:00,Completed,Annual check-up
3754,304,1,2025-04-05,15:00:00,Completed,Follow-up visit
3755,49,27,2025-01-04,17:30:00,Completed,Headache
3756,328,30,2025-02-20,14:15:00,Scheduled,Annual check-up
3757,334,20,2024-05-02,16:15:00,Completed,Follow-up visit
3758,145,27,2026-08-19,17:30:00,Completed,Routine consultation
3759,427,20,2025-12-01,09:00:00,Completed,Follow-up visit
3760,712,25,2025-10-18,14:00:00,Completed,Test review
3761,745,34,2025-10-13,10:15:00,Completed,Persistent pain
3762,820,8,2025-02-18,16:15:00,Completed,Child wellness visit
3763,129,10,2025-12-04,09:45:00,Completed,Hearing concern
3764,412,11,2025-10-27,14:45:00,No-show,Routine consultation
3765,542,13,2025-10-08,12:45:00,Completed,Test review
3766,89,1,2024-01-12,13:15:00,Completed,Hearing concern
3767,649,23,2025-05-19,10:15:00,Completed,Respiratory symptoms
3768,51,13,2024-06-10,10:00:00,Completed,Hearing concern
3769,677,30,2026-07-23,12:30:00,Completed,Test review
3770,132,17,2026-04-04,11:45:00,No-show,Persistent pain
3771,625,23,2024-03-31,12:30:00,Completed,Test review
3772,831,3,2024-12-05,18:00:00,Scheduled,Persistent pain
3773,647,34,2025-02-13,08:45:00,Completed,Child wellness visit
3774,30,12,2026-03-21,10:30:00,Completed,Headache
3775,868,20,2026-06-26,15:30:00,Completed,Vision concern
3776,710,22,2024-02-12,17:00:00,Completed,Follow-up visit
3777,650,33,2026-09-22,17:30:00,Completed,Test review
3778,266,14,2024-02-06,09:45:00,Completed,Headache
3779,442,9,2024-08-13,16:45:00,Completed,Child wellness visit
3780,454,25,2024-12-21,14:15:00,Completed,Vision concern
3781,675,4,2025-03-02,18:15:00,Cancelled,Persistent pain
3782,864,2,2026-06-24,09:00:00,Scheduled,Skin irritation
3783,570,25,2024-01-10,12:45:00,Cancelled,Annual check-up
3784,682,29,2026-07-13,09:00:00,Completed,Routine consultation
3785,213,22,2024-05-04,12:30:00,Scheduled,Child wellness visit
3786,173,19,2024-11-11,09:00:00,Completed,Joint discomfort
3787,749,4,2026-09-07,13:15:00,Completed,Persistent pain
3788,575,16,2025-08-25,13:00:00,No-show,Vision concern
3789,486,14,2025-10-16,08:30:00,Scheduled,Persistent pain
3790,674,26,2025-05-20,08:30:00,Cancelled,Child wellness visit
3791,414,34,2026-02-05,14:30:00,Completed,Hearing concern
3792,153,11,2025-01-11,18:15:00,Cancelled,Persistent pain
3793,539,11,2026-01-04,16:00:00,Scheduled,Follow-up visit
3794,540,14,2024-06-06,11:30:00,Completed,Vision concern
3795,523,33,2024-12-17,14:30:00,Scheduled,Vision concern
3796,497,27,2025-10-16,15:00:00,Completed,Vision concern
3797,286,21,2026-03-31,16:15:00,Completed,Annual check-up
3798,752,18,2025-08-11,13:45:00,Completed,Follow-up visit
3799,237,23,2025-10-13,11:00:00,No-show,Headache
3800,353,22,2025-09-06,18:15:00,No-show,Test review
3801,638,32,2024-10-08,16:45:00,No-show,Follow-up visit
3802,703,5,2025-12-23,18:30:00,No-show,Vision concern
3803,701,11,2025-03-14,15:30:00,Scheduled,Test review
3804,668,8,2026-03-19,17:45:00,Completed,Headache
3805,230,18,2025-09-19,14:30:00,Scheduled,Follow-up visit
3806,786,23,2026-03-08,18:45:00,Completed,Follow-up visit
3807,627,26,2025-03-27,16:45:00,Completed,Test review
3808,9,4,2025-08-02,11:30:00,Scheduled,Persistent pain
3809,63,8,2025-02-09,11:00:00,Completed,Test review
3810,336,31,2025-10-29,18:15:00,Completed,Annual check-up
3811,149,9,2025-06-20,12:15:00,Completed,Hearing concern
3812,615,11,2025-05-06,14:45:00,Completed,Joint discomfort
3813,644,34,2026-02-23,12:45:00,Completed,Routine consultation
3814,85,33,2026-09-21,08:30:00,Completed,Skin irritation
3815,202,20,2025-07-20,08:00:00,Cancelled,Headache
3816,892,15,2025-03-25,11:30:00,Scheduled,Child wellness visit
3817,409,26,2026-02-03,15:00:00,No-show,Headache
3818,268,18,2025-03-02,08:30:00,Completed,Persistent pain
3819,403,3,2025-09-21,14:45:00,Cancelled,Test review
3820,845,26,2025-10-10,10:45:00,Completed,Hearing concern
3821,341,14,2025-02-08,12:00:00,Completed,Test review
3822,157,34,2026-04-20,13:45:00,Completed,Hearing concern
3823,700,10,2026-04-02,16:30:00,Scheduled,Persistent pain
3824,88,23,2026-09-20,13:15:00,Completed,Routine consultation
3825,690,32,2025-04-09,13:30:00,Completed,Follow-up visit
3826,163,25,2024-07-05,14:30:00,Completed,Joint discomfort
3827,380,26,2025-05-04,18:30:00,Completed,Vision concern
3828,3,29,2025-07-28,17:00:00,Cancelled,Headache
3829,85,7,2025-09-13,16:00:00,Completed,Headache
3830,380,5,2024-06-05,17:30:00,Completed,Annual check-up
3831,619,11,2024-12-13,11:00:00,Completed,Annual check-up
3832,635,35,2024-07-01,16:15:00,Completed,Hearing concern
3833,345,31,2024-10-05,15:45:00,Completed,Vision concern
3834,799,21,2025-08-19,08:45:00,Completed,Headache
3835,311,17,2025-10-26,11:30:00,Completed,Vision concern
3836,550,31,2025-11-04,15:00:00,Completed,Vision concern
3837,820,12,2026-08-31,10:00:00,Cancelled,Annual check-up
3838,787,4,2025-05-13,14:15:00,Completed,Follow-up visit
3839,355,14,2025-01-03,17:45:00,Completed,Routine consultation
3840,680,4,2024-04-22,09:30:00,Completed,Respiratory symptoms
3841,466,15,2026-02-23,12:30:00,Completed,Follow-up visit
3842,839,17,2025-12-11,16:45:00,Completed,Headache
3843,375,30,2026-09-12,16:30:00,Completed,Follow-up visit
3844,229,22,2024-10-03,18:45:00,Completed,Vision concern
3845,547,22,2026-06-15,18:30:00,Completed,Joint discomfort
3846,682,21,2024-06-04,11:15:00,Completed,Headache
3847,358,2,2026-05-04,18:30:00,Completed,Joint discomfort
3848,309,32,2025-01-05,16:00:00,Completed,Vision concern
3849,46,10,2026-03-17,16:30:00,Completed,Follow-up visit
3850,796,13,2025-02-24,10:15:00,Completed,Test review
3851,671,20,2025-03-30,08:30:00,Completed,Follow-up visit
3852,258,26,2026-04-06,17:45:00,Completed,Follow-up visit
3853,261,32,2025-11-16,17:45:00,Scheduled,Test review
3854,252,19,2024-05-07,16:30:00,Scheduled,Joint discomfort
3855,349,3,2025-06-14,11:45:00,No-show,Headache
3856,732,26,2024-02-07,09:45:00,Completed,Joint discomfort
3857,845,25,2024-04-13,08:00:00,Completed,Joint discomfort
3858,695,2,2025-11-05,08:00:00,Completed,Routine consultation
3859,393,30,2025-08-09,18:30:00,Completed,Respiratory symptoms
3860,557,28,2025-12-18,17:15:00,No-show,Headache
3861,322,7,2025-02-11,10:00:00,Scheduled,Headache
3862,593,16,2025-11-11,16:45:00,Completed,Hearing concern
3863,256,23,2024-07-21,14:45:00,No-show,Headache
3864,690,23,2025-12-21,16:45:00,Completed,Routine consultation
3865,466,9,2024-05-16,16:15:00,Completed,Follow-up visit
3866,219,15,2026-03-31,13:00:00,Scheduled,Joint discomfort
3867,8,5,2024-10-05,11:00:00,Completed,Annual check-up
3868,169,32,2025-10-12,12:15:00,Completed,Hearing concern
3869,231,21,2025-05-06,17:45:00,Completed,Follow-up visit
3870,712,18,2025-06-16,08:15:00,Scheduled,Hearing concern
3871,12,4,2026-07-25,15:15:00,Cancelled,Hearing concern
3872,448,24,2025-07-28,10:45:00,Cancelled,Child wellness visit
3873,179,22,2024-07-04,18:45:00,Completed,Test review
3874,483,17,2025-12-25,09:15:00,Cancelled,Child wellness visit
3875,400,28,2026-08-19,17:00:00,Completed,Persistent pain
3876,689,9,2026-09-06,11:15:00,Completed,Hearing concern
3877,674,11,2024-11-26,10:45:00,Completed,Follow-up visit
3878,600,32,2026-03-19,18:15:00,Cancelled,Joint discomfort
3879,886,20,2025-02-07,13:45:00,No-show,Hearing concern
3880,645,18,2025-01-21,13:15:00,Completed,Hearing concern
3881,839,21,2024-10-13,12:00:00,Completed,Follow-up visit
3882,817,35,2025-11-12,13:00:00,Completed,Respiratory symptoms
3883,193,33,2026-09-16,08:30:00,Completed,Skin irritation
3884,566,35,2024-04-12,17:15:00,Completed,Test review
3885,440,33,2024-11-04,09:30:00,Cancelled,Follow-up visit
3886,267,25,2025-11-17,10:15:00,Completed,Follow-up visit
3887,268,34,2024-09-06,11:15:00,Completed,Routine consultation
3888,100,8,2024-07-08,15:15:00,Completed,Vision concern
3889,12,13,2024-01-02,16:45:00,Cancelled,Vision concern
3890,299,30,2026-07-18,15:00:00,Scheduled,Routine consultation
3891,432,31,2025-03-21,09:15:00,Scheduled,Vision concern
3892,148,24,2024-01-03,15:45:00,Completed,Test review
3893,859,5,2025-10-13,14:15:00,No-show,Respiratory symptoms
3894,151,3,2024-10-15,16:45:00,Completed,Hearing concern
3895,307,7,2025-05-28,14:15:00,Completed,Hearing concern
3896,166,25,2026-05-15,12:30:00,Scheduled,Annual check-up
3897,630,28,2025-04-23,12:00:00,Completed,Follow-up visit
3898,411,3,2024-11-26,18:15:00,Completed,Routine consultation
3899,397,17,2026-03-26,17:00:00,No-show,Test review
3900,727,32,2025-10-22,08:15:00,Completed,Headache
3901,834,8,2025-12-23,17:45:00,Scheduled,Follow-up visit
3902,566,5,2026-01-25,13:00:00,Completed,Child wellness visit
3903,146,26,2025-04-20,08:45:00,Completed,Follow-up visit
3904,341,16,2024-03-09,17:15:00,Completed,Vision concern
3905,747,9,2026-03-10,13:15:00,Completed,Routine consultation
3906,144,12,2024-04-25,14:00:00,Completed,Child wellness visit
3907,467,24,2026-03-22,12:00:00,Completed,Joint discomfort
3908,238,13,2026-03-02,13:15:00,Scheduled,Annual check-up
3909,197,6,2024-01-05,14:30:00,Completed,Headache
3910,872,6,2025-05-06,12:30:00,Cancelled,Vision concern
3911,588,14,2026-03-01,13:00:00,Completed,Persistent pain
3912,753,6,2024-11-07,08:00:00,Completed,Child wellness visit
3913,251,13,2024-03-29,17:30:00,Completed,Hearing concern
3914,597,31,2025-08-02,17:00:00,No-show,Headache
3915,828,30,2024-04-12,15:45:00,Completed,Respiratory symptoms
3916,717,2,2024-07-15,08:30:00,Completed,Respiratory symptoms
3917,59,20,2024-03-16,10:30:00,Cancelled,Test review
3918,392,1,2024-12-03,09:45:00,Completed,Skin irritation
3919,780,21,2024-08-01,11:45:00,Completed,Annual check-up
3920,119,30,2026-02-21,14:45:00,Completed,Hearing concern
3921,447,4,2024-01-10,14:30:00,Completed,Headache
3922,672,30,2025-11-23,18:15:00,Cancelled,Hearing concern
3923,781,31,2026-02-17,11:00:00,Completed,Persistent pain
3924,271,27,2026-02-05,15:30:00,Cancelled,Respiratory symptoms
3925,271,22,2024-04-29,08:30:00,Completed,Child wellness visit
3926,880,3,2025-08-23,12:45:00,Scheduled,Skin irritation
3927,864,8,2025-07-08,09:30:00,Completed,Headache
3928,866,19,2024-06-15,15:00:00,Completed,Joint discomfort
3929,369,20,2026-04-02,15:45:00,Cancelled,Follow-up visit
3930,111,4,2025-05-10,17:45:00,Completed,Respiratory symptoms
3931,371,19,2025-11-20,13:45:00,Completed,Persistent pain
3932,525,30,2024-06-04,10:45:00,Scheduled,Skin irritation
3933,304,33,2024-12-11,12:00:00,Scheduled,Joint discomfort
3934,11,33,2024-09-21,18:45:00,Completed,Headache
3935,760,27,2024-01-12,14:45:00,Scheduled,Test review
3936,612,12,2026-08-02,18:45:00,Completed,Child wellness visit
3937,136,27,2026-03-11,16:45:00,Completed,Respiratory symptoms
3938,452,30,2025-03-25,17:30:00,Completed,Hearing concern
3939,211,27,2024-05-27,14:15:00,Completed,Joint discomfort
3940,189,29,2024-03-12,18:00:00,Completed,Respiratory symptoms
3941,778,16,2025-01-01,09:15:00,Completed,Vision concern
3942,177,12,2025-11-07,08:45:00,Completed,Hearing concern
3943,172,19,2024-07-25,10:15:00,Completed,Skin irritation
3944,54,10,2024-08-08,17:15:00,Completed,Vision concern
3945,24,26,2026-04-13,08:45:00,Completed,Annual check-up
3946,725,15,2025-11-27,08:45:00,Completed,Hearing concern
3947,134,13,2024-12-15,15:45:00,Completed,Persistent pain
3948,614,20,2024-04-02,10:30:00,Completed,Test review
3949,855,4,2024-02-03,14:30:00,Completed,Child wellness visit
3950,345,19,2025-06-28,15:30:00,Completed,Follow-up visit
3951,593,34,2026-03-13,08:30:00,Completed,Headache
3952,319,10,2025-06-26,08:30:00,Completed,Respiratory symptoms
3953,421,20,2026-09-20,10:30:00,Completed,Routine consultation
3954,492,28,2025-07-17,16:45:00,Completed,Routine consultation
3955,696,12,2024-02-13,11:15:00,Completed,Skin irritation
3956,77,31,2024-02-05,09:30:00,Completed,Vision concern
3957,214,9,2025-07-06,15:45:00,Completed,Child wellness visit
3958,509,13,2026-04-26,09:30:00,Cancelled,Annual check-up
3959,582,24,2026-03-27,14:15:00,Completed,Follow-up visit
3960,486,26,2024-11-13,12:00:00,Completed,Skin irritation
3961,200,12,2025-07-08,16:00:00,Completed,Routine consultation
3962,332,6,2025-12-19,08:15:00,Completed,Annual check-up
3963,347,6,2024-06-02,08:15:00,Scheduled,Test review
3964,721,1,2024-03-25,15:30:00,Completed,Annual check-up
3965,69,26,2024-10-09,16:45:00,Completed,Hearing concern
3966,886,5,2024-02-26,12:45:00,Completed,Respiratory symptoms
3967,328,2,2026-03-09,09:30:00,Completed,Hearing concern
3968,697,29,2024-09-15,12:15:00,Cancelled,Skin irritation
3969,889,26,2024-02-26,15:30:00,Completed,Child wellness visit
3970,825,13,2024-07-25,08:30:00,Completed,Respiratory symptoms
3971,146,16,2025-12-06,16:15:00,Completed,Test review
3972,660,1,2025-03-12,08:00:00,Cancelled,Headache
3973,457,10,2024-08-22,10:45:00,Completed,Annual check-up
3974,760,35,2024-12-16,16:00:00,Completed,Respiratory symptoms
3975,8,7,2025-01-08,08:00:00,Completed,Respiratory symptoms
3976,624,31,2025-11-16,10:00:00,Completed,Headache
3977,76,9,2024-02-17,09:15:00,Completed,Test review
3978,362,9,2024-08-31,11:15:00,No-show,Respiratory symptoms
3979,862,1,2026-05-01,12:15:00,Scheduled,Joint discomfort
3980,349,33,2024-06-14,17:00:00,Completed,Hearing concern
3981,381,21,2026-04-10,09:00:00,Completed,Skin irritation
3982,822,29,2024-03-26,12:15:00,No-show,Respiratory symptoms
3983,343,30,2024-11-05,09:30:00,Cancelled,Annual check-up
3984,575,30,2026-04-26,11:45:00,Completed,Persistent pain
3985,355,6,2025-06-13,16:15:00,Scheduled,Persistent pain
3986,308,31,2026-01-15,15:15:00,Scheduled,Hearing concern
3987,445,30,2025-05-06,10:30:00,Completed,Hearing concern
3988,314,13,2025-10-06,13:30:00,Completed,Respiratory symptoms
3989,532,32,2024-06-17,17:45:00,Completed,Follow-up visit
3990,346,26,2026-02-09,12:15:00,Cancelled,Hearing concern
3991,664,3,2026-05-04,10:00:00,Scheduled,Skin irritation
3992,277,35,2025-10-24,08:30:00,Completed,Respiratory symptoms
3993,596,27,2026-09-11,08:00:00,Scheduled,Joint discomfort
3994,294,1,2025-09-07,09:45:00,Scheduled,Respiratory symptoms
3995,234,31,2025-03-01,10:30:00,Cancelled,Vision concern
3996,392,9,2024-05-08,13:30:00,Completed,Routine consultation
3997,227,27,2026-03-11,17:15:00,Completed,Follow-up visit
3998,736,18,2026-08-03,18:00:00,Cancelled,Hearing concern
3999,341,10,2025-04-22,11:00:00,No-show,Follow-up visit
4000,771,30,2024-07-07,10:45:00,Completed,Follow-up visit
4001,265,32,2026-09-10,13:45:00,Completed,Routine consultation
4002,900,1,2025-10-11,09:30:00,Completed,Joint discomfort
4003,817,15,2024-08-10,13:30:00,Completed,Annual check-up
4004,168,11,2025-08-12,16:15:00,Cancelled,Hearing concern
4005,781,21,2025-09-23,14:45:00,Cancelled,Respiratory symptoms
4006,807,31,2026-03-27,09:30:00,Completed,Joint discomfort
4007,21,11,2024-06-19,14:15:00,Scheduled,Respiratory symptoms
4008,747,16,2025-02-16,13:00:00,Completed,Skin irritation
4009,147,2,2025-08-11,08:00:00,Completed,Respiratory symptoms
4010,417,5,2026-06-04,18:30:00,Completed,Respiratory symptoms
4011,516,32,2024-09-12,13:30:00,Completed,Routine consultation
4012,732,19,2024-06-29,18:15:00,Completed,Joint discomfort
4013,505,10,2026-01-11,08:45:00,Completed,Headache
4014,831,18,2026-08-26,17:15:00,Completed,Annual check-up
4015,237,26,2025-08-24,08:30:00,Completed,Skin irritation
4016,758,12,2026-03-21,13:15:00,Completed,Child wellness visit
4017,711,15,2024-12-08,15:15:00,Completed,Child wellness visit
4018,101,15,2024-09-09,08:45:00,Completed,Headache
4019,255,14,2024-02-21,10:15:00,Completed,Follow-up visit
4020,866,12,2024-06-05,12:45:00,No-show,Routine consultation
4021,649,35,2025-01-18,11:45:00,Completed,Skin irritation
4022,236,23,2024-02-15,13:00:00,Completed,Persistent pain
4023,255,9,2024-11-30,09:00:00,Completed,Follow-up visit
4024,375,23,2024-11-28,16:45:00,Completed,Joint discomfort
4025,274,4,2024-10-06,10:15:00,Cancelled,Hearing concern
4026,692,20,2026-08-27,13:45:00,Completed,Follow-up visit
4027,608,11,2025-01-15,13:00:00,Completed,Skin irritation
4028,523,3,2026-08-21,15:00:00,Completed,Skin irritation
4029,843,23,2026-07-14,08:30:00,Scheduled,Skin irritation
4030,747,20,2025-09-17,12:00:00,Completed,Respiratory symptoms
4031,113,22,2025-12-09,15:30:00,Completed,Follow-up visit
4032,402,28,2026-03-27,11:15:00,No-show,Hearing concern
4033,666,9,2024-10-11,14:15:00,Completed,Vision concern
4034,124,27,2024-05-17,09:30:00,Cancelled,Test review
4035,443,16,2024-11-19,10:00:00,Cancelled,Routine consultation
4036,470,28,2026-08-20,09:30:00,Completed,Persistent pain
4037,57,21,2025-09-13,16:45:00,Completed,Headache
4038,684,27,2025-09-01,15:45:00,Cancelled,Annual check-up
4039,195,14,2025-12-10,14:00:00,Cancelled,Child wellness visit
4040,44,3,2024-04-21,08:00:00,Cancelled,Vision concern
4041,751,7,2026-05-19,08:15:00,Completed,Respiratory symptoms
4042,852,33,2025-06-21,16:00:00,Completed,Skin irritation
4043,40,18,2026-03-29,14:00:00,Completed,Skin irritation
4044,569,34,2024-04-26,14:45:00,Scheduled,Test review
4045,361,6,2025-06-24,18:30:00,No-show,Joint discomfort
4046,47,23,2025-10-04,08:45:00,Completed,Vision concern
4047,777,35,2026-02-15,10:45:00,Completed,Child wellness visit
4048,36,1,2025-05-05,10:45:00,Completed,Routine consultation
4049,742,8,2025-11-20,18:30:00,Completed,Hearing concern
4050,198,30,2024-08-03,13:45:00,Completed,Respiratory symptoms
4051,529,15,2026-01-14,08:15:00,Completed,Vision concern
4052,619,29,2026-09-02,16:30:00,Completed,Annual check-up
4053,355,19,2025-09-14,16:15:00,Completed,Follow-up visit
4054,267,25,2025-05-07,12:00:00,No-show,Vision concern
4055,540,33,2026-01-10,14:45:00,Completed,Child wellness visit
4056,346,32,2026-07-03,09:00:00,Completed,Headache
4057,442,3,2024-12-25,18:30:00,Cancelled,Skin irritation
4058,311,16,2026-08-06,09:00:00,Cancelled,Hearing concern
4059,450,14,2025-08-25,10:00:00,Scheduled,Persistent pain
4060,358,34,2026-05-04,13:45:00,Completed,Skin irritation
4061,246,31,2025-12-21,15:45:00,Scheduled,Routine consultation
4062,694,13,2024-04-11,14:45:00,Scheduled,Respiratory symptoms
4063,111,11,2026-05-09,14:00:00,Completed,Child wellness visit
4064,493,10,2024-01-13,09:15:00,Completed,Routine consultation
4065,142,24,2026-09-05,12:30:00,Completed,Hearing concern
4066,60,22,2024-10-29,17:00:00,Completed,Test review
4067,738,3,2025-11-12,17:15:00,Completed,Respiratory symptoms
4068,412,30,2024-08-30,16:45:00,Completed,Vision concern
4069,100,26,2024-08-07,08:15:00,Scheduled,Annual check-up
4070,255,34,2024-08-13,18:00:00,Completed,Joint discomfort
4071,82,19,2024-08-16,13:15:00,Completed,Joint discomfort
4072,232,2,2025-05-18,12:00:00,Completed,Joint discomfort
4073,580,27,2024-11-17,12:45:00,Scheduled,Persistent pain
4074,525,32,2025-12-10,11:30:00,Completed,Joint discomfort
4075,818,25,2024-06-09,10:30:00,Completed,Headache
4076,648,26,2024-02-27,08:15:00,Completed,Routine consultation
4077,133,15,2026-07-07,12:00:00,Completed,Test review
4078,480,29,2026-05-23,09:15:00,Completed,Hearing concern
4079,378,34,2025-07-31,08:30:00,Completed,Child wellness visit
4080,872,11,2026-03-01,16:00:00,Completed,Vision concern
4081,413,28,2024-02-14,16:00:00,Cancelled,Skin irritation
4082,594,9,2025-05-14,16:30:00,Scheduled,Respiratory symptoms
4083,651,3,2025-08-20,16:45:00,Scheduled,Vision concern
4084,85,21,2024-05-23,15:45:00,Completed,Child wellness visit
4085,830,19,2024-11-06,12:15:00,Completed,Persistent pain
4086,819,17,2025-12-11,16:15:00,Completed,Child wellness visit
4087,857,26,2024-07-14,09:15:00,Cancelled,Skin irritation
4088,474,5,2024-11-03,13:00:00,Completed,Follow-up visit
4089,858,8,2026-07-24,16:00:00,Scheduled,Vision concern
4090,696,25,2025-10-08,17:00:00,No-show,Follow-up visit
4091,619,16,2025-11-16,17:45:00,Completed,Follow-up visit
4092,26,17,2025-04-10,09:00:00,Cancelled,Joint discomfort
4093,824,9,2026-01-21,13:45:00,No-show,Hearing concern
4094,614,10,2026-06-28,12:45:00,Completed,Child wellness visit
4095,686,14,2024-10-23,09:00:00,Completed,Follow-up visit
4096,288,6,2024-07-21,09:00:00,Completed,Child wellness visit
4097,649,7,2024-11-15,08:30:00,No-show,Test review
4098,721,15,2024-06-09,13:00:00,Completed,Joint discomfort
4099,685,1,2024-11-13,12:45:00,Completed,Headache
4100,425,1,2025-08-09,12:00:00,Cancelled,Vision concern
4101,465,7,2024-10-30,18:45:00,Completed,Follow-up visit
4102,23,13,2024-04-17,12:30:00,Scheduled,Vision concern
4103,279,21,2025-04-30,10:15:00,Completed,Hearing concern
4104,484,18,2026-03-20,08:45:00,Scheduled,Routine consultation
4105,228,14,2026-05-28,15:30:00,Completed,Hearing concern
4106,595,34,2025-04-05,08:15:00,Completed,Follow-up visit
4107,726,15,2025-02-06,17:30:00,Completed,Hearing concern
4108,415,20,2024-03-13,08:45:00,Completed,Persistent pain
4109,437,29,2024-12-25,11:00:00,Scheduled,Child wellness visit
4110,47,23,2025-05-15,14:15:00,Completed,Routine consultation
4111,84,2,2025-06-30,17:45:00,Completed,Annual check-up
4112,417,7,2024-06-18,13:15:00,Completed,Vision concern
4113,296,2,2024-03-03,12:45:00,Completed,Child wellness visit
4114,410,30,2025-09-05,12:45:00,Scheduled,Hearing concern
4115,598,34,2025-08-28,12:30:00,Completed,Respiratory symptoms
4116,13,16,2025-02-19,09:00:00,No-show,Respiratory symptoms
4117,818,30,2024-01-05,09:45:00,Completed,Skin irritation
4118,670,31,2024-11-16,17:30:00,Completed,Skin irritation
4119,836,3,2025-03-30,16:00:00,Completed,Follow-up visit
4120,453,7,2025-08-10,14:00:00,No-show,Annual check-up
4121,631,2,2024-06-23,09:30:00,Completed,Follow-up visit
4122,830,23,2024-12-08,17:45:00,Completed,Skin irritation
4123,238,15,2025-11-12,18:30:00,Completed,Test review
4124,417,22,2025-01-18,10:15:00,Completed,Follow-up visit
4125,492,2,2026-04-18,11:15:00,Completed,Routine consultation
4126,898,4,2024-11-14,17:15:00,Completed,Vision concern
4127,357,14,2026-01-06,14:00:00,No-show,Joint discomfort
4128,490,30,2024-08-29,09:45:00,Completed,Joint discomfort
4129,890,20,2026-02-20,14:15:00,Completed,Respiratory symptoms
4130,735,10,2026-08-09,11:30:00,Cancelled,Vision concern
4131,879,22,2026-09-20,18:15:00,Cancelled,Persistent pain
4132,887,31,2025-11-05,14:45:00,Completed,Annual check-up
4133,719,6,2026-08-05,11:30:00,Completed,Follow-up visit
4134,784,31,2026-07-28,17:45:00,Completed,Routine consultation
4135,441,1,2025-01-09,13:00:00,Completed,Skin irritation
4136,845,21,2025-04-18,17:15:00,Completed,Test review
4137,125,25,2024-05-19,13:00:00,Completed,Joint discomfort
4138,571,13,2026-08-14,13:30:00,Completed,Vision concern
4139,214,35,2025-12-11,17:45:00,Completed,Annual check-up
4140,679,21,2025-01-04,15:00:00,Cancelled,Skin irritation
4141,614,16,2024-09-13,18:15:00,Completed,Follow-up visit
4142,742,35,2025-02-08,14:15:00,Completed,Persistent pain
4143,619,4,2024-12-03,08:15:00,Completed,Routine consultation
4144,8,4,2025-11-13,09:00:00,Completed,Test review
4145,57,6,2026-04-17,13:45:00,Completed,Follow-up visit
4146,867,30,2024-07-16,16:30:00,Scheduled,Test review
4147,639,33,2024-03-24,10:00:00,Cancelled,Routine consultation
4148,49,33,2024-05-23,18:15:00,Completed,Annual check-up
4149,682,25,2026-05-02,17:00:00,Scheduled,Hearing concern
4150,726,26,2025-05-04,10:15:00,Completed,Skin irritation
4151,76,4,2024-09-27,18:30:00,Completed,Respiratory symptoms
4152,693,30,2026-08-29,18:15:00,Completed,Vision concern
4153,877,24,2026-09-19,13:45:00,Completed,Persistent pain
4154,130,5,2026-03-01,16:15:00,Cancelled,Routine consultation
4155,421,14,2026-02-07,09:45:00,Cancelled,Follow-up visit
4156,493,25,2024-03-05,18:15:00,Cancelled,Persistent pain
4157,195,27,2024-09-25,09:45:00,Completed,Vision concern
4158,519,13,2024-11-20,18:00:00,Completed,Respiratory symptoms
4159,445,18,2024-01-16,11:15:00,Completed,Joint discomfort
4160,683,5,2025-12-31,17:15:00,Completed,Headache
4161,144,35,2024-06-01,18:45:00,Cancelled,Follow-up visit
4162,180,25,2026-06-28,17:15:00,Completed,Annual check-up
4163,620,21,2026-05-15,10:15:00,Completed,Joint discomfort
4164,425,17,2024-09-21,12:30:00,Scheduled,Skin irritation
4165,821,28,2026-02-24,16:45:00,Completed,Follow-up visit
4166,77,20,2026-03-12,11:15:00,Completed,Annual check-up
4167,25,34,2024-01-26,13:45:00,Completed,Headache
4168,325,23,2025-08-31,18:00:00,Scheduled,Vision concern
4169,716,11,2026-03-09,15:45:00,No-show,Routine consultation
4170,176,23,2025-08-13,09:15:00,Completed,Test review
4171,273,25,2026-09-03,11:45:00,Completed,Vision concern
4172,183,26,2025-02-08,08:15:00,Completed,Headache
4173,521,20,2024-03-15,16:00:00,Completed,Headache
4174,353,32,2025-04-24,11:45:00,No-show,Joint discomfort
4175,201,23,2026-09-27,15:30:00,Scheduled,Follow-up visit
4176,578,10,2024-09-17,15:30:00,Scheduled,Follow-up visit
4177,66,31,2025-11-22,11:45:00,No-show,Respiratory symptoms
4178,13,14,2025-12-28,16:45:00,Completed,Headache
4179,403,30,2026-06-02,14:00:00,Completed,Headache
4180,569,19,2026-01-17,10:15:00,Completed,Routine consultation
4181,557,3,2025-01-05,14:15:00,Completed,Child wellness visit
4182,717,10,2025-08-14,10:30:00,No-show,Child wellness visit
4183,143,33,2025-04-22,11:15:00,Scheduled,Routine consultation
4184,484,34,2025-06-21,11:00:00,Completed,Respiratory symptoms
4185,236,28,2024-12-27,12:30:00,Completed,Routine consultation
4186,484,9,2024-01-07,09:45:00,Cancelled,Child wellness visit
4187,303,9,2025-07-11,15:30:00,Cancelled,Follow-up visit
4188,448,11,2025-05-16,17:45:00,Scheduled,Skin irritation
4189,645,26,2024-11-30,09:15:00,Completed,Test review
4190,336,23,2024-12-05,09:00:00,Completed,Headache
4191,83,3,2025-06-09,09:30:00,Scheduled,Annual check-up
4192,728,9,2024-05-11,14:15:00,Completed,Routine consultation
4193,14,14,2025-03-04,08:45:00,Completed,Skin irritation
4194,330,3,2024-06-06,18:15:00,Completed,Skin irritation
4195,686,18,2025-11-30,10:30:00,Completed,Respiratory symptoms
4196,339,14,2025-08-11,09:45:00,Scheduled,Persistent pain
4197,870,2,2026-06-04,17:00:00,Cancelled,Test review
4198,406,15,2024-05-06,14:45:00,Completed,Child wellness visit
4199,483,20,2024-01-10,11:15:00,Cancelled,Annual check-up
4200,383,18,2026-07-20,12:00:00,No-show,Vision concern
4201,102,28,2025-02-04,12:45:00,Completed,Hearing concern
4202,560,19,2024-10-24,13:00:00,Completed,Test review
4203,672,7,2025-05-16,14:30:00,Completed,Vision concern
4204,851,11,2025-06-12,08:15:00,Completed,Follow-up visit
4205,368,1,2024-11-21,08:45:00,Completed,Test review
4206,426,7,2026-01-18,11:00:00,Completed,Persistent pain
4207,726,22,2025-01-16,10:15:00,Scheduled,Persistent pain
4208,677,4,2024-11-28,16:15:00,No-show,Hearing concern
4209,456,20,2024-08-28,13:30:00,Scheduled,Test review
4210,872,20,2025-05-23,14:15:00,No-show,Test review
4211,892,13,2025-09-02,13:00:00,Scheduled,Follow-up visit
4212,119,22,2026-03-05,10:30:00,Completed,Hearing concern
4213,446,12,2025-04-19,15:15:00,Completed,Skin irritation
4214,85,29,2024-10-09,16:00:00,No-show,Routine consultation
4215,261,23,2026-04-01,16:00:00,Scheduled,Joint discomfort
4216,483,8,2026-05-06,16:45:00,Completed,Annual check-up
4217,847,9,2024-07-01,17:15:00,Completed,Test review
4218,337,19,2025-11-07,13:15:00,Completed,Test review
4219,813,23,2025-07-31,14:45:00,Completed,Respiratory symptoms
4220,614,6,2024-04-19,18:15:00,Scheduled,Joint discomfort
4221,817,15,2024-01-19,12:30:00,Completed,Persistent pain
4222,453,17,2024-11-28,18:00:00,Completed,Vision concern
4223,1,23,2026-09-18,16:45:00,Cancelled,Routine consultation
4224,818,7,2026-06-18,13:15:00,Completed,Skin irritation
4225,207,25,2025-12-27,16:45:00,Completed,Child wellness visit
4226,201,18,2025-04-14,14:00:00,Completed,Child wellness visit
4227,651,34,2025-08-23,17:15:00,Completed,Respiratory symptoms
4228,288,25,2026-07-13,09:00:00,Scheduled,Test review
4229,858,31,2025-08-14,17:15:00,Completed,Hearing concern
4230,337,26,2026-08-15,08:15:00,Completed,Hearing concern
4231,498,35,2026-06-22,16:30:00,Cancelled,Persistent pain
4232,526,24,2026-01-21,18:45:00,Completed,Follow-up visit
4233,560,17,2026-03-05,11:45:00,Completed,Skin irritation
4234,53,1,2025-10-22,08:45:00,Completed,Joint discomfort
4235,292,20,2026-03-11,12:30:00,Completed,Hearing concern
4236,676,17,2026-06-09,12:30:00,Completed,Routine consultation
4237,463,26,2025-08-18,10:45:00,Completed,Hearing concern
4238,790,22,2024-10-18,18:15:00,Completed,Respiratory symptoms
4239,851,23,2025-08-04,09:45:00,Completed,Test review
4240,266,16,2024-12-15,17:15:00,No-show,Child wellness visit
4241,338,4,2025-04-18,17:45:00,Completed,Headache
4242,462,33,2026-02-13,11:45:00,Completed,Hearing concern
4243,817,5,2025-01-22,15:30:00,No-show,Skin irritation
4244,314,3,2025-05-15,11:00:00,No-show,Hearing concern
4245,687,7,2026-04-05,18:45:00,Completed,Vision concern
4246,97,13,2024-11-19,18:00:00,Completed,Routine consultation
4247,504,33,2025-07-01,11:45:00,Completed,Persistent pain
4248,196,13,2026-01-02,16:30:00,Completed,Skin irritation
4249,194,27,2025-08-18,17:30:00,Completed,Child wellness visit
4250,342,3,2026-01-15,10:15:00,Completed,Persistent pain
4251,842,26,2024-11-18,11:15:00,Completed,Headache
4252,712,22,2026-04-08,09:30:00,Completed,Persistent pain
4253,269,4,2024-07-11,10:15:00,Completed,Respiratory symptoms
4254,499,5,2024-10-26,14:30:00,Cancelled,Joint discomfort
4255,249,23,2024-11-17,13:30:00,Scheduled,Routine consultation
4256,153,3,2024-02-11,14:00:00,Completed,Follow-up visit
4257,200,27,2026-09-24,12:30:00,No-show,Headache
4258,578,18,2026-03-29,15:45:00,Completed,Persistent pain
4259,111,16,2026-08-07,18:00:00,No-show,Persistent pain
4260,490,1,2026-05-12,14:30:00,Completed,Test review
4261,415,7,2026-07-16,10:15:00,Cancelled,Child wellness visit
4262,665,16,2025-11-02,18:00:00,Completed,Annual check-up
4263,291,27,2025-07-24,13:15:00,Completed,Annual check-up
4264,380,24,2024-11-27,13:30:00,Completed,Vision concern
4265,218,22,2025-03-14,08:45:00,Completed,Child wellness visit
4266,621,20,2026-08-03,11:15:00,Completed,Respiratory symptoms
4267,420,13,2025-08-13,17:00:00,Completed,Vision concern
4268,37,2,2025-06-16,10:15:00,Completed,Vision concern
4269,739,10,2026-08-28,14:00:00,Completed,Hearing concern
4270,189,10,2024-03-04,17:45:00,Completed,Headache
4271,693,2,2025-02-14,09:45:00,Scheduled,Routine consultation
4272,443,30,2024-01-25,09:30:00,Completed,Persistent pain
4273,40,4,2024-07-31,17:15:00,Completed,Joint discomfort
4274,34,30,2025-03-22,17:45:00,Cancelled,Follow-up visit
4275,392,12,2026-01-15,09:15:00,Scheduled,Hearing concern
4276,838,15,2025-08-25,18:00:00,Scheduled,Persistent pain
4277,592,25,2026-03-12,18:15:00,Completed,Headache
4278,230,2,2025-05-06,09:15:00,Completed,Vision concern
4279,44,4,2026-07-08,16:15:00,Cancelled,Child wellness visit
4280,239,30,2025-03-31,12:15:00,Completed,Routine consultation
4281,324,19,2025-09-27,16:30:00,Completed,Child wellness visit
4282,549,29,2026-03-19,10:15:00,Completed,Skin irritation
4283,155,11,2025-12-10,18:00:00,No-show,Persistent pain
4284,432,4,2026-07-12,12:30:00,Completed,Vision concern
4285,375,33,2025-08-16,13:15:00,Scheduled,Annual check-up
4286,503,27,2024-01-14,17:45:00,Cancelled,Routine consultation
4287,663,28,2026-06-26,12:45:00,Completed,Hearing concern
4288,264,22,2024-06-30,13:45:00,Completed,Child wellness visit
4289,477,17,2025-04-25,15:30:00,Completed,Routine consultation
4290,830,18,2025-03-02,13:45:00,Completed,Routine consultation
4291,445,6,2024-05-25,17:45:00,No-show,Persistent pain
4292,559,20,2024-06-07,14:00:00,Scheduled,Persistent pain
4293,525,10,2026-07-04,14:00:00,Scheduled,Vision concern
4294,264,8,2025-03-24,08:00:00,Completed,Respiratory symptoms
4295,77,34,2026-08-22,14:00:00,Completed,Test review
4296,735,26,2025-07-09,16:00:00,Scheduled,Follow-up visit
4297,707,26,2025-01-22,12:45:00,No-show,Joint discomfort
4298,859,24,2025-10-13,09:15:00,Completed,Child wellness visit
4299,196,8,2026-06-20,10:30:00,Completed,Hearing concern
4300,370,16,2025-01-17,18:30:00,Completed,Vision concern
4301,811,2,2024-03-27,17:00:00,No-show,Child wellness visit
4302,698,17,2025-07-23,08:45:00,Completed,Test review
4303,122,31,2024-01-02,16:45:00,Completed,Follow-up visit
4304,376,11,2024-02-10,15:45:00,Completed,Test review
4305,57,31,2026-04-26,12:00:00,Completed,Skin irritation
4306,435,24,2026-01-19,15:45:00,Completed,Persistent pain
4307,664,19,2025-02-26,09:00:00,Completed,Follow-up visit
4308,94,3,2026-08-06,17:00:00,Completed,Respiratory symptoms
4309,53,7,2025-05-23,16:30:00,Completed,Persistent pain
4310,13,24,2024-02-19,10:30:00,Completed,Joint discomfort
4311,485,11,2025-12-03,18:15:00,Scheduled,Joint discomfort
4312,180,3,2024-03-24,08:15:00,Completed,Respiratory symptoms
4313,374,31,2024-10-02,18:45:00,Completed,Hearing concern
4314,680,22,2025-10-17,11:45:00,Completed,Test review
4315,463,20,2024-09-17,10:30:00,Completed,Hearing concern
4316,695,17,2025-11-16,18:15:00,Completed,Follow-up visit
4317,415,19,2024-04-25,13:15:00,Completed,Routine consultation
4318,813,24,2024-04-05,11:15:00,Completed,Joint discomfort
4319,786,15,2026-06-08,15:45:00,Scheduled,Vision concern
4320,760,29,2025-01-23,16:00:00,Scheduled,Vision concern
4321,786,1,2026-05-07,16:30:00,Completed,Follow-up visit
4322,828,30,2024-11-04,17:00:00,Scheduled,Child wellness visit
4323,306,26,2025-06-12,16:00:00,Completed,Joint discomfort
4324,627,3,2025-06-11,08:15:00,No-show,Headache
4325,516,26,2024-06-24,12:00:00,Completed,Respiratory symptoms
4326,262,17,2024-12-04,08:45:00,Completed,Annual check-up
4327,383,16,2024-11-20,10:45:00,Scheduled,Follow-up visit
4328,100,8,2024-04-02,08:30:00,Cancelled,Follow-up visit
4329,548,17,2025-02-24,18:45:00,Cancelled,Joint discomfort
4330,568,21,2025-09-02,11:15:00,Completed,Headache
4331,847,27,2024-04-30,16:15:00,Completed,Hearing concern
4332,465,13,2025-10-28,12:00:00,Cancelled,Routine consultation
4333,160,10,2025-11-03,14:30:00,Completed,Joint discomfort
4334,508,9,2024-01-09,13:30:00,Completed,Persistent pain
4335,843,34,2026-06-09,15:00:00,Scheduled,Persistent pain
4336,66,19,2025-04-26,18:30:00,Completed,Child wellness visit
4337,287,29,2024-11-08,14:00:00,Completed,Joint discomfort
4338,254,30,2026-09-08,09:45:00,Scheduled,Annual check-up
4339,699,31,2026-03-24,10:00:00,Completed,Follow-up visit
4340,470,12,2025-05-26,13:00:00,Cancelled,Headache
4341,820,10,2025-09-28,10:45:00,Completed,Vision concern
4342,635,33,2025-06-14,18:45:00,Completed,Child wellness visit
4343,538,30,2026-08-21,15:30:00,Completed,Headache
4344,526,17,2026-06-23,15:30:00,No-show,Skin irritation
4345,285,1,2024-04-28,17:15:00,Scheduled,Joint discomfort
4346,709,14,2025-03-01,08:30:00,No-show,Vision concern
4347,187,30,2024-12-06,18:00:00,No-show,Joint discomfort
4348,214,17,2025-01-20,11:00:00,Completed,Annual check-up
4349,862,34,2024-10-20,12:45:00,Completed,Vision concern
4350,737,23,2025-02-20,09:00:00,No-show,Vision concern
4351,568,26,2024-05-19,10:15:00,Cancelled,Routine consultation
4352,831,30,2024-01-29,18:45:00,Completed,Annual check-up
4353,531,2,2026-06-06,13:15:00,Completed,Routine consultation
4354,135,9,2025-04-05,18:30:00,Completed,Routine consultation
4355,219,29,2026-09-10,18:15:00,Cancelled,Hearing concern
4356,733,32,2024-03-10,16:45:00,Completed,Persistent pain
4357,292,20,2025-04-12,13:45:00,Completed,Follow-up visit
4358,819,7,2024-05-13,18:00:00,Completed,Test review
4359,15,32,2025-07-11,10:45:00,Completed,Routine consultation
4360,405,27,2024-03-20,13:30:00,Completed,Child wellness visit
4361,340,33,2025-02-14,14:15:00,Completed,Headache
4362,726,19,2024-03-22,16:00:00,Completed,Child wellness visit
4363,697,34,2024-06-29,13:15:00,Completed,Persistent pain
4364,679,34,2025-12-22,16:45:00,Completed,Routine consultation
4365,324,18,2025-02-03,17:30:00,Completed,Child wellness visit
4366,161,35,2024-10-20,15:00:00,Completed,Routine consultation
4367,249,6,2025-11-16,11:15:00,Cancelled,Child wellness visit
4368,569,30,2024-04-03,10:15:00,Scheduled,Routine consultation
4369,213,28,2026-08-25,14:45:00,No-show,Persistent pain
4370,807,29,2026-08-09,15:45:00,Completed,Child wellness visit
4371,720,22,2024-07-09,15:15:00,Completed,Test review
4372,388,2,2026-01-09,11:15:00,Completed,Respiratory symptoms
4373,460,15,2026-05-01,12:45:00,No-show,Test review
4374,8,27,2024-07-05,18:15:00,Cancelled,Annual check-up
4375,654,23,2026-04-12,18:30:00,Completed,Headache
4376,436,12,2024-07-16,18:15:00,Cancelled,Respiratory symptoms
4377,512,3,2024-02-27,12:30:00,Completed,Child wellness visit
4378,366,31,2024-08-11,08:15:00,Scheduled,Skin irritation
4379,764,9,2024-06-23,16:30:00,Cancelled,Respiratory symptoms
4380,24,20,2025-12-27,10:30:00,Completed,Test review
4381,157,22,2024-12-16,13:30:00,Cancelled,Child wellness visit
4382,619,15,2025-08-15,15:45:00,Completed,Annual check-up
4383,107,7,2025-03-01,15:00:00,Completed,Joint discomfort
4384,432,19,2025-02-13,18:45:00,Completed,Vision concern
4385,862,22,2025-01-24,17:00:00,Completed,Annual check-up
4386,528,17,2026-02-03,18:45:00,Completed,Skin irritation
4387,213,12,2025-12-29,10:00:00,No-show,Persistent pain
4388,291,35,2025-09-08,13:30:00,Completed,Test review
4389,449,2,2024-01-11,18:45:00,Cancelled,Skin irritation
4390,694,17,2026-08-20,13:30:00,No-show,Vision concern
4391,282,3,2025-05-14,14:00:00,Completed,Joint discomfort
4392,331,14,2024-03-01,09:15:00,No-show,Routine consultation
4393,231,16,2025-08-12,16:00:00,Scheduled,Skin irritation
4394,739,33,2025-05-25,09:45:00,Completed,Skin irritation
4395,254,23,2025-03-10,16:00:00,Completed,Child wellness visit
4396,794,5,2024-02-09,16:00:00,No-show,Headache
4397,839,14,2024-07-30,15:30:00,Cancelled,Skin irritation
4398,334,26,2025-04-14,08:15:00,Completed,Respiratory symptoms
4399,503,11,2025-06-07,15:00:00,No-show,Vision concern
4400,375,28,2025-11-06,17:30:00,Completed,Joint discomfort
4401,684,19,2024-12-27,15:30:00,Completed,Joint discomfort
4402,584,24,2026-09-26,13:00:00,Cancelled,Headache
4403,665,16,2025-12-05,18:45:00,Completed,Test review
4404,647,6,2025-03-29,09:30:00,Completed,Annual check-up
4405,77,15,2025-10-01,13:15:00,Scheduled,Persistent pain
4406,757,24,2024-05-26,08:45:00,Cancelled,Child wellness visit
4407,661,33,2024-06-16,09:45:00,Completed,Follow-up visit
4408,895,5,2025-09-16,18:15:00,Completed,Headache
4409,504,19,2025-12-28,12:30:00,Completed,Skin irritation
4410,42,9,2025-04-29,18:45:00,Scheduled,Annual check-up
4411,475,13,2024-01-27,16:15:00,Completed,Routine consultation
4412,194,24,2025-11-30,11:15:00,Scheduled,Follow-up visit
4413,805,11,2026-01-25,12:30:00,Completed,Test review
4414,178,13,2026-03-02,14:15:00,Completed,Routine consultation
4415,590,17,2024-04-02,10:00:00,Cancelled,Routine consultation
4416,371,11,2024-12-28,15:30:00,Completed,Routine consultation
4417,725,2,2024-10-16,15:30:00,Completed,Hearing concern
4418,243,10,2024-11-28,12:45:00,Completed,Child wellness visit
4419,609,6,2026-09-04,09:15:00,Scheduled,Test review
4420,748,15,2024-09-25,16:30:00,Completed,Skin irritation
4421,220,28,2025-12-09,10:45:00,Completed,Vision concern
4422,90,12,2025-05-20,11:30:00,Cancelled,Follow-up visit
4423,787,8,2024-06-03,08:15:00,Completed,Test review
4424,725,14,2025-05-29,09:15:00,Completed,Annual check-up
4425,607,20,2025-07-27,08:15:00,Completed,Joint discomfort
4426,52,35,2025-10-22,16:00:00,Completed,Hearing concern
4427,423,20,2026-04-08,13:15:00,Completed,Joint discomfort
4428,111,3,2025-06-09,10:00:00,Completed,Skin irritation
4429,329,26,2026-09-14,16:15:00,Completed,Persistent pain
4430,240,28,2026-06-21,18:45:00,Completed,Annual check-up
4431,729,5,2026-07-22,15:00:00,Completed,Hearing concern
4432,223,6,2025-09-25,09:45:00,Completed,Headache
4433,833,2,2024-04-24,11:15:00,Scheduled,Routine consultation
4434,782,16,2024-10-05,12:30:00,Completed,Respiratory symptoms
4435,79,17,2026-07-04,16:45:00,Scheduled,Headache
4436,60,32,2025-04-09,13:15:00,Completed,Hearing concern
4437,471,10,2024-08-19,09:45:00,Scheduled,Skin irritation
4438,121,26,2024-01-27,11:45:00,No-show,Child wellness visit
4439,746,5,2024-04-05,18:00:00,Completed,Test review
4440,774,29,2026-09-26,08:15:00,Scheduled,Joint discomfort
4441,627,25,2026-05-30,11:00:00,Completed,Respiratory symptoms
4442,24,1,2024-12-19,17:30:00,Completed,Joint discomfort
4443,884,26,2025-02-10,18:15:00,Cancelled,Persistent pain
4444,785,16,2024-08-11,15:00:00,Completed,Follow-up visit
4445,761,21,2025-06-19,08:00:00,Completed,Follow-up visit
4446,281,4,2025-07-26,14:15:00,Completed,Skin irritation
4447,306,14,2026-05-14,08:45:00,Completed,Child wellness visit
4448,797,32,2024-10-27,12:15:00,Completed,Hearing concern
4449,176,16,2025-04-24,13:00:00,Cancelled,Respiratory symptoms
4450,191,10,2025-06-21,13:15:00,Scheduled,Child wellness visit
4451,346,18,2024-12-30,13:00:00,Completed,Follow-up visit
4452,590,27,2026-03-11,08:15:00,Cancelled,Child wellness visit
4453,883,11,2026-03-07,11:45:00,Completed,Child wellness visit
4454,212,32,2024-07-19,14:15:00,Completed,Skin irritation
4455,545,2,2024-02-03,12:15:00,Completed,Respiratory symptoms
4456,373,34,2024-11-14,14:45:00,Cancelled,Annual check-up
4457,530,28,2026-01-25,15:30:00,Completed,Skin irritation
4458,503,6,2024-05-13,08:45:00,Completed,Respiratory symptoms
4459,341,23,2026-06-30,10:45:00,Completed,Routine consultation
4460,125,17,2025-01-01,16:30:00,Completed,Follow-up visit
4461,114,18,2024-09-16,09:30:00,Completed,Child wellness visit
4462,116,20,2025-12-29,11:45:00,Cancelled,Follow-up visit
4463,425,35,2025-01-25,09:00:00,Completed,Routine consultation
4464,881,13,2026-06-17,14:00:00,Completed,Joint discomfort
4465,171,26,2026-02-05,08:30:00,Completed,Test review
4466,646,18,2025-01-23,13:30:00,Completed,Vision concern
4467,513,16,2025-01-23,16:30:00,No-show,Skin irritation
4468,512,29,2024-04-01,12:00:00,Completed,Hearing concern
4469,280,21,2024-10-14,13:30:00,Completed,Vision concern
4470,30,1,2024-08-24,08:00:00,Completed,Vision concern
4471,659,9,2024-06-04,15:15:00,No-show,Child wellness visit
4472,386,31,2026-07-17,12:15:00,Scheduled,Hearing concern
4473,878,29,2026-01-31,11:45:00,Scheduled,Skin irritation
4474,548,24,2025-11-04,08:30:00,Cancelled,Hearing concern
4475,462,2,2026-09-30,17:15:00,Completed,Test review
4476,620,6,2025-02-20,18:30:00,Completed,Follow-up visit
4477,72,13,2025-02-25,12:00:00,Completed,Child wellness visit
4478,644,17,2025-07-29,12:15:00,Cancelled,Respiratory symptoms
4479,833,30,2024-02-04,08:45:00,Completed,Respiratory symptoms
4480,585,22,2025-12-30,18:30:00,Cancelled,Follow-up visit
4481,313,12,2025-08-31,13:30:00,Completed,Test review
4482,397,28,2025-08-12,13:30:00,Completed,Follow-up visit
4483,760,31,2026-05-12,13:45:00,Completed,Headache
4484,173,33,2024-01-08,08:00:00,Completed,Test review
4485,736,5,2025-10-25,15:15:00,Completed,Respiratory symptoms
4486,594,19,2025-12-14,13:15:00,Completed,Hearing concern
4487,121,27,2025-12-29,11:15:00,Cancelled,Vision concern
4488,286,33,2025-09-12,15:00:00,Scheduled,Hearing concern
4489,873,3,2024-02-24,09:45:00,Completed,Child wellness visit
4490,106,9,2025-11-30,17:30:00,Completed,Headache
4491,460,26,2026-09-01,09:15:00,Completed,Annual check-up
4492,895,20,2025-07-26,12:00:00,Scheduled,Annual check-up
4493,178,16,2024-11-16,13:15:00,Scheduled,Child wellness visit
4494,207,14,2025-05-09,10:45:00,Scheduled,Vision concern
4495,675,32,2025-08-10,16:00:00,Completed,Routine consultation
4496,142,27,2026-06-25,13:45:00,Completed,Respiratory symptoms
4497,729,31,2024-04-08,09:30:00,Completed,Persistent pain
4498,747,5,2026-05-05,16:45:00,No-show,Hearing concern
4499,535,18,2024-03-15,08:45:00,Scheduled,Follow-up visit
4500,119,27,2024-05-02,09:30:00,No-show,Annual check-up
4501,261,25,2025-12-30,18:00:00,No-show,Joint discomfort
4502,877,33,2024-09-03,08:45:00,Completed,Annual check-up
4503,177,20,2026-06-13,15:15:00,No-show,Hearing concern
4504,529,35,2026-05-28,18:30:00,No-show,Persistent pain
4505,247,32,2026-01-08,18:45:00,No-show,Child wellness visit
4506,691,32,2025-04-14,08:00:00,Completed,Child wellness visit
4507,124,10,2024-12-14,11:15:00,Completed,Follow-up visit
4508,161,6,2026-02-07,18:00:00,Completed,Persistent pain
4509,774,11,2025-02-19,15:00:00,Completed,Hearing concern
4510,416,27,2026-01-15,08:15:00,Completed,Headache
4511,737,14,2025-07-16,11:30:00,Completed,Vision concern
4512,315,26,2026-02-15,18:15:00,No-show,Test review
4513,2,1,2024-07-12,18:45:00,Completed,Test review
4514,608,2,2025-04-02,08:15:00,Completed,Routine consultation
4515,541,33,2026-02-08,14:45:00,Scheduled,Joint discomfort
4516,231,11,2024-02-07,15:00:00,Completed,Child wellness visit
4517,241,18,2025-05-31,12:15:00,Completed,Test review
4518,446,32,2026-01-09,12:45:00,Cancelled,Hearing concern
4519,181,27,2024-12-21,08:45:00,Scheduled,Hearing concern
4520,885,18,2026-04-11,13:45:00,Completed,Persistent pain
4521,438,31,2025-02-08,13:30:00,Completed,Joint discomfort
4522,523,11,2025-05-29,09:45:00,No-show,Annual check-up
4523,511,31,2025-08-14,13:00:00,Cancelled,Routine consultation
4524,199,20,2024-12-07,10:15:00,Completed,Vision concern
4525,184,26,2025-09-18,11:00:00,Completed,Test review
4526,399,17,2024-12-19,10:30:00,No-show,Skin irritation
4527,248,1,2025-09-18,08:45:00,Scheduled,Annual check-up
4528,795,3,2026-01-20,14:15:00,Completed,Vision concern
4529,528,22,2024-05-30,18:15:00,Completed,Vision concern
4530,763,31,2025-01-11,09:15:00,Completed,Child wellness visit
4531,205,31,2026-02-17,18:00:00,Completed,Headache
4532,861,14,2025-02-13,14:15:00,Completed,Respiratory symptoms
4533,445,15,2024-08-10,12:15:00,Completed,Headache
4534,714,26,2024-06-12,16:15:00,Completed,Skin irritation
4535,510,12,2024-07-09,13:15:00,Completed,Skin irritation
4536,830,15,2026-01-04,15:00:00,Completed,Test review
4537,599,20,2024-05-25,18:15:00,Completed,Routine consultation
4538,210,29,2024-01-12,12:15:00,Completed,Skin irritation
4539,700,8,2025-10-09,18:15:00,Completed,Headache
4540,409,6,2024-05-10,13:45:00,Cancelled,Hearing concern
4541,13,18,2025-04-20,11:45:00,Completed,Child wellness visit
4542,821,24,2026-02-09,18:00:00,Completed,Vision concern
4543,586,25,2025-07-07,08:45:00,Completed,Test review
4544,366,20,2024-11-05,10:00:00,Completed,Hearing concern
4545,714,35,2026-03-21,11:45:00,Completed,Persistent pain
4546,446,19,2024-01-31,13:15:00,Scheduled,Hearing concern
4547,844,29,2024-07-21,18:45:00,Completed,Headache
4548,632,14,2024-09-26,10:15:00,Completed,Joint discomfort
4549,39,15,2025-09-09,15:45:00,Cancelled,Hearing concern
4550,689,34,2026-06-02,11:15:00,Completed,Headache
4551,24,16,2024-06-17,09:30:00,Scheduled,Hearing concern
4552,431,23,2026-03-28,13:00:00,Scheduled,Test review
4553,31,9,2024-12-05,08:45:00,Completed,Test review
4554,665,34,2025-02-18,18:00:00,Completed,Respiratory symptoms
4555,229,20,2025-05-21,14:45:00,Completed,Annual check-up
4556,849,35,2025-03-14,11:15:00,Completed,Headache
4557,742,6,2026-06-30,08:15:00,Completed,Persistent pain
4558,318,10,2026-05-27,15:45:00,Completed,Follow-up visit
4559,334,23,2025-08-02,14:15:00,Cancelled,Respiratory symptoms
4560,303,14,2025-08-09,18:45:00,Completed,Joint discomfort
4561,264,22,2026-07-27,17:30:00,Completed,Child wellness visit
4562,577,23,2024-11-24,12:45:00,Completed,Hearing concern
4563,669,24,2024-07-22,09:45:00,Completed,Respiratory symptoms
4564,223,3,2024-02-24,10:00:00,Completed,Persistent pain
4565,754,30,2026-08-20,11:45:00,Completed,Skin irritation
4566,700,11,2024-12-25,14:45:00,Completed,Test review
4567,847,12,2024-06-23,11:30:00,Cancelled,Respiratory symptoms
4568,275,14,2025-09-04,09:45:00,Completed,Routine consultation
4569,817,7,2025-08-17,09:00:00,Completed,Annual check-up
4570,562,34,2025-03-17,14:00:00,Scheduled,Skin irritation
4571,880,10,2025-02-27,12:30:00,No-show,Respiratory symptoms
4572,793,13,2025-11-11,15:30:00,Completed,Hearing concern
4573,287,6,2025-05-10,14:00:00,Scheduled,Joint discomfort
4574,687,2,2025-09-05,11:45:00,Completed,Vision concern
4575,300,24,2025-10-15,16:00:00,Completed,Headache
4576,770,32,2026-04-14,11:30:00,Completed,Joint discomfort
4577,856,20,2024-09-18,15:15:00,Scheduled,Skin irritation
4578,553,29,2026-02-25,16:00:00,Scheduled,Test review
4579,334,9,2025-05-28,17:00:00,Completed,Vision concern
4580,448,23,2026-07-29,09:15:00,Completed,Annual check-up
4581,758,29,2025-03-29,09:15:00,No-show,Annual check-up
4582,252,17,2024-12-29,08:45:00,Completed,Joint discomfort
4583,220,33,2024-02-11,14:15:00,Scheduled,Routine consultation
4584,154,16,2024-02-16,16:45:00,Completed,Joint discomfort
4585,656,11,2024-09-28,11:30:00,Scheduled,Skin irritation
4586,367,17,2025-06-25,14:30:00,Completed,Follow-up visit
4587,192,7,2025-12-03,13:45:00,Completed,Skin irritation
4588,517,29,2024-03-06,08:00:00,Completed,Annual check-up
4589,430,19,2025-01-25,14:00:00,Cancelled,Joint discomfort
4590,822,4,2024-08-05,15:45:00,Completed,Annual check-up
4591,471,28,2026-01-22,17:00:00,Completed,Follow-up visit
4592,437,6,2024-07-09,10:00:00,Cancelled,Routine consultation
4593,773,16,2026-01-14,17:45:00,Scheduled,Headache
4594,565,27,2025-12-28,16:00:00,Completed,Hearing concern
4595,46,3,2026-03-17,12:00:00,Completed,Joint discomfort
4596,227,14,2024-08-09,13:15:00,Cancelled,Vision concern
4597,732,26,2024-01-02,09:15:00,Completed,Headache
4598,768,1,2026-02-23,08:15:00,Completed,Respiratory symptoms
4599,198,34,2024-01-12,09:00:00,Completed,Annual check-up
4600,831,23,2026-05-26,15:00:00,No-show,Follow-up visit
4601,384,4,2025-01-29,18:00:00,Completed,Joint discomfort
4602,582,8,2024-07-13,14:30:00,Completed,Headache
4603,345,8,2025-08-12,09:15:00,Cancelled,Joint discomfort
4604,422,35,2025-03-24,09:45:00,Scheduled,Respiratory symptoms
4605,79,31,2024-01-08,16:00:00,Completed,Joint discomfort
4606,152,14,2025-12-25,10:30:00,Completed,Test review
4607,104,28,2024-03-26,10:15:00,Completed,Persistent pain
4608,77,13,2024-10-13,17:30:00,Completed,Persistent pain
4609,44,17,2024-02-12,18:00:00,No-show,Skin irritation
4610,490,5,2026-08-16,15:45:00,Completed,Child wellness visit
4611,358,25,2024-06-07,15:30:00,Completed,Vision concern
4612,410,7,2024-03-10,10:45:00,Scheduled,Test review
4613,135,3,2025-10-27,11:00:00,No-show,Joint discomfort
4614,851,24,2026-08-23,09:45:00,Completed,Hearing concern
4615,96,11,2024-04-22,09:45:00,Completed,Hearing concern
4616,65,35,2024-03-24,09:15:00,Cancelled,Test review
4617,661,15,2026-06-14,18:15:00,Completed,Persistent pain
4618,333,23,2025-08-20,16:45:00,Completed,Persistent pain
4619,61,28,2026-03-17,10:15:00,Completed,Annual check-up
4620,836,22,2025-09-06,14:00:00,Cancelled,Joint discomfort
4621,721,25,2025-10-10,09:45:00,Cancelled,Routine consultation
4622,296,23,2024-02-01,13:15:00,Completed,Persistent pain
4623,773,4,2026-05-12,11:45:00,Completed,Follow-up visit
4624,415,18,2026-03-05,09:00:00,Completed,Test review
4625,816,27,2026-05-09,08:00:00,Scheduled,Respiratory symptoms
4626,105,17,2024-02-09,16:15:00,Completed,Joint discomfort
4627,334,17,2024-10-14,17:30:00,Completed,Vision concern
4628,12,22,2026-04-28,16:00:00,Completed,Persistent pain
4629,709,30,2024-09-25,13:45:00,Completed,Child wellness visit
4630,226,35,2026-07-25,13:00:00,Completed,Persistent pain
4631,623,18,2024-03-21,12:15:00,Completed,Hearing concern
4632,17,19,2025-09-27,13:45:00,No-show,Hearing concern
4633,454,28,2024-07-02,13:15:00,Completed,Hearing concern
4634,547,19,2025-04-10,14:45:00,Completed,Joint discomfort
4635,826,23,2024-07-18,08:00:00,Completed,Annual check-up
4636,508,9,2025-06-21,18:45:00,Completed,Annual check-up
4637,689,25,2026-06-30,16:30:00,Completed,Routine consultation
4638,138,25,2024-05-12,17:45:00,No-show,Follow-up visit
4639,124,25,2025-01-31,10:45:00,Completed,Skin irritation
4640,316,34,2024-05-10,12:45:00,Cancelled,Joint discomfort
4641,647,27,2025-05-09,18:00:00,Completed,Headache
4642,388,11,2026-05-09,15:45:00,Cancelled,Annual check-up
4643,46,11,2024-03-05,13:45:00,No-show,Skin irritation
4644,89,10,2024-11-26,10:30:00,Completed,Skin irritation
4645,349,10,2024-12-15,14:00:00,Completed,Headache
4646,764,34,2026-05-07,17:30:00,Completed,Follow-up visit
4647,464,12,2024-04-20,13:00:00,Completed,Persistent pain
4648,9,24,2026-07-18,11:30:00,Completed,Follow-up visit
4649,193,8,2025-06-11,12:30:00,Cancelled,Routine consultation
4650,338,15,2024-10-22,18:15:00,Completed,Persistent pain
4651,744,8,2024-01-07,17:00:00,Cancelled,Joint discomfort
4652,278,17,2026-06-29,11:00:00,Scheduled,Annual check-up
4653,716,5,2024-10-14,08:45:00,Completed,Annual check-up
4654,712,13,2025-11-28,18:45:00,Cancelled,Respiratory symptoms
4655,606,35,2024-06-03,12:00:00,Scheduled,Follow-up visit
4656,118,28,2026-08-10,16:15:00,Completed,Skin irritation
4657,504,34,2024-03-23,16:00:00,Completed,Routine consultation
4658,824,25,2024-06-03,12:15:00,No-show,Headache
4659,475,34,2026-03-01,17:45:00,Cancelled,Hearing concern
4660,341,24,2025-05-31,15:45:00,No-show,Headache
4661,888,9,2025-03-03,11:30:00,Completed,Child wellness visit
4662,148,13,2026-02-05,15:15:00,Completed,Annual check-up
4663,766,12,2024-05-11,18:30:00,Completed,Follow-up visit
4664,70,30,2026-09-20,16:15:00,Completed,Headache
4665,48,16,2024-09-14,13:30:00,Completed,Test review
4666,540,12,2025-06-07,15:15:00,Completed,Annual check-up
4667,452,26,2025-04-29,14:45:00,Cancelled,Test review
4668,46,35,2024-05-11,16:45:00,Completed,Test review
4669,714,33,2025-04-02,09:15:00,Completed,Respiratory symptoms
4670,321,14,2024-03-14,18:15:00,Scheduled,Vision concern
4671,569,24,2025-09-10,11:00:00,Completed,Test review
4672,140,26,2024-05-11,09:00:00,Completed,Annual check-up
4673,729,6,2024-09-20,12:15:00,Completed,Follow-up visit
4674,16,25,2024-03-24,12:30:00,Completed,Joint discomfort
4675,808,25,2026-08-11,12:30:00,Scheduled,Annual check-up
4676,278,14,2024-08-06,09:45:00,Completed,Follow-up visit
4677,700,24,2024-08-20,11:15:00,Cancelled,Joint discomfort
4678,462,11,2025-09-29,14:45:00,Completed,Routine consultation
4679,769,3,2026-02-03,11:30:00,Completed,Annual check-up
4680,615,32,2025-01-08,16:30:00,Cancelled,Test review
4681,424,5,2026-01-21,16:00:00,Cancelled,Respiratory symptoms
4682,525,26,2024-02-24,10:00:00,Completed,Joint discomfort
4683,158,32,2025-09-13,12:15:00,Completed,Skin irritation
4684,528,9,2025-05-17,12:00:00,No-show,Skin irritation
4685,220,8,2024-06-13,10:15:00,Completed,Joint discomfort
4686,330,17,2025-07-24,08:45:00,Completed,Respiratory symptoms
4687,212,8,2024-11-15,16:15:00,Scheduled,Child wellness visit
4688,475,20,2025-04-15,15:45:00,Completed,Respiratory symptoms
4689,19,15,2025-02-16,14:45:00,Cancelled,Headache
4690,412,1,2024-01-04,18:45:00,Completed,Test review
4691,143,11,2026-05-25,16:15:00,Completed,Persistent pain
4692,807,35,2024-05-10,09:15:00,Cancelled,Child wellness visit
4693,426,35,2024-06-17,15:30:00,Scheduled,Persistent pain
4694,437,17,2025-12-26,11:15:00,Completed,Routine consultation
4695,307,24,2025-10-21,17:45:00,Completed,Hearing concern
4696,779,3,2026-07-10,14:45:00,Completed,Vision concern
4697,34,18,2025-07-10,13:15:00,Completed,Skin irritation
4698,259,17,2024-07-29,13:30:00,Completed,Child wellness visit
4699,94,8,2026-09-16,16:30:00,No-show,Vision concern
4700,360,7,2024-06-06,12:15:00,Completed,Vision concern
4701,768,16,2025-04-23,16:00:00,Completed,Test review
4702,20,20,2025-07-26,11:45:00,Completed,Child wellness visit
4703,98,6,2025-12-06,14:30:00,Completed,Headache
4704,756,24,2025-08-09,12:15:00,Completed,Skin irritation
4705,512,13,2026-08-01,09:15:00,Scheduled,Vision concern
4706,199,26,2024-12-10,17:45:00,Completed,Vision concern
4707,473,28,2025-06-16,15:45:00,Completed,Joint discomfort
4708,215,24,2026-03-18,16:45:00,Completed,Annual check-up
4709,92,32,2024-09-20,17:00:00,Completed,Skin irritation
4710,794,2,2026-09-09,16:30:00,Completed,Respiratory symptoms
4711,876,9,2024-07-15,11:00:00,Completed,Respiratory symptoms
4712,870,26,2024-04-27,13:00:00,Completed,Follow-up visit
4713,84,15,2025-09-16,09:30:00,Completed,Routine consultation
4714,316,19,2024-07-06,11:45:00,No-show,Respiratory symptoms
4715,634,11,2026-02-15,09:30:00,No-show,Joint discomfort
4716,14,6,2024-01-03,16:45:00,Completed,Vision concern
4717,796,17,2026-04-25,15:00:00,Completed,Hearing concern
4718,820,6,2024-12-16,15:15:00,Completed,Routine consultation
4719,391,30,2025-09-19,17:45:00,Completed,Skin irritation
4720,397,29,2024-07-04,08:45:00,Completed,Persistent pain
4721,780,13,2025-04-14,10:45:00,Completed,Hearing concern
4722,178,4,2025-01-07,16:45:00,Completed,Respiratory symptoms
4723,163,18,2026-07-22,13:45:00,Completed,Hearing concern
4724,373,24,2026-07-25,18:45:00,Completed,Persistent pain
4725,787,32,2025-04-23,08:00:00,Completed,Headache
4726,316,7,2026-05-03,15:45:00,Completed,Persistent pain
4727,748,27,2024-01-05,17:45:00,Completed,Vision concern
4728,521,35,2026-06-07,18:45:00,Scheduled,Routine consultation
4729,775,34,2024-12-17,18:45:00,Completed,Headache
4730,513,25,2026-09-18,15:30:00,Cancelled,Test review
4731,200,27,2024-10-07,12:45:00,Completed,Vision concern
4732,206,10,2025-05-16,14:45:00,Completed,Headache
4733,609,26,2026-04-07,12:30:00,Completed,Hearing concern
4734,760,25,2025-01-29,17:30:00,Cancelled,Hearing concern
4735,272,29,2026-02-01,09:30:00,Completed,Hearing concern
4736,829,16,2024-10-08,15:30:00,Cancelled,Hearing concern
4737,37,9,2024-09-16,08:30:00,Completed,Respiratory symptoms
4738,174,1,2025-07-26,12:45:00,Completed,Skin irritation
4739,658,17,2024-12-06,08:15:00,Completed,Headache
4740,287,3,2026-03-02,15:00:00,Completed,Child wellness visit
4741,222,13,2026-01-16,16:30:00,No-show,Joint discomfort
4742,194,12,2026-01-08,17:00:00,Completed,Joint discomfort
4743,389,20,2026-09-26,16:00:00,Scheduled,Annual check-up
4744,831,2,2025-05-01,11:45:00,Completed,Annual check-up
4745,90,23,2024-01-02,14:15:00,Completed,Test review
4746,264,2,2024-11-17,09:00:00,Cancelled,Persistent pain
4747,418,24,2025-06-12,11:45:00,Completed,Vision concern
4748,211,13,2026-07-01,12:45:00,Completed,Hearing concern
4749,438,18,2025-12-09,14:45:00,Scheduled,Skin irritation
4750,224,9,2026-07-14,15:15:00,Cancelled,Joint discomfort
4751,635,31,2024-09-27,09:30:00,Completed,Routine consultation
4752,726,19,2026-04-17,09:00:00,Cancelled,Routine consultation
4753,184,32,2025-03-22,08:45:00,Cancelled,Follow-up visit
4754,699,21,2024-04-27,14:30:00,No-show,Annual check-up
4755,607,30,2025-05-02,17:45:00,Completed,Skin irritation
4756,242,2,2025-03-13,09:30:00,Completed,Headache
4757,458,24,2024-10-03,15:15:00,Cancelled,Routine consultation
4758,828,23,2025-11-15,18:15:00,Completed,Persistent pain
4759,779,30,2024-01-30,14:45:00,Completed,Respiratory symptoms
4760,62,31,2024-03-28,18:00:00,No-show,Joint discomfort
4761,187,16,2026-06-23,14:00:00,Cancelled,Joint discomfort
4762,113,9,2024-07-11,15:45:00,Completed,Joint discomfort
4763,661,34,2026-09-15,12:00:00,Scheduled,Skin irritation
4764,255,32,2025-02-25,16:45:00,Completed,Test review
4765,518,1,2025-05-16,17:00:00,Scheduled,Hearing concern
4766,822,26,2026-05-15,18:30:00,Completed,Routine consultation
4767,839,28,2024-09-30,08:45:00,Completed,Respiratory symptoms
4768,541,14,2026-02-18,16:30:00,Completed,Test review
4769,276,33,2026-09-19,11:00:00,Completed,Child wellness visit
4770,862,23,2025-04-18,11:45:00,No-show,Headache
4771,676,19,2025-12-07,18:00:00,Cancelled,Annual check-up
4772,636,9,2025-05-05,10:00:00,Completed,Skin irritation
4773,121,29,2025-07-21,16:15:00,Scheduled,Vision concern
4774,823,17,2024-09-08,09:45:00,Completed,Child wellness visit
4775,334,33,2026-04-28,12:30:00,No-show,Routine consultation
4776,565,21,2026-01-30,17:15:00,Completed,Persistent pain
4777,641,3,2025-04-17,18:30:00,Completed,Test review
4778,845,22,2024-06-07,14:00:00,Completed,Headache
4779,163,14,2026-05-03,18:00:00,Cancelled,Joint discomfort
4780,613,26,2025-01-25,11:15:00,Completed,Joint discomfort
4781,843,11,2026-07-21,11:30:00,Cancelled,Vision concern
4782,362,17,2026-09-19,08:15:00,Completed,Joint discomfort
4783,659,8,2026-04-02,13:30:00,Cancelled,Routine consultation
4784,824,12,2025-11-30,15:15:00,No-show,Routine consultation
4785,121,10,2026-06-06,18:30:00,Completed,Child wellness visit
4786,335,1,2024-01-23,12:15:00,Completed,Hearing concern
4787,545,9,2025-12-17,08:45:00,No-show,Persistent pain
4788,828,4,2024-11-04,16:00:00,Scheduled,Routine consultation
4789,581,16,2026-07-20,08:30:00,Completed,Annual check-up
4790,726,29,2024-08-10,16:30:00,Completed,Respiratory symptoms
4791,615,29,2026-06-25,11:15:00,Completed,Test review
4792,338,21,2024-08-30,16:00:00,Completed,Follow-up visit
4793,549,11,2025-05-12,10:15:00,Scheduled,Persistent pain
4794,448,18,2026-05-22,10:30:00,Cancelled,Follow-up visit
4795,517,22,2024-07-08,13:30:00,Completed,Hearing concern
4796,429,34,2026-03-13,16:00:00,Completed,Headache
4797,606,3,2024-09-06,08:00:00,Completed,Test review
4798,745,22,2026-05-15,12:30:00,Scheduled,Respiratory symptoms
4799,397,7,2025-11-22,13:00:00,Cancelled,Annual check-up
4800,525,19,2025-08-22,09:30:00,Scheduled,Child wellness visit
4801,586,9,2025-11-01,12:30:00,Completed,Annual check-up
4802,43,16,2026-07-28,13:00:00,Completed,Vision concern
4803,610,24,2024-12-20,13:15:00,Completed,Headache
4804,521,33,2024-03-20,08:15:00,Completed,Respiratory symptoms
4805,450,22,2024-11-03,15:45:00,Completed,Respiratory symptoms
4806,279,24,2025-08-11,10:30:00,Completed,Test review
4807,121,9,2024-08-10,16:45:00,Completed,Annual check-up
4808,755,16,2025-05-09,17:45:00,Completed,Routine consultation
4809,506,4,2025-12-28,12:30:00,Cancelled,Joint discomfort
4810,292,20,2025-08-05,14:45:00,Cancelled,Test review
4811,866,7,2025-03-22,14:15:00,Completed,Joint discomfort
4812,350,27,2025-11-05,15:00:00,Completed,Headache
4813,601,15,2024-12-17,08:15:00,Scheduled,Vision concern
4814,458,17,2025-10-01,08:45:00,Completed,Persistent pain
4815,795,10,2025-05-17,10:45:00,Completed,Skin irritation
4816,825,5,2026-08-22,12:30:00,No-show,Test review
4817,643,13,2024-10-09,09:45:00,Cancelled,Hearing concern
4818,839,4,2024-02-27,13:30:00,No-show,Headache
4819,570,16,2026-03-20,12:30:00,Completed,Headache
4820,851,24,2026-08-03,14:15:00,No-show,Vision concern
4821,572,14,2024-07-27,13:45:00,Scheduled,Vision concern
4822,425,33,2024-02-25,16:30:00,Scheduled,Annual check-up
4823,823,6,2024-01-31,16:45:00,Scheduled,Routine consultation
4824,301,13,2024-03-22,15:00:00,Completed,Headache
4825,697,31,2025-07-26,13:15:00,Completed,Test review
4826,593,30,2025-08-20,11:15:00,Completed,Vision concern
4827,48,16,2026-06-10,09:45:00,Completed,Joint discomfort
4828,531,33,2025-07-13,13:00:00,No-show,Routine consultation
4829,378,24,2026-03-20,16:15:00,Completed,Follow-up visit
4830,111,24,2026-05-11,11:15:00,Completed,Vision concern
4831,292,4,2024-02-03,17:15:00,Scheduled,Test review
4832,244,14,2026-08-21,17:45:00,Completed,Joint discomfort
4833,44,12,2026-07-20,08:15:00,Completed,Hearing concern
4834,459,34,2024-06-22,18:00:00,Completed,Joint discomfort
4835,217,34,2024-10-31,12:45:00,Completed,Vision concern
4836,792,29,2025-03-18,14:15:00,Scheduled,Annual check-up
4837,864,9,2026-01-26,08:15:00,Completed,Test review
4838,95,12,2024-10-28,10:45:00,Completed,Respiratory symptoms
4839,285,10,2026-01-15,14:30:00,Completed,Routine consultation
4840,264,30,2025-10-25,16:15:00,Scheduled,Persistent pain
4841,780,32,2025-09-05,14:45:00,Completed,Joint discomfort
4842,804,21,2025-06-14,09:45:00,Completed,Annual check-up
4843,280,11,2024-11-14,14:45:00,Completed,Annual check-up
4844,264,25,2026-04-15,17:15:00,No-show,Joint discomfort
4845,632,22,2024-09-12,09:30:00,Completed,Vision concern
4846,414,20,2025-10-31,10:15:00,Completed,Routine consultation
4847,157,25,2026-03-22,17:00:00,Cancelled,Joint discomfort
4848,825,25,2024-10-01,17:45:00,Completed,Hearing concern
4849,828,34,2024-03-06,09:15:00,Cancelled,Joint discomfort
4850,801,10,2024-09-05,18:15:00,Completed,Child wellness visit
4851,503,9,2024-07-09,08:15:00,Completed,Skin irritation
4852,498,18,2024-02-24,14:00:00,Completed,Vision concern
4853,504,20,2025-12-24,16:30:00,Completed,Skin irritation
4854,53,17,2026-03-17,13:30:00,Completed,Hearing concern
4855,820,21,2025-11-22,15:45:00,Completed,Hearing concern
4856,810,24,2026-04-25,15:45:00,Completed,Routine consultation
4857,56,23,2024-12-11,09:15:00,Cancelled,Hearing concern
4858,767,31,2025-10-29,14:30:00,Completed,Joint discomfort
4859,271,14,2026-09-18,14:15:00,Completed,Routine consultation
4860,377,27,2024-04-19,12:45:00,Completed,Annual check-up
4861,819,17,2024-06-30,08:00:00,Completed,Follow-up visit
4862,702,33,2025-03-17,15:30:00,Completed,Follow-up visit
4863,887,24,2024-05-20,08:15:00,Completed,Hearing concern
4864,589,6,2025-08-08,16:30:00,Completed,Hearing concern
4865,23,22,2025-02-22,13:00:00,Completed,Headache
4866,873,21,2024-02-20,16:00:00,Completed,Skin irritation
4867,191,12,2025-12-27,17:45:00,Cancelled,Vision concern
4868,728,14,2024-07-09,15:00:00,Scheduled,Persistent pain
4869,213,14,2025-07-15,09:00:00,Completed,Test review
4870,820,33,2025-09-22,09:45:00,Completed,Headache
4871,155,9,2025-09-09,09:30:00,Completed,Hearing concern
4872,798,19,2025-08-17,14:30:00,Completed,Routine consultation
4873,342,9,2025-04-29,08:15:00,Completed,Joint discomfort
4874,440,7,2026-09-07,09:30:00,Completed,Child wellness visit
4875,842,13,2024-02-15,12:00:00,Completed,Respiratory symptoms
4876,750,24,2024-05-06,11:00:00,Completed,Routine consultation
4877,610,10,2026-07-07,10:00:00,Completed,Joint discomfort
4878,467,19,2024-12-13,11:45:00,Completed,Respiratory symptoms
4879,245,10,2024-02-14,12:15:00,Completed,Persistent pain
4880,455,19,2024-09-11,09:15:00,Completed,Vision concern
4881,360,26,2026-05-26,08:15:00,Completed,Vision concern
4882,89,27,2026-09-18,13:30:00,Completed,Vision concern
4883,782,10,2024-09-13,15:30:00,Completed,Persistent pain
4884,432,30,2026-08-20,10:00:00,Completed,Vision concern
4885,645,31,2026-02-04,08:15:00,Completed,Headache
4886,116,1,2024-01-08,13:45:00,Completed,Routine consultation
4887,437,1,2024-11-22,15:00:00,Scheduled,Persistent pain
4888,86,34,2024-04-03,14:45:00,Cancelled,Joint discomfort
4889,208,12,2026-09-22,11:30:00,Scheduled,Skin irritation
4890,589,15,2026-02-17,11:00:00,Completed,Headache
4891,280,34,2024-10-15,17:30:00,No-show,Vision concern
4892,339,31,2026-04-17,08:45:00,Completed,Skin irritation
4893,149,7,2025-12-24,16:15:00,Completed,Annual check-up
4894,181,26,2025-11-30,12:45:00,Scheduled,Headache
4895,644,22,2026-01-26,09:00:00,Completed,Routine consultation
4896,312,5,2026-05-26,18:00:00,Completed,Annual check-up
4897,558,33,2024-02-03,13:00:00,Completed,Skin irritation
4898,195,19,2025-02-04,13:15:00,Completed,Vision concern
4899,208,16,2024-01-07,13:45:00,Scheduled,Headache
4900,717,20,2024-07-17,15:00:00,Completed,Child wellness visit
4901,289,8,2025-02-19,12:15:00,Completed,Respiratory symptoms
4902,34,10,2024-04-08,15:00:00,Cancelled,Test review
4903,277,29,2024-03-03,09:15:00,Completed,Test review
4904,895,11,2025-07-19,18:15:00,Cancelled,Hearing concern
4905,840,31,2024-04-04,15:30:00,Completed,Follow-up visit
4906,465,25,2025-09-11,15:30:00,Completed,Joint discomfort
4907,97,32,2026-09-01,11:15:00,Completed,Test review
4908,71,4,2025-12-03,13:30:00,Cancelled,Joint discomfort
4909,86,25,2025-09-13,16:15:00,Completed,Hearing concern
4910,76,32,2025-08-25,11:45:00,Completed,Respiratory symptoms
4911,29,34,2025-09-08,12:30:00,Completed,Headache
4912,722,19,2026-08-08,13:15:00,No-show,Headache
4913,585,13,2026-08-11,13:45:00,Completed,Respiratory symptoms
4914,873,25,2026-06-04,13:00:00,Completed,Vision concern
4915,185,1,2025-04-25,16:30:00,Completed,Hearing concern
4916,739,12,2025-04-05,09:15:00,Completed,Persistent pain
4917,851,25,2026-03-17,09:00:00,Completed,Child wellness visit
4918,882,2,2026-01-27,09:00:00,No-show,Skin irritation
4919,447,1,2025-08-24,18:00:00,Completed,Joint discomfort
4920,4,5,2025-10-31,15:00:00,Completed,Skin irritation
4921,140,32,2025-12-07,14:15:00,Completed,Headache
4922,865,34,2025-04-17,15:45:00,Cancelled,Routine consultation
4923,87,18,2025-11-18,17:45:00,Completed,Vision concern
4924,519,9,2026-06-21,09:00:00,Completed,Vision concern
4925,664,26,2024-11-09,14:00:00,No-show,Respiratory symptoms
4926,208,21,2026-09-11,17:30:00,Completed,Joint discomfort
4927,703,8,2025-08-30,10:15:00,Completed,Follow-up visit
4928,210,24,2025-02-14,11:45:00,Scheduled,Test review
4929,544,12,2024-12-26,08:00:00,Completed,Follow-up visit
4930,435,30,2026-02-03,12:45:00,Completed,Skin irritation
4931,372,35,2024-05-03,16:15:00,Scheduled,Respiratory symptoms
4932,745,32,2024-09-25,16:45:00,No-show,Annual check-up
4933,512,29,2025-09-13,11:30:00,Cancelled,Joint discomfort
4934,638,22,2025-11-01,16:30:00,Completed,Skin irritation
4935,382,25,2025-09-10,17:45:00,Scheduled,Persistent pain
4936,360,10,2026-03-02,08:00:00,Completed,Routine consultation
4937,714,25,2026-07-02,12:45:00,Completed,Follow-up visit
4938,153,25,2026-04-09,15:00:00,Completed,Joint discomfort
4939,431,13,2024-08-03,13:15:00,Completed,Skin irritation
4940,643,5,2024-09-08,16:45:00,Completed,Routine consultation
4941,329,26,2025-06-27,10:45:00,Completed,Skin irritation
4942,338,22,2024-07-01,14:15:00,Completed,Joint discomfort
4943,692,18,2026-03-05,16:45:00,Completed,Child wellness visit
4944,127,8,2024-07-09,16:15:00,Completed,Hearing concern
4945,604,13,2024-10-24,13:00:00,Completed,Joint discomfort
4946,170,9,2024-05-20,17:15:00,Completed,Hearing concern
4947,472,33,2025-03-17,13:00:00,Scheduled,Joint discomfort
4948,667,18,2025-12-03,15:30:00,Cancelled,Hearing concern
4949,664,4,2024-11-19,13:45:00,Scheduled,Respiratory symptoms
4950,743,31,2026-03-10,17:00:00,Completed,Skin irritation
4951,76,9,2025-11-16,12:15:00,Completed,Headache
4952,212,23,2024-09-10,16:00:00,Completed,Headache
4953,507,23,2024-02-02,17:15:00,Cancelled,Respiratory symptoms
4954,162,4,2025-09-25,12:00:00,Scheduled,Skin irritation
4955,390,24,2025-04-06,18:30:00,No-show,Persistent pain
4956,627,17,2024-07-20,11:00:00,Completed,Vision concern
4957,847,30,2026-09-26,08:30:00,Completed,Vision concern
4958,587,18,2024-08-21,17:30:00,Completed,Follow-up visit
4959,62,5,2024-01-17,12:15:00,Cancelled,Test review
4960,608,31,2024-09-23,17:15:00,Completed,Joint discomfort
4961,154,8,2026-07-31,08:00:00,Cancelled,Follow-up visit
4962,518,35,2026-06-17,18:45:00,Completed,Joint discomfort
4963,657,8,2024-08-07,10:15:00,Completed,Headache
4964,216,34,2024-11-10,16:00:00,Completed,Headache
4965,734,32,2024-02-08,11:30:00,Completed,Vision concern
4966,55,6,2026-06-10,14:30:00,Cancelled,Hearing concern
4967,166,25,2024-07-10,12:30:00,Cancelled,Annual check-up
4968,427,11,2024-01-04,10:00:00,Cancelled,Headache
4969,727,17,2026-03-23,14:15:00,Completed,Skin irritation
4970,584,19,2024-01-05,15:00:00,Scheduled,Skin irritation
4971,683,19,2024-08-22,12:45:00,Completed,Routine consultation
4972,821,22,2026-05-03,12:45:00,Scheduled,Test review
4973,678,4,2025-03-03,08:15:00,No-show,Child wellness visit
4974,874,5,2024-02-22,15:30:00,Completed,Skin irritation
4975,346,9,2024-03-17,12:00:00,Scheduled,Routine consultation
4976,175,11,2024-10-25,18:00:00,Completed,Vision concern
4977,69,25,2025-06-10,08:30:00,Completed,Hearing concern
4978,850,6,2025-06-25,13:30:00,Completed,Skin irritation
4979,691,13,2025-03-21,14:30:00,Scheduled,Routine consultation
4980,144,34,2024-12-14,17:00:00,Completed,Vision concern
4981,714,21,2025-07-19,09:45:00,Completed,Follow-up visit
4982,683,24,2026-01-14,15:15:00,Completed,Test review
4983,338,12,2026-01-25,12:15:00,Completed,Joint discomfort
4984,884,8,2025-10-20,18:00:00,Completed,Persistent pain
4985,585,18,2025-05-30,09:30:00,Completed,Routine consultation
4986,770,6,2024-08-09,16:30:00,Scheduled,Vision concern
4987,592,13,2025-08-17,09:30:00,Cancelled,Vision concern
4988,330,10,2024-01-06,09:15:00,Cancelled,Routine consultation
4989,111,29,2024-11-05,08:15:00,Completed,Child wellness visit
4990,663,20,2025-12-19,12:45:00,Completed,Child wellness visit
4991,526,34,2025-02-04,14:30:00,Completed,Child wellness visit
4992,76,35,2024-05-30,15:15:00,No-show,Joint discomfort
4993,128,16,2025-11-08,14:45:00,Cancelled,Headache
4994,622,7,2026-07-24,14:30:00,No-show,Test review
4995,655,8,2026-07-19,13:15:00,Scheduled,Test review
4996,117,2,2026-07-02,09:00:00,Completed,Child wellness visit
4997,323,9,2024-08-10,09:30:00,Completed,Child wellness visit
4998,786,11,2026-06-27,11:30:00,Completed,Annual check-up
4999,733,1,2026-01-14,10:15:00,Cancelled,Test review
5000,258,26,2024-06-27,14:45:00,Cancelled,Hearing concern
