payment_id,treatment_id,amount_paid,payment_method,payment_status,payment_date
1,1,1000.00,Card,Paid,2025-10-17
2,2,1250.00,Card,Paid,2025-12-11
3,3,750.00,Online,Paid,2024-11-06
4,4,950.00,Card,Paid,2025-06-17
5,5,0.00,Cash,Pending,
6,6,1700.00,Insurance,Paid,2024-10-12
7,7,2250.00,Card,Paid,2025-02-09
8,8,250.00,Insurance,Partially Paid,2024-09-03
9,9,1350.00,Card,Paid,2026-05-04
10,10,1250.00,Cash,Paid,2026-02-17
11,11,1450.00,Card,Paid,2024-08-19
12,12,900.00,Card,Partially Paid,2024-09-14
13,13,2700.00,Card,Paid,2026-08-27
14,14,950.00,Insurance,Paid,2024-09-08
15,15,0.00,Online,Pending,
16,16,2200.00,Insurance,Paid,2024-03-06
17,17,325.00,Cash,Partially Paid,2026-07-17
18,18,4850.00,Cash,Paid,2024-10-10
19,19,1500.00,Card,Paid,2024-08-05
20,20,800.00,Cash,Paid,2025-04-11
21,21,0.00,Insurance,Pending,
22,22,1150.00,Online,Paid,2024-08-24
23,23,1100.00,Insurance,Paid,2024-08-20
24,24,1100.00,Online,Paid,2026-09-22
25,25,6500.00,Card,Paid,2024-04-23
26,26,1250.00,Card,Paid,2025-01-15
27,27,0.00,Insurance,Pending,
28,28,2000.00,Cash,Paid,2025-08-03
29,29,950.00,Insurance,Paid,2025-02-23
30,30,550.00,Insurance,Partially Paid,2026-01-16
31,31,1750.00,Cash,Paid,2026-03-26
32,32,0.00,Insurance,Pending,
33,33,5700.00,Insurance,Paid,2026-03-01
34,34,750.00,Insurance,Paid,2026-09-11
35,35,3250.00,Card,Paid,2024-11-29
36,36,3500.00,Card,Paid,2026-05-16
37,37,6450.00,Cash,Paid,2026-10-02
38,38,1650.00,Insurance,Paid,2026-09-24
39,39,3750.00,Online,Partially Paid,2025-07-03
40,40,0.00,Online,Pending,
41,41,2200.00,Cash,Paid,2025-12-10
42,42,525.00,Cash,Partially Paid,2025-03-31
43,43,0.00,Insurance,Pending,
44,44,4600.00,Insurance,Paid,2025-05-12
45,45,1300.00,Cash,Paid,2025-10-26
46,46,0.00,Insurance,Pending,
47,47,1400.00,Online,Paid,2024-01-16
48,48,1550.00,Cash,Paid,2025-08-06
49,49,0.00,Card,Pending,
50,50,0.00,Insurance,Pending,
51,51,1200.00,Online,Paid,2025-01-21
52,52,475.00,Cash,Partially Paid,2025-07-17
53,53,1300.00,Cash,Paid,2024-06-26
54,54,1950.00,Online,Paid,2024-03-14
55,55,2450.00,Card,Paid,2026-03-17
56,56,2700.00,Online,Paid,2024-07-08
57,57,1100.00,Online,Paid,2024-07-03
58,58,2150.00,Insurance,Paid,2025-02-13
59,59,0.00,Card,Pending,
60,60,1450.00,Insurance,Paid,2024-08-27
61,61,262.50,Card,Partially Paid,2026-09-25
62,62,0.00,Card,Pending,
63,63,750.00,Card,Paid,2026-06-14
64,64,1750.00,Card,Paid,2026-09-05
65,65,1550.00,Online,Paid,2025-12-10
66,66,375.00,Insurance,Partially Paid,2025-10-30
67,67,4575.00,Insurance,Partially Paid,2024-01-14
68,68,600.00,Cash,Paid,2024-01-30
69,69,250.00,Online,Partially Paid,2024-11-06
70,70,2950.00,Online,Paid,2024-09-29
71,71,200.00,Insurance,Partially Paid,2026-03-07
72,72,2200.00,Insurance,Paid,2024-01-29
73,73,400.00,Online,Partially Paid,2024-02-08
74,74,3350.00,Card,Paid,2024-02-08
75,75,400.00,Cash,Partially Paid,2026-04-13
76,76,1400.00,Insurance,Paid,2025-09-09
77,77,0.00,Cash,Pending,
78,78,1050.00,Cash,Paid,2024-01-13
79,79,2250.00,Cash,Paid,2026-01-31
80,80,0.00,Insurance,Pending,
81,81,1150.00,Online,Paid,2025-11-17
82,82,0.00,Card,Pending,
83,83,850.00,Cash,Paid,2024-11-06
84,84,1700.00,Card,Paid,2024-09-01
85,85,1050.00,Insurance,Paid,2024-07-15
86,86,1450.00,Insurance,Paid,2025-08-15
87,87,2150.00,Online,Paid,2026-02-09
88,88,1450.00,Online,Paid,2025-01-08
89,89,5150.00,Insurance,Paid,2026-03-22
90,90,5600.00,Card,Paid,2025-07-31
91,91,2100.00,Insurance,Paid,2024-03-25
92,92,500.00,Cash,Paid,2026-08-26
93,93,0.00,Cash,Pending,
94,94,900.00,Online,Paid,2024-09-03
95,95,2100.00,Card,Paid,2024-08-28
96,96,2300.00,Card,Paid,2024-09-28
97,97,1000.00,Online,Paid,2025-12-30
98,98,2150.00,Insurance,Paid,2024-01-30
99,99,1350.00,Card,Paid,2025-02-10
100,100,0.00,Cash,Pending,
101,101,437.50,Card,Partially Paid,2024-07-14
102,102,900.00,Card,Paid,2025-07-24
103,103,2350.00,Online,Paid,2026-07-24
104,104,400.00,Card,Partially Paid,2026-01-03
105,105,2000.00,Card,Paid,2025-09-08
106,106,1400.00,Insurance,Paid,2026-02-03
107,107,1050.00,Insurance,Paid,2025-12-12
108,108,3100.00,Online,Paid,2025-12-15
109,109,1150.00,Cash,Paid,2024-11-22
110,110,1200.00,Card,Paid,2024-11-26
111,111,950.00,Online,Paid,2026-03-03
112,112,1350.00,Insurance,Paid,2024-04-26
113,113,1650.00,Insurance,Paid,2024-12-29
114,114,0.00,Cash,Pending,
115,115,1162.50,Cash,Partially Paid,2024-05-16
116,116,3300.00,Cash,Paid,2024-08-07
117,117,5150.00,Online,Paid,2026-04-24
118,118,2800.00,Card,Paid,2024-07-21
119,119,950.00,Card,Paid,2024-07-26
120,120,1150.00,Insurance,Paid,2025-01-10
121,121,1200.00,Cash,Paid,2024-07-09
122,122,1650.00,Online,Paid,2024-07-22
123,123,1300.00,Online,Paid,2024-01-13
124,124,0.00,Card,Pending,
125,125,1500.00,Online,Paid,2025-05-11
126,126,250.00,Insurance,Partially Paid,2025-05-05
127,127,0.00,Online,Pending,
128,128,375.00,Insurance,Partially Paid,2024-10-23
129,129,0.00,Insurance,Pending,
130,130,1400.00,Online,Paid,2026-10-06
131,131,850.00,Card,Paid,2024-04-17
132,132,3400.00,Cash,Paid,2024-11-02
133,133,2100.00,Online,Paid,2024-09-11
134,134,3350.00,Online,Paid,2024-09-21
135,135,1100.00,Cash,Partially Paid,2024-08-04
136,136,2600.00,Cash,Paid,2026-10-01
137,137,1300.00,Cash,Paid,2024-09-13
138,138,1200.00,Card,Paid,2024-07-03
139,139,1350.00,Insurance,Paid,2024-03-10
140,140,1600.00,Online,Paid,2024-03-22
141,141,1400.00,Card,Paid,2025-03-05
142,142,1800.00,Card,Paid,2024-02-15
143,143,6250.00,Insurance,Paid,2024-02-18
144,144,0.00,Online,Pending,
145,145,700.00,Insurance,Paid,2026-08-12
146,146,850.00,Cash,Paid,2025-01-21
147,147,6750.00,Insurance,Paid,2025-01-19
148,148,650.00,Cash,Paid,2025-01-19
149,149,800.00,Card,Paid,2025-01-10
150,150,2350.00,Insurance,Paid,2025-11-24
151,151,1750.00,Card,Paid,2025-11-27
152,152,1400.00,Online,Paid,2024-07-05
153,153,1300.00,Online,Paid,2024-07-14
154,154,1600.00,Card,Paid,2024-06-04
155,155,950.00,Online,Paid,2026-07-21
156,156,2400.00,Insurance,Paid,2026-07-17
157,157,1250.00,Cash,Paid,2024-11-23
158,158,1400.00,Insurance,Paid,2025-03-21
159,159,262.50,Card,Partially Paid,2025-03-20
160,160,1050.00,Online,Paid,2024-10-21
161,161,1450.00,Insurance,Paid,2024-09-05
162,162,1400.00,Cash,Paid,2024-02-01
163,163,1100.00,Online,Paid,2024-11-06
164,164,4200.00,Online,Paid,2024-12-29
165,165,1550.00,Card,Paid,2024-12-26
166,166,2000.00,Online,Paid,2025-08-14
167,167,387.50,Cash,Partially Paid,2026-01-16
168,168,3850.00,Insurance,Paid,2025-01-14
169,169,1850.00,Card,Paid,2024-09-10
170,170,0.00,Insurance,Pending,
171,171,1250.00,Cash,Paid,2025-07-27
172,172,1450.00,Insurance,Paid,2026-08-07
173,173,1700.00,Insurance,Paid,2026-07-30
174,174,6350.00,Cash,Paid,2026-09-27
175,175,600.00,Card,Paid,2026-09-26
176,176,0.00,Online,Pending,
177,177,1150.00,Cash,Paid,2025-09-01
178,178,4100.00,Cash,Paid,2025-03-16
179,179,1900.00,Card,Paid,2024-08-18
180,180,2250.00,Insurance,Paid,2025-12-26
181,181,0.00,Card,Pending,
182,182,1400.00,Insurance,Paid,2026-02-10
183,183,6150.00,Insurance,Paid,2026-02-12
184,184,1100.00,Online,Paid,2025-10-08
185,185,800.00,Insurance,Paid,2025-10-06
186,186,1612.50,Cash,Partially Paid,2024-06-14
187,187,6500.00,Insurance,Paid,2024-06-18
188,188,950.00,Card,Paid,2025-12-25
189,189,0.00,Insurance,Pending,
190,190,2100.00,Online,Paid,2025-11-10
191,191,0.00,Insurance,Pending,
192,192,1350.00,Online,Paid,2026-06-03
193,193,1550.00,Online,Paid,2026-02-02
194,194,700.00,Card,Partially Paid,2024-02-03
195,195,950.00,Cash,Paid,2026-03-20
196,196,2950.00,Insurance,Paid,2024-07-01
197,197,1300.00,Online,Paid,2026-05-09
198,198,675.00,Insurance,Partially Paid,2025-09-15
199,199,900.00,Card,Paid,2026-06-21
200,200,1050.00,Card,Paid,2024-11-19
201,201,0.00,Online,Pending,
202,202,600.00,Card,Paid,2025-11-08
203,203,1700.00,Card,Paid,2024-05-14
204,204,1050.00,Cash,Paid,2025-06-19
205,205,0.00,Card,Pending,
206,206,1250.00,Insurance,Paid,2025-10-02
207,207,0.00,Online,Pending,
208,208,750.00,Online,Paid,2024-02-24
209,209,1400.00,Insurance,Paid,2025-03-29
210,210,2400.00,Cash,Paid,2024-07-09
211,211,2000.00,Online,Paid,2024-10-30
212,212,1050.00,Cash,Paid,2026-06-23
213,213,1550.00,Online,Paid,2026-07-27
214,214,700.00,Online,Paid,2024-06-28
215,215,1400.00,Insurance,Paid,2024-07-06
216,216,1600.00,Card,Paid,2026-03-28
217,217,1800.00,Cash,Paid,2026-07-12
218,218,700.00,Card,Paid,2025-09-11
219,219,1450.00,Insurance,Paid,2025-02-14
220,220,2600.00,Online,Paid,2025-08-01
221,221,1600.00,Cash,Paid,2025-08-03
222,222,1050.00,Online,Paid,2024-05-06
223,223,3250.00,Cash,Paid,2024-05-02
224,224,3350.00,Online,Paid,2026-09-26
225,225,1350.00,Online,Paid,2026-01-07
226,226,1700.00,Card,Paid,2025-04-12
227,227,1450.00,Cash,Paid,2026-09-13
228,228,2212.50,Card,Partially Paid,2025-11-16
229,229,1450.00,Card,Paid,2024-10-04
230,230,1550.00,Cash,Paid,2026-05-06
231,231,1250.00,Online,Paid,2026-04-30
232,232,1000.00,Online,Paid,2025-11-17
233,233,1200.00,Cash,Paid,2025-09-10
234,234,1100.00,Cash,Paid,2024-04-10
235,235,750.00,Card,Paid,2024-04-06
236,236,4900.00,Online,Paid,2026-06-27
237,237,2100.00,Cash,Paid,2024-08-04
238,238,2750.00,Cash,Paid,2026-02-02
239,239,1600.00,Insurance,Paid,2026-02-10
240,240,0.00,Online,Pending,
241,241,5500.00,Cash,Paid,2026-09-08
242,242,0.00,Cash,Pending,
243,243,2150.00,Card,Paid,2026-03-13
244,244,1900.00,Card,Paid,2024-02-08
245,245,950.00,Card,Paid,2025-12-20
246,246,0.00,Cash,Pending,
247,247,2600.00,Cash,Paid,2026-06-19
248,248,6650.00,Cash,Paid,2024-08-18
249,249,3100.00,Cash,Paid,2024-08-19
250,250,1850.00,Card,Paid,2025-05-30
251,251,0.00,Cash,Pending,
252,252,2350.00,Online,Paid,2026-05-04
253,253,2300.00,Online,Paid,2026-02-25
254,254,0.00,Cash,Pending,
255,255,0.00,Cash,Pending,
256,256,1800.00,Cash,Paid,2024-08-06
257,257,5900.00,Online,Paid,2026-05-13
258,258,1500.00,Card,Paid,2026-03-29
259,259,950.00,Cash,Paid,2025-04-28
260,260,900.00,Card,Paid,2025-11-10
261,261,5062.50,Insurance,Partially Paid,2025-11-20
262,262,3000.00,Cash,Paid,2024-10-06
263,263,1250.00,Cash,Paid,2026-05-14
264,264,1700.00,Online,Paid,2025-08-22
265,265,2850.00,Card,Paid,2026-05-21
266,266,0.00,Insurance,Pending,
267,267,0.00,Online,Pending,
268,268,3000.00,Card,Paid,2026-09-24
269,269,1500.00,Card,Paid,2025-11-03
270,270,1487.50,Card,Partially Paid,2025-05-17
271,271,425.00,Cash,Partially Paid,2025-05-14
272,272,2850.00,Insurance,Paid,2026-09-26
273,273,1500.00,Cash,Paid,2024-05-28
274,274,225.00,Card,Partially Paid,2025-02-23
275,275,637.50,Card,Partially Paid,2025-03-09
276,276,2000.00,Insurance,Paid,2024-04-29
277,277,2000.00,Online,Paid,2024-06-22
278,278,3150.00,Online,Paid,2025-01-28
279,279,3400.00,Card,Paid,2025-01-25
280,280,1300.00,Cash,Paid,2025-08-21
281,281,2250.00,Card,Paid,2025-08-30
282,282,1350.00,Card,Paid,2025-05-26
283,283,1350.00,Online,Paid,2024-01-20
284,284,2000.00,Online,Paid,2024-08-03
285,285,1800.00,Card,Paid,2026-04-22
286,286,5400.00,Online,Paid,2024-02-07
287,287,900.00,Card,Paid,2024-02-03
288,288,1700.00,Insurance,Paid,2024-01-12
289,289,3250.00,Cash,Paid,2025-09-16
290,290,750.00,Online,Paid,2026-01-14
291,291,900.00,Online,Paid,2026-01-13
292,292,1200.00,Card,Paid,2025-04-10
293,293,1700.00,Card,Paid,2026-09-09
294,294,675.00,Online,Partially Paid,2025-04-23
295,295,650.00,Cash,Partially Paid,2026-07-09
296,296,1950.00,Insurance,Partially Paid,2025-02-15
297,297,0.00,Online,Pending,
298,298,2050.00,Insurance,Paid,2025-05-10
299,299,0.00,Insurance,Pending,
300,300,0.00,Insurance,Pending,
301,301,1300.00,Insurance,Paid,2026-07-23
302,302,850.00,Online,Paid,2026-07-24
303,303,1550.00,Cash,Paid,2024-08-18
304,304,6550.00,Online,Paid,2025-06-29
305,305,1450.00,Insurance,Paid,2025-06-19
306,306,3300.00,Card,Paid,2025-07-23
307,307,2100.00,Online,Paid,2025-10-15
308,308,3050.00,Card,Paid,2025-12-12
309,309,0.00,Online,Pending,
310,310,1650.00,Insurance,Paid,2026-01-22
311,311,1200.00,Insurance,Paid,2025-12-22
312,312,1050.00,Insurance,Paid,2025-03-10
313,313,1250.00,Insurance,Paid,2025-03-09
314,314,2512.50,Insurance,Partially Paid,2024-01-07
315,315,1550.00,Cash,Paid,2024-04-08
316,316,1850.00,Cash,Paid,2026-09-07
317,317,1450.00,Cash,Paid,2025-12-07
318,318,0.00,Card,Pending,
319,319,1600.00,Insurance,Paid,2026-09-11
320,320,2300.00,Card,Paid,2026-03-20
321,321,2200.00,Card,Paid,2025-07-22
322,322,487.50,Card,Partially Paid,2025-09-01
323,323,2450.00,Card,Paid,2026-02-08
324,324,2500.00,Online,Paid,2026-03-08
325,325,1650.00,Card,Paid,2024-04-22
326,326,1850.00,Online,Paid,2026-09-06
327,327,0.00,Online,Pending,
328,328,1200.00,Card,Paid,2026-06-24
329,329,950.00,Card,Paid,2025-01-15
330,330,0.00,Cash,Pending,
331,331,1050.00,Online,Paid,2026-03-12
332,332,750.00,Cash,Paid,2025-10-17
333,333,2437.50,Online,Partially Paid,2025-06-11
334,334,375.00,Insurance,Partially Paid,2025-06-18
335,335,0.00,Cash,Pending,
336,336,575.00,Cash,Partially Paid,2025-04-25
337,337,1800.00,Card,Paid,2025-09-05
338,338,1250.00,Card,Paid,2025-08-27
339,339,1600.00,Cash,Paid,2025-08-24
340,340,5000.00,Online,Paid,2026-08-14
341,341,0.00,Online,Pending,
342,342,900.00,Cash,Paid,2025-02-22
343,343,1300.00,Online,Paid,2026-07-16
344,344,0.00,Insurance,Pending,
345,345,1300.00,Online,Paid,2025-06-08
346,346,0.00,Card,Pending,
347,347,1350.00,Insurance,Paid,2024-03-24
348,348,950.00,Cash,Paid,2024-03-22
349,349,1750.00,Insurance,Paid,2026-08-30
350,350,1600.00,Cash,Paid,2024-11-14
351,351,2250.00,Card,Paid,2024-11-21
352,352,1100.00,Online,Paid,2025-09-23
353,353,5550.00,Insurance,Paid,2024-03-24
354,354,1350.00,Online,Paid,2025-07-10
355,355,950.00,Cash,Paid,2024-03-28
356,356,0.00,Card,Pending,
357,357,1400.00,Card,Paid,2024-06-28
358,358,0.00,Online,Pending,
359,359,1200.00,Cash,Paid,2025-06-15
360,360,2100.00,Cash,Paid,2025-05-15
361,361,4000.00,Insurance,Paid,2026-04-14
362,362,3350.00,Online,Paid,2026-04-16
363,363,375.00,Insurance,Partially Paid,2024-02-26
364,364,0.00,Card,Pending,
365,365,950.00,Insurance,Paid,2026-07-17
366,366,600.00,Cash,Paid,2024-09-30
367,367,0.00,Insurance,Pending,
368,368,900.00,Cash,Paid,2024-06-14
369,369,650.00,Card,Paid,2026-05-22
370,370,0.00,Cash,Pending,
371,371,2750.00,Card,Paid,2025-12-08
372,372,1200.00,Insurance,Paid,2025-12-15
373,373,462.50,Insurance,Partially Paid,2026-04-01
374,374,1300.00,Card,Paid,2025-06-25
375,375,1050.00,Insurance,Paid,2024-02-07
376,376,1550.00,Card,Paid,2024-09-10
377,377,0.00,Online,Pending,
378,378,0.00,Card,Pending,
379,379,1100.00,Online,Paid,2025-06-23
380,380,712.50,Card,Partially Paid,2024-08-17
381,381,2450.00,Insurance,Paid,2025-09-26
382,382,1300.00,Insurance,Paid,2025-05-12
383,383,1600.00,Insurance,Paid,2025-05-29
384,384,850.00,Cash,Paid,2024-01-08
385,385,650.00,Online,Paid,2026-03-12
386,386,5300.00,Online,Paid,2024-08-22
387,387,700.00,Insurance,Paid,2026-03-28
388,388,2050.00,Cash,Paid,2024-08-06
389,389,2500.00,Online,Paid,2025-10-30
390,390,2550.00,Online,Paid,2026-03-19
391,391,6650.00,Card,Paid,2024-10-27
392,392,1450.00,Card,Paid,2026-04-06
393,393,1237.50,Cash,Partially Paid,2025-01-09
394,394,4850.00,Card,Paid,2025-03-24
395,395,1350.00,Insurance,Paid,2024-09-22
396,396,750.00,Card,Partially Paid,2026-08-18
397,397,0.00,Insurance,Pending,
398,398,1650.00,Online,Paid,2025-11-26
399,399,0.00,Online,Pending,
400,400,1350.00,Cash,Paid,2024-01-06
401,401,1700.00,Card,Paid,2024-01-08
402,402,900.00,Online,Paid,2025-01-16
403,403,0.00,Cash,Pending,
404,404,1150.00,Cash,Paid,2024-09-10
405,405,2100.00,Cash,Paid,2024-08-10
406,406,2350.00,Card,Paid,2026-04-27
407,407,4450.00,Online,Paid,2026-01-28
408,408,2400.00,Card,Paid,2026-02-16
409,409,2600.00,Insurance,Paid,2024-12-15
410,410,900.00,Insurance,Paid,2024-03-13
411,411,4250.00,Online,Paid,2024-05-20
412,412,950.00,Cash,Paid,2024-11-28
413,413,1450.00,Card,Paid,2024-02-23
414,414,3700.00,Cash,Paid,2024-02-24
415,415,700.00,Insurance,Partially Paid,2026-06-01
416,416,1800.00,Card,Paid,2026-06-01
417,417,3700.00,Online,Paid,2024-05-09
418,418,1250.00,Insurance,Paid,2025-12-30
419,419,2300.00,Card,Paid,2026-01-05
420,420,0.00,Online,Pending,
421,421,1000.00,Cash,Paid,2026-07-23
422,422,1750.00,Card,Paid,2024-11-05
423,423,1700.00,Online,Partially Paid,2025-05-17
424,424,750.00,Online,Paid,2024-10-07
425,425,750.00,Insurance,Paid,2026-03-25
426,426,2550.00,Online,Paid,2026-03-31
427,427,0.00,Cash,Pending,
428,428,1350.00,Insurance,Paid,2026-06-20
429,429,1250.00,Online,Paid,2026-02-10
430,430,2550.00,Card,Paid,2026-03-07
431,431,1762.50,Online,Partially Paid,2026-01-30
432,432,1800.00,Insurance,Paid,2024-12-12
433,433,1100.00,Insurance,Paid,2025-01-26
434,434,0.00,Card,Pending,
435,435,2200.00,Cash,Paid,2024-05-30
436,436,1100.00,Insurance,Paid,2024-07-28
437,437,2700.00,Card,Paid,2025-11-21
438,438,1800.00,Card,Paid,2025-12-04
439,439,950.00,Online,Paid,2024-04-12
440,440,700.00,Cash,Paid,2024-04-22
441,441,1450.00,Online,Paid,2025-06-14
442,442,1250.00,Insurance,Paid,2024-05-07
443,443,1050.00,Insurance,Paid,2025-10-08
444,444,0.00,Card,Pending,
445,445,1600.00,Online,Paid,2025-10-21
446,446,0.00,Online,Pending,
447,447,600.00,Cash,Paid,2024-07-26
448,448,0.00,Card,Pending,
449,449,0.00,Online,Pending,
450,450,1200.00,Insurance,Paid,2024-08-18
451,451,3350.00,Insurance,Paid,2026-03-29
452,452,575.00,Card,Partially Paid,2025-12-27
453,453,5650.00,Insurance,Paid,2026-03-27
454,454,0.00,Online,Pending,
455,455,1000.00,Insurance,Paid,2024-03-13
456,456,1400.00,Insurance,Paid,2025-05-20
457,457,0.00,Insurance,Pending,
458,458,0.00,Card,Pending,
459,459,5250.00,Card,Paid,2024-07-05
460,460,1700.00,Insurance,Paid,2026-10-03
461,461,1250.00,Card,Paid,2024-04-27
462,462,1150.00,Cash,Paid,2024-04-18
463,463,1400.00,Insurance,Paid,2024-04-18
464,464,1800.00,Online,Paid,2026-03-25
465,465,2650.00,Online,Paid,2026-02-05
466,466,362.50,Insurance,Partially Paid,2026-05-14
467,467,1250.00,Online,Paid,2026-05-12
468,468,2900.00,Online,Paid,2024-07-23
469,469,1100.00,Insurance,Paid,2024-08-02
470,470,3450.00,Insurance,Paid,2026-02-01
471,471,4050.00,Cash,Paid,2024-05-12
472,472,1500.00,Online,Partially Paid,2025-04-14
473,473,1350.00,Card,Paid,2025-04-19
474,474,850.00,Insurance,Paid,2024-02-11
475,475,3250.00,Cash,Paid,2024-02-12
476,476,700.00,Cash,Paid,2026-09-22
477,477,1700.00,Cash,Paid,2026-09-22
478,478,2350.00,Insurance,Paid,2025-09-04
479,479,3350.00,Insurance,Paid,2024-06-17
480,480,1750.00,Insurance,Paid,2024-02-24
481,481,1250.00,Online,Paid,2024-11-08
482,482,1350.00,Cash,Paid,2025-04-29
483,483,5750.00,Card,Paid,2025-05-14
484,484,1050.00,Online,Paid,2025-01-15
485,485,1200.00,Card,Paid,2026-04-06
486,486,1350.00,Cash,Paid,2025-01-09
487,487,1050.00,Card,Paid,2025-01-12
488,488,1050.00,Cash,Paid,2025-09-22
489,489,1400.00,Card,Paid,2024-12-16
490,490,1600.00,Cash,Paid,2025-05-29
491,491,1275.00,Card,Partially Paid,2026-07-16
492,492,1800.00,Cash,Paid,2024-09-06
493,493,1600.00,Cash,Paid,2024-09-09
494,494,2200.00,Online,Paid,2024-01-24
495,495,750.00,Cash,Paid,2024-01-19
496,496,2000.00,Online,Paid,2026-05-13
497,497,6100.00,Insurance,Paid,2026-09-01
498,498,1250.00,Online,Paid,2024-07-28
499,499,3450.00,Cash,Paid,2026-04-17
500,500,1800.00,Card,Paid,2025-11-30
501,501,950.00,Online,Paid,2025-12-30
502,502,0.00,Insurance,Pending,
503,503,0.00,Cash,Pending,
504,504,1300.00,Card,Paid,2026-02-10
505,505,800.00,Online,Paid,2024-08-02
506,506,2137.50,Cash,Partially Paid,2026-07-02
507,507,1150.00,Online,Paid,2025-10-27
508,508,2750.00,Card,Paid,2026-07-27
509,509,0.00,Insurance,Pending,
510,510,2400.00,Online,Paid,2025-06-24
511,511,800.00,Cash,Paid,2024-09-18
512,512,1900.00,Card,Paid,2024-06-02
513,513,4800.00,Online,Paid,2026-01-13
514,514,850.00,Cash,Paid,2025-02-27
515,515,5700.00,Cash,Paid,2024-03-11
516,516,1800.00,Cash,Paid,2024-03-09
517,517,1200.00,Card,Paid,2024-01-11
518,518,2050.00,Cash,Paid,2025-01-31
519,519,0.00,Card,Pending,
520,520,1200.00,Insurance,Paid,2024-11-01
521,521,1650.00,Insurance,Paid,2026-01-24
522,522,900.00,Online,Paid,2026-02-25
523,523,1550.00,Online,Paid,2025-11-12
524,524,0.00,Online,Pending,
525,525,2300.00,Insurance,Paid,2025-12-21
526,526,4650.00,Insurance,Paid,2025-04-09
527,527,900.00,Card,Paid,2026-04-21
528,528,2600.00,Online,Paid,2024-12-21
529,529,1350.00,Card,Paid,2024-12-05
530,530,1550.00,Insurance,Paid,2024-11-29
531,531,1950.00,Online,Partially Paid,2025-08-22
532,532,1225.00,Cash,Partially Paid,2025-05-01
533,533,0.00,Insurance,Pending,
534,534,2350.00,Cash,Paid,2025-03-13
535,535,1150.00,Insurance,Paid,2026-07-16
536,536,2050.00,Insurance,Paid,2026-07-19
537,537,1750.00,Online,Paid,2024-01-19
538,538,1500.00,Online,Paid,2026-10-04
539,539,3100.00,Online,Paid,2025-06-24
540,540,0.00,Insurance,Pending,
541,541,1600.00,Cash,Paid,2026-02-01
542,542,2050.00,Card,Paid,2025-05-10
543,543,700.00,Card,Paid,2025-10-04
544,544,1350.00,Cash,Paid,2025-10-04
545,545,6600.00,Online,Paid,2026-02-28
546,546,0.00,Card,Pending,
547,547,2400.00,Online,Paid,2024-04-08
548,548,1750.00,Insurance,Paid,2026-03-25
549,549,1350.00,Cash,Paid,2026-03-21
550,550,0.00,Online,Pending,
551,551,900.00,Card,Paid,2025-11-07
552,552,0.00,Card,Pending,
553,553,3250.00,Online,Paid,2024-06-01
554,554,0.00,Online,Pending,
555,555,1800.00,Cash,Paid,2026-06-05
556,556,2150.00,Insurance,Paid,2026-09-10
557,557,3050.00,Cash,Paid,2026-01-11
558,558,6900.00,Cash,Paid,2026-01-16
559,559,1450.00,Cash,Paid,2025-02-05
560,560,750.00,Insurance,Partially Paid,2026-05-13
561,561,1600.00,Card,Paid,2026-08-14
562,562,1950.00,Card,Paid,2026-08-15
563,563,1100.00,Cash,Paid,2026-01-24
564,564,2225.00,Card,Partially Paid,2026-02-05
565,565,0.00,Cash,Pending,
566,566,1050.00,Cash,Paid,2024-06-11
567,567,1400.00,Insurance,Paid,2026-02-24
568,568,750.00,Cash,Partially Paid,2026-04-28
569,569,0.00,Insurance,Pending,
570,570,6200.00,Online,Paid,2024-12-28
571,571,1600.00,Online,Paid,2026-02-13
572,572,1550.00,Insurance,Paid,2025-09-15
573,573,1450.00,Online,Paid,2025-04-07
574,574,1250.00,Insurance,Paid,2026-08-20
575,575,1250.00,Online,Paid,2024-11-19
576,576,1300.00,Cash,Paid,2024-06-22
577,577,2450.00,Insurance,Paid,2024-09-04
578,578,500.00,Cash,Paid,2024-12-26
579,579,637.50,Card,Partially Paid,2024-12-27
580,580,0.00,Insurance,Pending,
581,581,1650.00,Card,Paid,2026-01-10
582,582,500.00,Online,Partially Paid,2026-02-08
583,583,900.00,Online,Paid,2026-07-30
584,584,1400.00,Insurance,Paid,2024-02-22
585,585,1300.00,Card,Paid,2025-07-15
586,586,2700.00,Insurance,Paid,2025-07-30
587,587,850.00,Cash,Paid,2025-07-27
588,588,0.00,Card,Pending,
589,589,1350.00,Insurance,Paid,2026-05-24
590,590,3250.00,Online,Paid,2024-11-15
591,591,1600.00,Cash,Partially Paid,2024-04-26
592,592,187.50,Insurance,Partially Paid,2024-04-16
593,593,2900.00,Insurance,Paid,2025-04-18
594,594,2200.00,Online,Paid,2025-04-16
595,595,2100.00,Online,Paid,2024-10-21
596,596,0.00,Cash,Pending,
597,597,975.00,Card,Partially Paid,2025-04-13
598,598,1800.00,Online,Paid,2024-07-20
599,599,1100.00,Insurance,Paid,2025-09-12
600,600,1000.00,Online,Paid,2025-06-13
601,601,900.00,Online,Paid,2024-11-12
602,602,1500.00,Card,Paid,2025-12-07
603,603,1400.00,Card,Paid,2025-12-10
604,604,1150.00,Insurance,Paid,2025-01-11
605,605,1800.00,Insurance,Paid,2025-02-02
606,606,3100.00,Cash,Paid,2025-05-19
607,607,1200.00,Card,Paid,2026-04-09
608,608,2300.00,Insurance,Paid,2025-05-14
609,609,2150.00,Cash,Paid,2025-10-03
610,610,1500.00,Cash,Paid,2024-08-29
611,611,3400.00,Insurance,Paid,2024-08-27
612,612,1450.00,Insurance,Paid,2024-12-22
613,613,700.00,Cash,Paid,2024-03-14
614,614,0.00,Insurance,Pending,
615,615,3050.00,Online,Paid,2026-03-30
616,616,1750.00,Insurance,Paid,2024-06-09
617,617,900.00,Online,Paid,2026-04-13
618,618,1950.00,Cash,Paid,2024-06-26
619,619,1700.00,Card,Paid,2025-05-22
620,620,1100.00,Online,Paid,2026-05-15
621,621,1800.00,Online,Paid,2026-05-19
622,622,0.00,Online,Pending,
623,623,5000.00,Online,Paid,2025-01-04
624,624,0.00,Online,Pending,
625,625,1750.00,Insurance,Paid,2024-01-31
626,626,1750.00,Card,Paid,2026-09-30
627,627,1400.00,Cash,Paid,2026-10-03
628,628,1450.00,Insurance,Paid,2024-08-07
629,629,600.00,Cash,Paid,2024-07-12
630,630,2250.00,Cash,Paid,2026-07-06
631,631,925.00,Online,Partially Paid,2024-09-23
632,632,850.00,Card,Paid,2026-01-07
633,633,1400.00,Insurance,Paid,2025-08-31
634,634,4800.00,Insurance,Paid,2024-01-14
635,635,1150.00,Cash,Paid,2024-04-06
636,636,1650.00,Insurance,Paid,2025-06-10
637,637,4350.00,Online,Paid,2025-08-01
638,638,600.00,Insurance,Paid,2024-03-21
639,639,1200.00,Online,Paid,2025-05-01
640,640,800.00,Online,Paid,2025-05-12
641,641,1000.00,Card,Paid,2024-02-14
642,642,0.00,Card,Pending,
643,643,1800.00,Online,Paid,2025-10-21
644,644,2350.00,Online,Paid,2025-04-15
645,645,2150.00,Card,Paid,2024-09-21
646,646,0.00,Cash,Pending,
647,647,800.00,Online,Paid,2025-09-10
648,648,4650.00,Online,Paid,2025-11-18
649,649,2000.00,Card,Paid,2024-08-17
650,650,4800.00,Online,Paid,2024-08-24
651,651,600.00,Insurance,Paid,2025-01-15
652,652,2400.00,Online,Paid,2026-09-21
653,653,2150.00,Insurance,Paid,2025-05-18
654,654,512.50,Cash,Partially Paid,2024-03-20
655,655,750.00,Online,Paid,2025-03-14
656,656,6300.00,Cash,Paid,2026-09-21
657,657,1850.00,Insurance,Paid,2024-11-24
658,658,1000.00,Insurance,Paid,2024-05-16
659,659,2700.00,Online,Paid,2025-03-11
660,660,1050.00,Insurance,Paid,2024-08-26
661,661,1500.00,Online,Paid,2024-08-23
662,662,1500.00,Card,Paid,2025-10-06
663,663,1100.00,Card,Paid,2025-09-27
664,664,2650.00,Card,Paid,2026-04-02
665,665,1500.00,Online,Paid,2025-11-17
666,666,500.00,Card,Paid,2024-10-20
667,667,1450.00,Online,Paid,2024-09-21
668,668,2400.00,Insurance,Paid,2025-05-17
669,669,1600.00,Online,Paid,2026-05-28
670,670,0.00,Card,Pending,
671,671,2800.00,Insurance,Paid,2024-02-25
672,672,1250.00,Insurance,Paid,2024-05-04
673,673,3400.00,Cash,Paid,2024-01-24
674,674,800.00,Card,Paid,2026-06-28
675,675,950.00,Insurance,Paid,2026-01-23
676,676,1050.00,Card,Paid,2025-12-22
677,677,2250.00,Insurance,Paid,2025-09-19
678,678,1350.00,Insurance,Paid,2026-02-12
679,679,1450.00,Insurance,Paid,2025-05-09
680,680,0.00,Insurance,Pending,
681,681,1250.00,Online,Paid,2024-05-19
682,682,950.00,Card,Paid,2025-01-09
683,683,1300.00,Online,Paid,2025-05-29
684,684,700.00,Insurance,Paid,2025-08-02
685,685,6200.00,Cash,Paid,2025-03-14
686,686,1050.00,Card,Paid,2025-03-12
687,687,0.00,Cash,Pending,
688,688,5850.00,Cash,Paid,2025-05-16
689,689,6650.00,Insurance,Paid,2025-11-10
690,690,2400.00,Online,Paid,2026-06-30
691,691,800.00,Online,Paid,2026-01-01
692,692,1700.00,Online,Paid,2024-11-16
693,693,1000.00,Card,Paid,2026-04-03
694,694,700.00,Card,Paid,2024-01-16
695,695,1300.00,Card,Paid,2026-04-16
696,696,1750.00,Card,Paid,2026-04-19
697,697,1100.00,Online,Paid,2024-11-27
698,698,1100.00,Online,Paid,2026-08-01
699,699,1300.00,Card,Paid,2025-03-25
700,700,6250.00,Online,Paid,2026-07-26
701,701,1200.00,Online,Paid,2024-07-17
702,702,1075.00,Online,Partially Paid,2025-02-05
703,703,1400.00,Card,Paid,2026-09-06
704,704,1650.00,Online,Paid,2026-02-03
705,705,0.00,Card,Pending,
706,706,1400.00,Card,Paid,2025-05-24
707,707,3700.00,Card,Paid,2026-03-14
708,708,6200.00,Cash,Paid,2025-08-21
709,709,950.00,Insurance,Paid,2026-01-19
710,710,1762.50,Cash,Partially Paid,2026-01-17
711,711,1200.00,Card,Paid,2024-01-26
712,712,1637.50,Insurance,Partially Paid,2026-01-19
713,713,2400.00,Online,Paid,2026-08-29
714,714,1600.00,Card,Paid,2024-01-21
715,715,1250.00,Online,Paid,2026-02-01
716,716,2250.00,Cash,Paid,2025-02-11
717,717,1250.00,Online,Paid,2025-03-31
718,718,1400.00,Online,Paid,2025-01-08
719,719,1050.00,Card,Partially Paid,2024-01-23
720,720,2750.00,Cash,Paid,2025-03-07
721,721,2150.00,Cash,Paid,2025-11-15
722,722,1300.00,Online,Paid,2024-12-28
723,723,2000.00,Card,Paid,2026-07-24
724,724,1250.00,Card,Paid,2026-08-27
725,725,4350.00,Cash,Paid,2025-08-15
726,726,1850.00,Insurance,Paid,2025-09-08
727,727,5200.00,Cash,Paid,2025-09-07
728,728,1100.00,Card,Paid,2026-04-01
729,729,1800.00,Online,Paid,2026-04-06
730,730,850.00,Insurance,Paid,2025-01-09
731,731,1600.00,Insurance,Paid,2025-08-06
732,732,650.00,Online,Paid,2026-08-24
733,733,1100.00,Card,Paid,2026-07-21
734,734,1050.00,Cash,Paid,2024-02-10
735,735,800.00,Online,Paid,2026-09-21
736,736,2700.00,Online,Paid,2024-07-22
737,737,0.00,Insurance,Pending,
738,738,1100.00,Online,Paid,2026-05-31
739,739,1700.00,Insurance,Paid,2026-01-02
740,740,1550.00,Card,Paid,2026-06-04
741,741,1750.00,Insurance,Paid,2026-06-07
742,742,0.00,Insurance,Pending,
743,743,3900.00,Cash,Paid,2026-02-07
744,744,1350.00,Online,Paid,2024-07-11
745,745,1650.00,Card,Paid,2024-12-14
746,746,0.00,Insurance,Pending,
747,747,1800.00,Insurance,Paid,2025-02-01
748,748,5850.00,Insurance,Paid,2025-03-05
749,749,3200.00,Cash,Paid,2026-02-21
750,750,1150.00,Online,Paid,2025-08-23
751,751,1350.00,Online,Paid,2024-10-29
752,752,1450.00,Insurance,Paid,2025-05-02
753,753,3050.00,Online,Partially Paid,2024-05-03
754,754,0.00,Online,Pending,
755,755,1350.00,Online,Paid,2025-12-02
756,756,1750.00,Online,Paid,2025-12-16
757,757,500.00,Card,Paid,2024-01-22
758,758,4550.00,Insurance,Paid,2024-01-26
759,759,0.00,Online,Pending,
760,760,2750.00,Insurance,Paid,2026-07-17
761,761,300.00,Cash,Partially Paid,2024-09-22
762,762,500.00,Card,Paid,2026-05-23
763,763,1400.00,Cash,Paid,2026-03-19
764,764,0.00,Online,Pending,
765,765,0.00,Online,Pending,
766,766,1150.00,Online,Paid,2026-06-08
767,767,1000.00,Cash,Paid,2026-03-14
768,768,0.00,Cash,Pending,
769,769,3000.00,Online,Paid,2025-11-21
770,770,800.00,Cash,Paid,2024-08-23
771,771,1300.00,Cash,Paid,2025-09-12
772,772,600.00,Cash,Paid,2026-08-28
773,773,1600.00,Cash,Paid,2026-08-27
774,774,1150.00,Cash,Paid,2024-06-27
775,775,1175.00,Insurance,Partially Paid,2024-06-29
776,776,375.00,Card,Partially Paid,2025-02-17
777,777,0.00,Insurance,Pending,
778,778,800.00,Online,Paid,2025-06-23
779,779,1250.00,Card,Paid,2025-06-11
780,780,1450.00,Insurance,Paid,2024-08-26
781,781,2150.00,Card,Paid,2025-01-09
782,782,1300.00,Insurance,Paid,2026-02-07
783,783,1400.00,Online,Paid,2026-07-12
784,784,3850.00,Card,Paid,2024-11-24
785,785,1000.00,Card,Paid,2024-11-15
786,786,1450.00,Online,Paid,2025-06-07
787,787,950.00,Cash,Paid,2024-10-21
788,788,1650.00,Online,Paid,2025-04-10
789,789,900.00,Cash,Paid,2024-05-28
790,790,1100.00,Card,Paid,2026-09-26
791,791,2250.00,Cash,Paid,2024-07-29
792,792,0.00,Online,Pending,
793,793,850.00,Cash,Paid,2024-06-17
794,794,1100.00,Card,Paid,2024-06-19
795,795,675.00,Card,Partially Paid,2025-12-07
796,796,0.00,Card,Pending,
797,797,1900.00,Card,Paid,2026-02-09
798,798,950.00,Online,Paid,2024-11-13
799,799,5650.00,Card,Paid,2024-04-14
800,800,3150.00,Card,Paid,2024-04-15
801,801,1300.00,Insurance,Paid,2024-10-26
802,802,750.00,Insurance,Paid,2024-11-03
803,803,1000.00,Cash,Paid,2026-04-23
804,804,1150.00,Cash,Paid,2026-07-19
805,805,800.00,Online,Paid,2025-02-10
806,806,3000.00,Insurance,Paid,2026-06-26
807,807,1450.00,Online,Paid,2024-08-16
808,808,3650.00,Cash,Paid,2025-10-17
809,809,6850.00,Insurance,Paid,2025-05-01
810,810,1612.50,Card,Partially Paid,2024-12-18
811,811,4100.00,Online,Paid,2024-07-22
812,812,1800.00,Online,Paid,2025-09-20
813,813,650.00,Card,Paid,2026-04-27
814,814,675.00,Cash,Partially Paid,2024-02-16
815,815,1600.00,Insurance,Paid,2025-07-21
816,816,3550.00,Online,Paid,2024-11-18
817,817,1250.00,Online,Paid,2025-10-11
818,818,1350.00,Cash,Paid,2025-10-05
819,819,0.00,Online,Pending,
820,820,1200.00,Insurance,Partially Paid,2024-12-23
821,821,800.00,Cash,Paid,2026-04-10
822,822,4750.00,Cash,Paid,2024-07-08
823,823,1100.00,Card,Paid,2024-11-16
824,824,225.00,Online,Partially Paid,2024-11-08
825,825,1950.00,Online,Paid,2025-11-04
826,826,1250.00,Insurance,Paid,2024-09-17
827,827,4200.00,Cash,Paid,2024-09-22
828,828,0.00,Insurance,Pending,
829,829,1200.00,Online,Paid,2024-04-23
830,830,2300.00,Card,Paid,2024-03-13
831,831,0.00,Online,Pending,
832,832,1000.00,Cash,Paid,2025-11-08
833,833,1125.00,Insurance,Partially Paid,2025-07-26
834,834,1650.00,Cash,Paid,2025-07-21
835,835,1100.00,Card,Paid,2025-08-28
836,836,1450.00,Online,Paid,2025-09-04
837,837,0.00,Cash,Pending,
838,838,1400.00,Card,Paid,2026-05-26
839,839,5700.00,Insurance,Paid,2025-05-25
840,840,2800.00,Insurance,Paid,2025-10-22
841,841,1050.00,Card,Paid,2025-10-06
842,842,2450.00,Cash,Paid,2026-08-29
843,843,0.00,Cash,Pending,
844,844,6550.00,Online,Paid,2026-07-18
845,845,1350.00,Card,Paid,2025-09-01
846,846,1500.00,Cash,Paid,2026-04-01
847,847,0.00,Card,Pending,
848,848,1250.00,Card,Paid,2025-01-05
849,849,2250.00,Insurance,Paid,2025-07-19
850,850,262.50,Cash,Partially Paid,2025-01-31
851,851,1750.00,Card,Paid,2024-11-14
852,852,0.00,Card,Pending,
853,853,1300.00,Card,Paid,2025-06-23
854,854,0.00,Online,Pending,
855,855,900.00,Online,Paid,2024-06-02
856,856,1450.00,Cash,Paid,2024-05-27
857,857,3700.00,Cash,Paid,2026-08-26
858,858,1800.00,Insurance,Paid,2024-06-18
859,859,4200.00,Insurance,Partially Paid,2025-02-20
860,860,4650.00,Card,Partially Paid,2025-12-02
861,861,1350.00,Online,Paid,2024-05-05
862,862,0.00,Cash,Pending,
863,863,625.00,Card,Partially Paid,2025-05-06
864,864,1850.00,Insurance,Paid,2025-01-02
865,865,3150.00,Cash,Paid,2024-06-07
866,866,850.00,Insurance,Partially Paid,2025-04-30
867,867,2550.00,Cash,Paid,2026-05-17
868,868,0.00,Cash,Pending,
869,869,550.00,Cash,Paid,2026-01-08
870,870,2775.00,Online,Partially Paid,2025-12-02
871,871,600.00,Insurance,Paid,2025-12-05
872,872,550.00,Cash,Paid,2025-06-04
873,873,3650.00,Online,Paid,2026-05-23
874,874,1400.00,Card,Partially Paid,2025-09-03
875,875,775.00,Insurance,Partially Paid,2025-09-04
876,876,1700.00,Insurance,Paid,2025-10-05
877,877,950.00,Online,Paid,2025-09-26
878,878,700.00,Online,Paid,2024-05-25
879,879,1850.00,Insurance,Paid,2024-12-01
880,880,1200.00,Card,Paid,2026-01-04
881,881,950.00,Insurance,Paid,2025-11-15
882,882,325.00,Cash,Partially Paid,2024-12-28
883,883,0.00,Card,Pending,
884,884,6650.00,Insurance,Paid,2024-02-02
885,885,1300.00,Cash,Paid,2026-05-25
886,886,1000.00,Cash,Paid,2024-02-10
887,887,1150.00,Card,Paid,2026-07-09
888,888,2400.00,Online,Paid,2026-07-13
889,889,3450.00,Cash,Paid,2024-01-19
890,890,1750.00,Card,Paid,2024-01-26
891,891,3150.00,Insurance,Paid,2026-07-06
892,892,1900.00,Cash,Paid,2025-07-03
893,893,2750.00,Insurance,Paid,2025-08-06
894,894,800.00,Cash,Paid,2024-12-01
895,895,587.50,Online,Partially Paid,2026-09-10
896,896,1650.00,Card,Paid,2025-07-27
897,897,4800.00,Card,Paid,2026-03-29
898,898,2650.00,Card,Paid,2024-07-30
899,899,2700.00,Cash,Paid,2025-05-22
900,900,650.00,Cash,Paid,2024-07-11
901,901,1050.00,Online,Paid,2024-07-31
902,902,800.00,Card,Paid,2024-08-01
903,903,2100.00,Insurance,Paid,2026-09-16
904,904,1000.00,Insurance,Paid,2024-10-21
905,905,6800.00,Card,Paid,2024-11-20
906,906,850.00,Insurance,Paid,2024-06-20
907,907,850.00,Online,Paid,2026-10-02
908,908,1400.00,Online,Paid,2025-05-01
909,909,950.00,Cash,Paid,2024-02-14
910,910,0.00,Card,Pending,
911,911,1300.00,Online,Paid,2024-04-11
912,912,1250.00,Insurance,Paid,2024-04-16
913,913,1500.00,Online,Paid,2026-07-27
914,914,1500.00,Cash,Paid,2026-08-01
915,915,1600.00,Card,Paid,2024-09-30
916,916,750.00,Card,Paid,2024-09-26
917,917,5450.00,Cash,Paid,2026-09-24
918,918,1450.00,Insurance,Paid,2025-08-22
919,919,1200.00,Card,Paid,2025-08-28
920,920,800.00,Card,Paid,2024-03-20
921,921,5100.00,Card,Paid,2024-07-18
922,922,1900.00,Cash,Paid,2024-07-10
923,923,1450.00,Cash,Paid,2024-12-08
924,924,1050.00,Online,Paid,2024-07-05
925,925,3650.00,Cash,Paid,2024-07-19
926,926,900.00,Card,Paid,2025-10-01
927,927,725.00,Insurance,Partially Paid,2024-05-11
928,928,0.00,Cash,Pending,
929,929,1450.00,Online,Paid,2026-08-19
930,930,3450.00,Online,Paid,2025-09-03
931,931,275.00,Insurance,Partially Paid,2024-09-13
932,932,675.00,Online,Partially Paid,2025-12-09
933,933,3500.00,Online,Paid,2025-12-02
934,934,0.00,Insurance,Pending,
935,935,1100.00,Cash,Paid,2025-11-16
936,936,1050.00,Online,Paid,2025-11-11
937,937,600.00,Cash,Paid,2025-12-11
938,938,900.00,Insurance,Paid,2025-12-20
939,939,1650.00,Insurance,Paid,2026-03-17
940,940,1112.50,Insurance,Partially Paid,2026-04-18
941,941,1600.00,Insurance,Paid,2024-11-14
942,942,1650.00,Card,Paid,2024-11-17
943,943,1850.00,Card,Paid,2026-02-06
944,944,1300.00,Online,Paid,2025-07-18
945,945,6650.00,Online,Paid,2026-07-06
946,946,950.00,Cash,Paid,2024-02-10
947,947,1250.00,Cash,Paid,2026-04-09
948,948,600.00,Insurance,Paid,2025-01-07
949,949,850.00,Online,Paid,2025-02-10
950,950,1750.00,Cash,Paid,2024-04-28
951,951,0.00,Cash,Pending,
952,952,1200.00,Insurance,Paid,2026-01-14
953,953,5500.00,Insurance,Paid,2026-04-22
954,954,1100.00,Card,Paid,2025-08-29
955,955,1550.00,Online,Paid,2025-06-07
956,956,4350.00,Insurance,Paid,2025-06-11
957,957,1350.00,Cash,Paid,2025-04-01
958,958,2550.00,Online,Paid,2025-08-01
959,959,2250.00,Cash,Paid,2024-01-02
960,960,2150.00,Online,Paid,2024-01-12
961,961,1800.00,Online,Paid,2025-04-19
962,962,1100.00,Online,Paid,2025-02-12
963,963,1600.00,Insurance,Paid,2024-06-29
964,964,1300.00,Card,Paid,2024-05-02
965,965,1150.00,Online,Paid,2024-04-29
966,966,0.00,Insurance,Pending,
967,967,2850.00,Online,Paid,2024-07-22
968,968,3100.00,Insurance,Paid,2024-08-31
969,969,0.00,Card,Pending,
970,970,1200.00,Insurance,Paid,2025-05-24
971,971,1050.00,Cash,Paid,2025-04-10
972,972,525.00,Card,Partially Paid,2026-05-25
973,973,1912.50,Card,Partially Paid,2024-11-05
974,974,1900.00,Insurance,Paid,2024-12-17
975,975,750.00,Insurance,Paid,2024-12-01
976,976,0.00,Online,Pending,
977,977,1150.00,Cash,Paid,2024-11-03
978,978,1300.00,Cash,Paid,2024-12-30
979,979,5350.00,Online,Paid,2026-05-08
980,980,900.00,Cash,Paid,2025-11-02
981,981,1900.00,Insurance,Paid,2025-10-30
982,982,2500.00,Cash,Paid,2025-05-14
983,983,625.00,Cash,Partially Paid,2024-01-07
984,984,0.00,Cash,Pending,
985,985,850.00,Insurance,Paid,2025-01-08
986,986,3450.00,Cash,Paid,2025-11-12
987,987,250.00,Insurance,Partially Paid,2026-03-11
988,988,275.00,Cash,Partially Paid,2025-10-27
989,989,1650.00,Card,Paid,2026-08-06
990,990,1300.00,Insurance,Paid,2024-02-06
991,991,1000.00,Online,Paid,2024-02-21
992,992,3550.00,Card,Paid,2025-06-08
993,993,2700.00,Insurance,Paid,2026-03-10
994,994,1000.00,Card,Partially Paid,2025-05-10
995,995,1800.00,Online,Paid,2025-05-16
996,996,2050.00,Insurance,Paid,2025-03-05
997,997,1650.00,Online,Paid,2025-03-02
998,998,600.00,Insurance,Paid,2025-11-02
999,999,1400.00,Insurance,Paid,2024-07-11
1000,1000,237.50,Card,Partially Paid,2024-08-08
1001,1001,1200.00,Online,Paid,2026-09-02
1002,1002,1000.00,Cash,Paid,2026-09-24
1003,1003,700.00,Cash,Paid,2026-09-28
1004,1004,6350.00,Cash,Paid,2024-04-23
1005,1005,1500.00,Online,Paid,2026-06-23
1006,1006,4950.00,Insurance,Paid,2025-06-11
1007,1007,1350.00,Insurance,Paid,2025-06-12
1008,1008,1700.00,Insurance,Paid,2026-02-27
1009,1009,5200.00,Insurance,Paid,2026-03-08
1010,1010,750.00,Insurance,Paid,2024-11-20
1011,1011,1850.00,Card,Paid,2024-11-21
1012,1012,1350.00,Card,Paid,2026-06-01
1013,1013,950.00,Insurance,Paid,2025-11-14
1014,1014,2450.00,Insurance,Paid,2024-01-18
1015,1015,1200.00,Card,Paid,2025-10-23
1016,1016,712.50,Insurance,Partially Paid,2025-12-15
1017,1017,700.00,Insurance,Paid,2025-12-31
1018,1018,1700.00,Insurance,Paid,2026-02-15
1019,1019,0.00,Online,Pending,
1020,1020,975.00,Online,Partially Paid,2026-09-06
1021,1021,3562.50,Card,Partially Paid,2026-08-05
1022,1022,675.00,Cash,Partially Paid,2026-08-03
1023,1023,750.00,Insurance,Partially Paid,2026-05-24
1024,1024,900.00,Cash,Paid,2025-12-17
1025,1025,1550.00,Cash,Paid,2024-06-08
1026,1026,1750.00,Cash,Paid,2025-06-15
1027,1027,1300.00,Cash,Paid,2024-02-21
1028,1028,1400.00,Insurance,Paid,2024-02-10
1029,1029,212.50,Cash,Partially Paid,2026-05-14
1030,1030,0.00,Online,Pending,
1031,1031,3700.00,Card,Paid,2025-10-10
1032,1032,900.00,Insurance,Paid,2025-09-16
1033,1033,475.00,Card,Partially Paid,2024-07-20
1034,1034,725.00,Card,Partially Paid,2025-11-25
1035,1035,2250.00,Card,Paid,2025-11-18
1036,1036,950.00,Insurance,Paid,2024-04-04
1037,1037,7000.00,Cash,Paid,2024-04-07
1038,1038,2250.00,Insurance,Paid,2025-12-24
1039,1039,1650.00,Online,Paid,2026-09-26
1040,1040,6050.00,Online,Paid,2026-05-05
1041,1041,850.00,Cash,Paid,2026-03-29
1042,1042,1400.00,Cash,Paid,2025-09-01
1043,1043,1250.00,Cash,Paid,2025-09-13
1044,1044,1600.00,Insurance,Paid,2025-09-07
1045,1045,1000.00,Card,Paid,2025-05-28
1046,1046,1050.00,Card,Paid,2025-05-20
1047,1047,1750.00,Insurance,Paid,2024-04-16
1048,1048,3000.00,Cash,Paid,2026-04-17
1049,1049,850.00,Online,Paid,2026-09-08
1050,1050,0.00,Card,Pending,
1051,1051,4500.00,Insurance,Paid,2024-06-30
1052,1052,1650.00,Online,Paid,2024-06-25
1053,1053,800.00,Cash,Paid,2026-06-01
1054,1054,4550.00,Insurance,Paid,2025-09-11
1055,1055,2550.00,Online,Paid,2024-11-09
1056,1056,1550.00,Card,Paid,2025-12-14
1057,1057,2100.00,Card,Paid,2026-01-02
1058,1058,0.00,Insurance,Pending,
1059,1059,3150.00,Card,Paid,2024-04-25
1060,1060,850.00,Online,Paid,2024-05-04
1061,1061,1600.00,Insurance,Paid,2026-01-18
1062,1062,1900.00,Online,Paid,2024-02-05
1063,1063,1200.00,Online,Paid,2026-07-28
1064,1064,1100.00,Card,Paid,2026-06-19
1065,1065,650.00,Cash,Paid,2025-10-13
1066,1066,0.00,Insurance,Pending,
1067,1067,1400.00,Online,Paid,2025-09-02
1068,1068,1800.00,Card,Paid,2024-11-16
1069,1069,650.00,Cash,Paid,2024-11-25
1070,1070,900.00,Cash,Paid,2024-11-02
1071,1071,1800.00,Cash,Paid,2024-07-20
1072,1072,1650.00,Online,Paid,2025-08-16
1073,1073,0.00,Insurance,Pending,
1074,1074,1650.00,Card,Paid,2025-02-03
1075,1075,0.00,Online,Pending,
1076,1076,2600.00,Card,Paid,2024-09-09
1077,1077,5800.00,Cash,Paid,2024-04-27
1078,1078,1250.00,Online,Paid,2024-05-02
1079,1079,950.00,Online,Paid,2024-08-13
1080,1080,0.00,Insurance,Pending,
1081,1081,0.00,Insurance,Pending,
1082,1082,2850.00,Online,Paid,2026-02-06
1083,1083,2100.00,Cash,Paid,2024-11-17
1084,1084,1500.00,Online,Paid,2025-09-25
1085,1085,750.00,Cash,Paid,2025-09-27
1086,1086,2600.00,Insurance,Paid,2026-04-18
1087,1087,0.00,Card,Pending,
1088,1088,0.00,Online,Pending,
1089,1089,2550.00,Insurance,Paid,2024-01-18
1090,1090,1550.00,Cash,Paid,2025-10-11
1091,1091,2450.00,Online,Paid,2024-12-06
1092,1092,700.00,Card,Paid,2024-02-04
1093,1093,2150.00,Card,Paid,2024-07-21
1094,1094,1500.00,Online,Paid,2024-02-15
1095,1095,6900.00,Insurance,Paid,2025-04-30
1096,1096,5150.00,Online,Paid,2025-04-25
1097,1097,1250.00,Insurance,Paid,2026-05-24
1098,1098,1700.00,Card,Paid,2026-10-12
1099,1099,1100.00,Insurance,Paid,2026-10-02
1100,1100,950.00,Cash,Paid,2024-10-04
1101,1101,1850.00,Online,Paid,2026-07-12
1102,1102,1100.00,Cash,Paid,2025-06-30
1103,1103,600.00,Cash,Paid,2025-07-12
1104,1104,2950.00,Insurance,Paid,2024-10-22
1105,1105,800.00,Cash,Paid,2025-02-13
1106,1106,800.00,Insurance,Paid,2026-09-14
1107,1107,4100.00,Cash,Paid,2024-04-08
1108,1108,1350.00,Insurance,Paid,2024-11-10
1109,1109,1150.00,Card,Paid,2024-02-08
1110,1110,3350.00,Insurance,Paid,2026-09-01
1111,1111,2850.00,Online,Paid,2026-04-22
1112,1112,450.00,Cash,Partially Paid,2026-04-17
1113,1113,0.00,Card,Pending,
1114,1114,0.00,Insurance,Pending,
1115,1115,2250.00,Insurance,Paid,2024-01-29
1116,1116,2250.00,Card,Paid,2026-04-21
1117,1117,1050.00,Online,Paid,2025-07-11
1118,1118,6350.00,Card,Paid,2025-07-12
1119,1119,2600.00,Cash,Paid,2025-08-01
1120,1120,1700.00,Insurance,Paid,2025-10-12
1121,1121,1750.00,Card,Paid,2024-02-27
1122,1122,2325.00,Online,Partially Paid,2024-02-28
1123,1123,1000.00,Card,Paid,2025-04-22
1124,1124,1500.00,Online,Paid,2025-03-25
1125,1125,2100.00,Cash,Paid,2024-08-18
1126,1126,1400.00,Cash,Paid,2025-09-18
1127,1127,1750.00,Online,Paid,2025-10-30
1128,1128,1500.00,Insurance,Paid,2026-06-16
1129,1129,0.00,Cash,Pending,
1130,1130,1600.00,Cash,Paid,2024-10-24
1131,1131,1150.00,Online,Paid,2025-04-01
1132,1132,600.00,Online,Paid,2025-03-23
1133,1133,800.00,Cash,Paid,2024-11-03
1134,1134,0.00,Insurance,Pending,
1135,1135,1100.00,Online,Paid,2025-11-09
1136,1136,3250.00,Card,Paid,2024-07-06
1137,1137,1250.00,Card,Paid,2024-06-24
1138,1138,2850.00,Card,Paid,2024-11-11
1139,1139,2200.00,Online,Paid,2026-07-23
1140,1140,600.00,Cash,Paid,2025-06-09
1141,1141,1650.00,Card,Paid,2024-04-22
1142,1142,1250.00,Insurance,Paid,2025-06-30
1143,1143,900.00,Insurance,Paid,2025-11-14
1144,1144,1300.00,Online,Paid,2026-01-14
1145,1145,1750.00,Cash,Paid,2026-01-23
1146,1146,750.00,Card,Paid,2024-06-09
1147,1147,900.00,Card,Paid,2024-06-09
1148,1148,3000.00,Online,Paid,2026-01-07
1149,1149,1800.00,Insurance,Paid,2024-02-21
1150,1150,350.00,Card,Partially Paid,2026-07-09
1151,1151,3500.00,Insurance,Paid,2026-05-12
1152,1152,6150.00,Card,Paid,2026-08-25
1153,1153,1200.00,Insurance,Paid,2026-01-11
1154,1154,1200.00,Online,Paid,2025-08-01
1155,1155,1100.00,Insurance,Paid,2024-04-23
1156,1156,0.00,Cash,Pending,
1157,1157,1000.00,Cash,Paid,2024-11-15
1158,1158,1087.50,Insurance,Partially Paid,2025-08-23
1159,1159,3000.00,Card,Paid,2024-09-14
1160,1160,900.00,Online,Paid,2026-05-30
1161,1161,650.00,Online,Paid,2024-08-07
1162,1162,1350.00,Card,Paid,2026-06-05
1163,1163,2400.00,Card,Paid,2024-03-05
1164,1164,5400.00,Insurance,Paid,2025-05-25
1165,1165,3300.00,Card,Paid,2025-05-16
1166,1166,1650.00,Insurance,Paid,2025-08-06
1167,1167,2700.00,Insurance,Paid,2025-02-07
1168,1168,1200.00,Card,Paid,2026-08-09
1169,1169,0.00,Online,Pending,
1170,1170,2650.00,Card,Paid,2025-02-18
1171,1171,1950.00,Online,Paid,2024-07-08
1172,1172,1950.00,Online,Paid,2026-08-24
1173,1173,650.00,Card,Paid,2025-11-24
1174,1174,2350.00,Online,Paid,2024-11-29
1175,1175,1350.00,Online,Paid,2024-02-25
1176,1176,1400.00,Insurance,Paid,2024-02-21
1177,1177,1750.00,Cash,Paid,2024-04-23
1178,1178,2200.00,Card,Paid,2025-12-09
1179,1179,2750.00,Card,Paid,2025-12-16
1180,1180,850.00,Insurance,Paid,2026-09-06
1181,1181,1300.00,Card,Paid,2024-06-13
1182,1182,3150.00,Cash,Paid,2026-03-06
1183,1183,1050.00,Cash,Partially Paid,2024-05-24
1184,1184,1600.00,Cash,Paid,2025-12-28
1185,1185,850.00,Online,Paid,2024-09-20
1186,1186,637.50,Card,Partially Paid,2026-02-17
1187,1187,0.00,Online,Pending,
1188,1188,350.00,Card,Partially Paid,2026-03-14
1189,1189,1500.00,Online,Paid,2026-05-09
1190,1190,600.00,Insurance,Partially Paid,2025-02-26
1191,1191,862.50,Online,Partially Paid,2026-01-30
1192,1192,1050.00,Online,Paid,2026-08-01
1193,1193,1600.00,Online,Paid,2026-06-19
1194,1194,1900.00,Online,Paid,2025-03-20
1195,1195,1750.00,Card,Paid,2025-10-13
1196,1196,6400.00,Online,Paid,2025-10-07
1197,1197,2100.00,Cash,Paid,2025-09-30
1198,1198,2900.00,Card,Paid,2025-10-03
1199,1199,1350.00,Card,Paid,2025-07-10
1200,1200,0.00,Online,Pending,
1201,1201,900.00,Online,Paid,2025-12-19
1202,1202,3100.00,Cash,Paid,2025-05-13
1203,1203,2200.00,Cash,Paid,2024-01-27
1204,1204,1800.00,Insurance,Paid,2024-01-30
1205,1205,1050.00,Insurance,Paid,2025-08-23
1206,1206,1750.00,Online,Paid,2024-12-07
1207,1207,1500.00,Online,Paid,2025-05-05
1208,1208,1750.00,Card,Paid,2024-11-02
1209,1209,6800.00,Insurance,Paid,2025-02-04
1210,1210,500.00,Cash,Partially Paid,2025-12-21
1211,1211,0.00,Card,Pending,
1212,1212,0.00,Online,Pending,
1213,1213,2550.00,Online,Paid,2026-01-15
1214,1214,1350.00,Cash,Paid,2026-01-16
1215,1215,1200.00,Online,Paid,2026-06-03
1216,1216,950.00,Insurance,Paid,2024-08-27
1217,1217,4750.00,Card,Paid,2025-03-10
1218,1218,1600.00,Online,Paid,2024-10-12
1219,1219,2000.00,Insurance,Paid,2024-08-26
1220,1220,0.00,Cash,Pending,
1221,1221,3500.00,Card,Paid,2024-09-14
1222,1222,1400.00,Card,Paid,2024-12-31
1223,1223,2000.00,Online,Paid,2024-12-31
1224,1224,1650.00,Cash,Paid,2026-01-20
1225,1225,1200.00,Card,Paid,2025-10-18
1226,1226,2150.00,Card,Paid,2024-07-02
1227,1227,900.00,Insurance,Partially Paid,2024-07-16
1228,1228,1650.00,Insurance,Paid,2026-03-23
1229,1229,900.00,Cash,Paid,2024-10-12
1230,1230,1600.00,Card,Paid,2024-07-04
1231,1231,287.50,Card,Partially Paid,2024-07-09
1232,1232,2150.00,Card,Paid,2025-12-23
1233,1233,1600.00,Card,Paid,2025-02-06
1234,1234,1250.00,Insurance,Paid,2026-04-02
1235,1235,2850.00,Cash,Paid,2026-09-24
1236,1236,637.50,Online,Partially Paid,2025-09-09
1237,1237,1550.00,Card,Paid,2026-02-06
1238,1238,5750.00,Online,Paid,2024-04-21
1239,1239,2400.00,Online,Paid,2025-04-19
1240,1240,1350.00,Card,Paid,2025-08-02
1241,1241,1000.00,Insurance,Paid,2026-02-10
1242,1242,1000.00,Online,Paid,2026-02-19
1243,1243,0.00,Online,Pending,
1244,1244,1350.00,Insurance,Paid,2024-03-30
1245,1245,900.00,Online,Paid,2025-01-12
1246,1246,650.00,Card,Paid,2024-01-16
1247,1247,850.00,Card,Paid,2026-08-08
1248,1248,0.00,Online,Pending,
1249,1249,2550.00,Insurance,Paid,2025-06-20
1250,1250,0.00,Cash,Pending,
1251,1251,1200.00,Online,Paid,2026-08-21
1252,1252,1300.00,Cash,Paid,2026-03-19
1253,1253,3000.00,Cash,Paid,2025-11-03
1254,1254,1450.00,Card,Paid,2025-08-19
1255,1255,1800.00,Cash,Paid,2025-12-07
1256,1256,1000.00,Cash,Paid,2025-12-17
1257,1257,4050.00,Online,Paid,2024-11-19
1258,1258,1600.00,Card,Paid,2024-11-21
1259,1259,750.00,Cash,Paid,2025-02-17
1260,1260,825.00,Insurance,Partially Paid,2025-09-23
1261,1261,2150.00,Insurance,Paid,2025-09-18
1262,1262,1350.00,Card,Paid,2026-04-18
1263,1263,4100.00,Card,Paid,2025-12-31
1264,1264,1700.00,Cash,Paid,2024-11-03
1265,1265,2100.00,Insurance,Paid,2024-12-23
1266,1266,1237.50,Cash,Partially Paid,2024-12-19
1267,1267,0.00,Online,Pending,
1268,1268,850.00,Card,Paid,2026-01-02
1269,1269,2075.00,Card,Partially Paid,2026-09-20
1270,1270,750.00,Insurance,Paid,2025-09-14
1271,1271,237.50,Online,Partially Paid,2025-09-28
1272,1272,1100.00,Cash,Paid,2024-08-29
1273,1273,850.00,Insurance,Paid,2025-11-20
1274,1274,4750.00,Insurance,Paid,2025-10-31
1275,1275,1200.00,Online,Paid,2024-10-30
1276,1276,2750.00,Card,Paid,2024-10-29
1277,1277,950.00,Insurance,Paid,2025-06-13
1278,1278,2050.00,Insurance,Paid,2024-01-24
1279,1279,1450.00,Card,Paid,2024-02-06
1280,1280,1350.00,Online,Paid,2024-10-31
1281,1281,2750.00,Cash,Paid,2024-11-06
1282,1282,400.00,Insurance,Partially Paid,2025-09-11
1283,1283,0.00,Insurance,Pending,
1284,1284,650.00,Insurance,Paid,2025-11-28
1285,1285,0.00,Cash,Pending,
1286,1286,0.00,Card,Pending,
1287,1287,1150.00,Cash,Paid,2026-06-11
1288,1288,0.00,Cash,Pending,
1289,1289,1550.00,Card,Paid,2025-01-26
1290,1290,0.00,Cash,Pending,
1291,1291,1387.50,Insurance,Partially Paid,2025-12-25
1292,1292,1200.00,Cash,Paid,2025-12-26
1293,1293,1050.00,Cash,Paid,2024-01-24
1294,1294,487.50,Insurance,Partially Paid,2024-01-17
1295,1295,1400.00,Card,Paid,2025-09-13
1296,1296,1150.00,Card,Paid,2026-04-10
1297,1297,0.00,Online,Pending,
1298,1298,1500.00,Cash,Paid,2024-03-10
1299,1299,2150.00,Cash,Paid,2024-07-13
1300,1300,5400.00,Card,Paid,2025-04-25
1301,1301,1450.00,Online,Paid,2024-07-18
1302,1302,1450.00,Online,Paid,2025-12-17
1303,1303,2300.00,Online,Paid,2025-12-22
1304,1304,2050.00,Cash,Paid,2026-08-08
1305,1305,900.00,Card,Paid,2026-03-30
1306,1306,1350.00,Insurance,Paid,2026-04-17
1307,1307,0.00,Online,Pending,
1308,1308,900.00,Card,Partially Paid,2024-11-01
1309,1309,0.00,Card,Pending,
1310,1310,1050.00,Online,Paid,2024-06-27
1311,1311,2500.00,Cash,Paid,2024-06-22
1312,1312,1600.00,Insurance,Paid,2024-04-01
1313,1313,850.00,Cash,Paid,2025-10-31
1314,1314,5050.00,Card,Paid,2025-09-08
1315,1315,387.50,Cash,Partially Paid,2024-09-05
1316,1316,1650.00,Card,Paid,2024-09-17
1317,1317,900.00,Cash,Paid,2026-07-24
1318,1318,0.00,Insurance,Pending,
1319,1319,2300.00,Insurance,Paid,2025-01-27
1320,1320,1600.00,Online,Paid,2025-10-02
1321,1321,6450.00,Insurance,Paid,2024-03-10
1322,1322,1000.00,Online,Paid,2026-08-02
1323,1323,800.00,Cash,Paid,2025-02-23
1324,1324,1250.00,Cash,Paid,2025-04-09
1325,1325,1500.00,Card,Paid,2024-05-12
1326,1326,4050.00,Cash,Paid,2024-08-20
1327,1327,1500.00,Insurance,Paid,2024-08-16
1328,1328,1250.00,Card,Paid,2026-08-21
1329,1329,2750.00,Cash,Paid,2024-12-10
1330,1330,1100.00,Online,Paid,2025-11-16
1331,1331,1300.00,Online,Paid,2026-06-06
1332,1332,2200.00,Online,Paid,2026-06-07
1333,1333,1800.00,Insurance,Paid,2025-04-08
1334,1334,0.00,Insurance,Pending,
1335,1335,0.00,Card,Pending,
1336,1336,0.00,Cash,Pending,
1337,1337,1800.00,Card,Partially Paid,2024-12-24
1338,1338,750.00,Cash,Paid,2024-06-19
1339,1339,2000.00,Online,Paid,2024-06-15
1340,1340,700.00,Card,Paid,2026-09-08
1341,1341,650.00,Insurance,Paid,2024-08-14
1342,1342,0.00,Cash,Pending,
1343,1343,2500.00,Card,Paid,2025-06-25
1344,1344,0.00,Insurance,Pending,
1345,1345,950.00,Card,Paid,2025-04-29
1346,1346,1400.00,Online,Paid,2025-10-09
1347,1347,0.00,Online,Pending,
1348,1348,3200.00,Cash,Paid,2026-03-22
1349,1349,1050.00,Insurance,Paid,2026-08-28
1350,1350,1450.00,Insurance,Paid,2024-09-09
1351,1351,550.00,Card,Partially Paid,2025-01-29
1352,1352,0.00,Cash,Pending,
1353,1353,0.00,Cash,Pending,
1354,1354,2500.00,Online,Paid,2024-07-07
1355,1355,850.00,Online,Paid,2024-07-20
1356,1356,1050.00,Card,Paid,2024-01-23
1357,1357,2950.00,Insurance,Paid,2026-03-25
1358,1358,0.00,Card,Pending,
1359,1359,0.00,Insurance,Pending,
1360,1360,1750.00,Cash,Paid,2026-01-07
1361,1361,0.00,Insurance,Pending,
1362,1362,1300.00,Insurance,Paid,2026-05-11
1363,1363,1850.00,Card,Paid,2026-04-30
1364,1364,0.00,Insurance,Pending,
1365,1365,1150.00,Online,Paid,2024-10-28
1366,1366,0.00,Insurance,Pending,
1367,1367,5200.00,Insurance,Paid,2024-10-31
1368,1368,1200.00,Online,Paid,2024-05-05
1369,1369,1800.00,Cash,Paid,2026-07-23
1370,1370,612.50,Cash,Partially Paid,2026-07-18
1371,1371,750.00,Cash,Partially Paid,2024-01-05
1372,1372,950.00,Card,Paid,2025-03-05
1373,1373,3600.00,Online,Paid,2024-10-29
1374,1374,1850.00,Card,Paid,2024-10-29
1375,1375,0.00,Online,Pending,
1376,1376,700.00,Insurance,Paid,2026-05-18
1377,1377,800.00,Online,Paid,2026-06-19
1378,1378,1850.00,Card,Paid,2024-01-02
1379,1379,1400.00,Insurance,Paid,2025-09-06
1380,1380,2200.00,Online,Paid,2026-02-09
1381,1381,1250.00,Card,Paid,2026-07-15
1382,1382,2600.00,Insurance,Paid,2024-04-24
1383,1383,2750.00,Card,Paid,2026-06-09
1384,1384,1400.00,Online,Paid,2025-04-02
1385,1385,3150.00,Card,Paid,2025-03-23
1386,1386,0.00,Cash,Pending,
1387,1387,1250.00,Cash,Paid,2026-04-25
1388,1388,900.00,Card,Paid,2024-12-03
1389,1389,1250.00,Insurance,Paid,2025-10-14
1390,1390,1050.00,Online,Paid,2024-04-22
1391,1391,850.00,Insurance,Partially Paid,2026-02-28
1392,1392,0.00,Cash,Pending,
1393,1393,2350.00,Cash,Paid,2024-08-31
1394,1394,0.00,Online,Pending,
1395,1395,1400.00,Card,Paid,2024-06-18
1396,1396,0.00,Online,Pending,
1397,1397,1900.00,Cash,Paid,2025-04-30
1398,1398,1350.00,Cash,Paid,2025-11-06
1399,1399,3800.00,Online,Paid,2026-02-18
1400,1400,1500.00,Cash,Paid,2025-06-30
1401,1401,600.00,Online,Paid,2026-09-10
1402,1402,1650.00,Cash,Paid,2024-12-24
1403,1403,1150.00,Online,Paid,2024-11-08
1404,1404,0.00,Card,Pending,
1405,1405,500.00,Online,Paid,2026-09-12
1406,1406,1000.00,Card,Paid,2026-09-04
1407,1407,2000.00,Online,Paid,2025-03-02
1408,1408,0.00,Online,Pending,
1409,1409,350.00,Card,Partially Paid,2024-09-19
1410,1410,1500.00,Insurance,Paid,2026-02-26
1411,1411,487.50,Online,Partially Paid,2024-05-14
1412,1412,1750.00,Insurance,Paid,2026-04-25
1413,1413,1200.00,Online,Paid,2025-03-23
1414,1414,1162.50,Cash,Partially Paid,2026-06-14
1415,1415,800.00,Cash,Paid,2026-06-07
1416,1416,1300.00,Insurance,Paid,2025-08-10
1417,1417,0.00,Online,Pending,
1418,1418,1300.00,Cash,Paid,2024-05-12
1419,1419,4150.00,Online,Paid,2026-01-21
1420,1420,3250.00,Cash,Paid,2026-01-14
1421,1421,3300.00,Insurance,Paid,2024-01-30
1422,1422,1200.00,Cash,Paid,2024-02-10
1423,1423,5950.00,Online,Paid,2025-03-16
1424,1424,1800.00,Insurance,Paid,2026-04-17
1425,1425,0.00,Cash,Pending,
1426,1426,1100.00,Cash,Paid,2026-04-29
1427,1427,287.50,Online,Partially Paid,2024-12-12
1428,1428,1050.00,Insurance,Paid,2025-05-18
1429,1429,0.00,Cash,Pending,
1430,1430,1600.00,Cash,Paid,2024-12-18
1431,1431,7000.00,Insurance,Paid,2025-08-11
1432,1432,1500.00,Card,Paid,2026-07-24
1433,1433,600.00,Cash,Paid,2026-07-22
1434,1434,2250.00,Insurance,Partially Paid,2026-02-05
1435,1435,850.00,Online,Paid,2026-01-30
1436,1436,950.00,Card,Paid,2026-08-21
1437,1437,0.00,Online,Pending,
1438,1438,400.00,Online,Partially Paid,2024-04-15
1439,1439,2350.00,Card,Paid,2024-11-14
1440,1440,1900.00,Cash,Paid,2026-02-19
1441,1441,2050.00,Insurance,Paid,2026-02-16
1442,1442,1250.00,Insurance,Paid,2025-09-02
1443,1443,0.00,Card,Pending,
1444,1444,350.00,Cash,Partially Paid,2024-11-08
1445,1445,400.00,Insurance,Partially Paid,2026-06-17
1446,1446,1050.00,Online,Paid,2024-02-21
1447,1447,1450.00,Online,Paid,2026-07-21
1448,1448,5200.00,Card,Paid,2024-06-15
1449,1449,6700.00,Online,Paid,2024-06-29
1450,1450,2050.00,Cash,Paid,2024-06-15
1451,1451,1300.00,Insurance,Paid,2025-06-09
1452,1452,1150.00,Cash,Paid,2025-01-08
1453,1453,1450.00,Insurance,Paid,2025-02-16
1454,1454,850.00,Cash,Paid,2026-02-27
1455,1455,4150.00,Insurance,Paid,2026-02-28
1456,1456,950.00,Insurance,Paid,2025-10-05
1457,1457,1250.00,Card,Paid,2025-02-10
1458,1458,900.00,Cash,Paid,2025-04-13
1459,1459,2950.00,Insurance,Paid,2025-12-18
1460,1460,2100.00,Insurance,Paid,2025-08-20
1461,1461,550.00,Cash,Paid,2024-12-14
1462,1462,1000.00,Insurance,Paid,2024-07-17
1463,1463,2200.00,Online,Paid,2025-01-21
1464,1464,700.00,Insurance,Paid,2025-01-15
1465,1465,1850.00,Card,Paid,2025-03-06
1466,1466,2500.00,Card,Paid,2024-04-12
1467,1467,0.00,Card,Pending,
1468,1468,1350.00,Online,Paid,2026-04-26
1469,1469,1250.00,Card,Paid,2024-02-14
1470,1470,0.00,Card,Pending,
1471,1471,500.00,Insurance,Paid,2024-08-02
1472,1472,1250.00,Cash,Paid,2025-05-30
1473,1473,4450.00,Online,Paid,2025-06-09
1474,1474,950.00,Cash,Paid,2025-02-06
1475,1475,2137.50,Card,Partially Paid,2025-08-25
1476,1476,1050.00,Card,Paid,2025-07-10
1477,1477,1500.00,Insurance,Paid,2024-01-16
1478,1478,3650.00,Card,Paid,2024-01-14
1479,1479,0.00,Card,Pending,
1480,1480,1150.00,Online,Paid,2025-07-15
1481,1481,575.00,Online,Partially Paid,2026-02-03
1482,1482,1600.00,Online,Paid,2026-01-13
1483,1483,800.00,Insurance,Paid,2025-08-27
1484,1484,1600.00,Insurance,Paid,2025-08-15
1485,1485,1750.00,Insurance,Paid,2025-08-25
1486,1486,2150.00,Online,Paid,2025-03-15
1487,1487,1900.00,Cash,Paid,2025-03-21
1488,1488,0.00,Online,Pending,
1489,1489,2850.00,Insurance,Paid,2025-08-06
1490,1490,3150.00,Insurance,Paid,2026-09-21
1491,1491,1150.00,Insurance,Paid,2025-07-20
1492,1492,3700.00,Insurance,Paid,2026-03-10
1493,1493,1100.00,Card,Paid,2026-06-12
1494,1494,1100.00,Card,Paid,2026-06-12
1495,1495,1000.00,Card,Paid,2025-11-09
1496,1496,0.00,Insurance,Pending,
1497,1497,2400.00,Card,Paid,2026-07-14
1498,1498,1100.00,Online,Paid,2024-04-03
1499,1499,475.00,Cash,Partially Paid,2024-08-15
1500,1500,1000.00,Online,Paid,2024-07-31
1501,1501,1250.00,Insurance,Paid,2024-07-21
1502,1502,675.00,Insurance,Partially Paid,2025-06-27
1503,1503,1050.00,Online,Paid,2024-02-03
1504,1504,1300.00,Online,Paid,2026-02-16
1505,1505,1100.00,Online,Paid,2026-06-18
1506,1506,1950.00,Cash,Paid,2024-10-18
1507,1507,1100.00,Online,Paid,2025-09-07
1508,1508,0.00,Card,Pending,
1509,1509,1050.00,Online,Paid,2024-03-03
1510,1510,1050.00,Online,Partially Paid,2025-09-09
1511,1511,1000.00,Insurance,Paid,2025-09-10
1512,1512,700.00,Cash,Paid,2026-08-14
1513,1513,6350.00,Cash,Paid,2024-05-03
1514,1514,1650.00,Insurance,Paid,2026-08-20
1515,1515,6600.00,Online,Paid,2026-09-22
1516,1516,5500.00,Cash,Paid,2026-10-01
1517,1517,5850.00,Online,Paid,2024-11-28
1518,1518,4900.00,Online,Paid,2024-08-11
1519,1519,0.00,Cash,Pending,
1520,1520,1350.00,Card,Paid,2026-04-22
1521,1521,1350.00,Cash,Paid,2024-02-29
1522,1522,1100.00,Card,Paid,2026-01-18
1523,1523,1800.00,Online,Paid,2026-08-24
1524,1524,1400.00,Online,Paid,2026-03-03
1525,1525,2600.00,Insurance,Paid,2024-02-06
1526,1526,0.00,Insurance,Pending,
1527,1527,1300.00,Cash,Paid,2025-02-06
1528,1528,0.00,Cash,Pending,
1529,1529,1350.00,Insurance,Paid,2024-04-12
1530,1530,3150.00,Online,Paid,2026-09-19
1531,1531,1300.00,Insurance,Paid,2026-01-22
1532,1532,1150.00,Card,Paid,2026-08-28
1533,1533,1250.00,Cash,Paid,2026-08-19
1534,1534,1300.00,Online,Paid,2025-11-08
1535,1535,575.00,Card,Partially Paid,2025-07-25
1536,1536,1200.00,Insurance,Paid,2025-08-03
1537,1537,1100.00,Online,Paid,2026-02-24
1538,1538,350.00,Insurance,Partially Paid,2024-03-13
1539,1539,3150.00,Card,Paid,2024-09-27
1540,1540,1600.00,Card,Paid,2026-04-19
1541,1541,1100.00,Online,Paid,2025-04-19
1542,1542,1850.00,Card,Paid,2024-07-30
1543,1543,1500.00,Cash,Paid,2025-01-10
1544,1544,2750.00,Insurance,Paid,2026-06-19
1545,1545,2450.00,Cash,Paid,2026-06-18
1546,1546,1700.00,Insurance,Paid,2025-01-16
1547,1547,2000.00,Insurance,Paid,2026-07-30
1548,1548,0.00,Insurance,Pending,
1549,1549,1000.00,Online,Paid,2024-03-15
1550,1550,1950.00,Card,Paid,2025-05-22
1551,1551,750.00,Card,Paid,2026-08-18
1552,1552,0.00,Cash,Pending,
1553,1553,1000.00,Cash,Paid,2026-03-13
1554,1554,3150.00,Card,Paid,2026-06-08
1555,1555,1450.00,Insurance,Paid,2024-03-17
1556,1556,1200.00,Insurance,Paid,2024-12-18
1557,1557,1750.00,Cash,Paid,2025-05-23
1558,1558,1400.00,Online,Paid,2025-05-19
1559,1559,1400.00,Online,Paid,2025-04-18
1560,1560,0.00,Insurance,Pending,
1561,1561,5800.00,Card,Paid,2024-04-11
1562,1562,650.00,Card,Paid,2024-06-09
1563,1563,1700.00,Card,Paid,2024-01-19
1564,1564,1450.00,Online,Paid,2024-04-06
1565,1565,0.00,Insurance,Pending,
1566,1566,2300.00,Cash,Paid,2024-01-09
1567,1567,1150.00,Online,Paid,2025-08-31
1568,1568,575.00,Insurance,Partially Paid,2024-04-02
1569,1569,950.00,Cash,Paid,2025-05-23
1570,1570,0.00,Card,Pending,
1571,1571,1750.00,Online,Partially Paid,2025-07-17
1572,1572,2250.00,Online,Paid,2025-07-18
1573,1573,1150.00,Insurance,Paid,2026-01-04
1574,1574,5350.00,Card,Paid,2026-01-06
1575,1575,2550.00,Insurance,Paid,2026-04-16
1576,1576,0.00,Cash,Pending,
1577,1577,2600.00,Online,Paid,2025-06-09
1578,1578,950.00,Cash,Paid,2026-09-29
1579,1579,1600.00,Cash,Paid,2025-08-07
1580,1580,1300.00,Card,Paid,2024-03-19
1581,1581,262.50,Cash,Partially Paid,2024-03-24
1582,1582,1125.00,Insurance,Partially Paid,2024-08-20
1583,1583,1050.00,Insurance,Paid,2024-01-29
1584,1584,1750.00,Cash,Paid,2025-04-16
1585,1585,950.00,Insurance,Paid,2026-09-29
1586,1586,800.00,Online,Paid,2025-10-24
1587,1587,2450.00,Online,Paid,2024-08-08
1588,1588,800.00,Cash,Paid,2024-12-12
1589,1589,1200.00,Cash,Paid,2025-12-20
1590,1590,2800.00,Online,Paid,2024-07-17
1591,1591,1400.00,Insurance,Paid,2026-02-16
1592,1592,1700.00,Insurance,Paid,2026-07-03
1593,1593,3050.00,Online,Paid,2025-10-12
1594,1594,937.50,Online,Partially Paid,2026-03-25
1595,1595,2100.00,Card,Paid,2026-04-09
1596,1596,1850.00,Card,Paid,2025-11-30
1597,1597,1500.00,Insurance,Paid,2026-09-19
1598,1598,0.00,Card,Pending,
1599,1599,950.00,Online,Paid,2026-07-13
1600,1600,1800.00,Insurance,Paid,2024-09-01
1601,1601,600.00,Card,Paid,2026-05-01
1602,1602,3900.00,Insurance,Paid,2024-10-13
1603,1603,2200.00,Online,Paid,2026-04-15
1604,1604,2100.00,Insurance,Paid,2025-07-07
1605,1605,2100.00,Card,Paid,2025-07-19
1606,1606,1400.00,Cash,Paid,2026-09-05
1607,1607,1500.00,Card,Paid,2026-08-27
1608,1608,1500.00,Card,Paid,2025-11-09
1609,1609,1050.00,Cash,Paid,2024-02-02
1610,1610,1100.00,Insurance,Paid,2024-11-28
1611,1611,950.00,Online,Paid,2026-07-22
1612,1612,1050.00,Online,Paid,2026-05-23
1613,1613,1200.00,Card,Paid,2026-08-17
1614,1614,0.00,Insurance,Pending,
1615,1615,1450.00,Insurance,Paid,2025-08-12
1616,1616,650.00,Online,Paid,2025-08-25
1617,1617,1200.00,Online,Paid,2025-09-08
1618,1618,700.00,Cash,Paid,2026-06-09
1619,1619,900.00,Online,Paid,2026-09-10
1620,1620,0.00,Online,Pending,
1621,1621,1600.00,Cash,Paid,2026-09-24
1622,1622,1500.00,Online,Paid,2024-02-21
1623,1623,0.00,Insurance,Pending,
1624,1624,2300.00,Online,Paid,2024-11-16
1625,1625,0.00,Insurance,Pending,
1626,1626,3075.00,Insurance,Partially Paid,2025-05-20
1627,1627,1100.00,Cash,Paid,2025-05-27
1628,1628,0.00,Cash,Pending,
1629,1629,1500.00,Insurance,Paid,2024-02-28
1630,1630,600.00,Card,Paid,2025-04-25
1631,1631,4900.00,Card,Paid,2025-04-28
1632,1632,900.00,Insurance,Paid,2024-01-20
1633,1633,1650.00,Online,Paid,2026-04-27
1634,1634,1150.00,Card,Paid,2026-05-04
1635,1635,1500.00,Cash,Paid,2025-01-07
1636,1636,2850.00,Card,Paid,2025-02-15
1637,1637,2100.00,Card,Paid,2025-02-20
1638,1638,787.50,Cash,Partially Paid,2026-05-01
1639,1639,1750.00,Online,Paid,2025-10-04
1640,1640,787.50,Insurance,Partially Paid,2026-08-13
1641,1641,1500.00,Cash,Paid,2026-06-03
1642,1642,1000.00,Insurance,Paid,2024-01-23
1643,1643,2500.00,Cash,Paid,2024-05-28
1644,1644,6850.00,Cash,Paid,2024-02-14
1645,1645,1000.00,Insurance,Paid,2024-02-10
1646,1646,2050.00,Card,Paid,2024-12-29
1647,1647,1600.00,Card,Paid,2024-01-12
1648,1648,1850.00,Cash,Paid,2025-11-18
1649,1649,800.00,Cash,Paid,2025-11-20
1650,1650,0.00,Online,Pending,
1651,1651,1800.00,Cash,Paid,2024-09-15
1652,1652,1700.00,Card,Paid,2024-09-12
1653,1653,650.00,Insurance,Paid,2024-07-27
1654,1654,2500.00,Card,Paid,2026-03-01
1655,1655,1100.00,Card,Paid,2026-05-21
1656,1656,650.00,Online,Paid,2026-05-17
1657,1657,1500.00,Cash,Partially Paid,2026-08-02
1658,1658,1600.00,Cash,Paid,2026-07-31
1659,1659,0.00,Cash,Pending,
1660,1660,0.00,Cash,Pending,
1661,1661,0.00,Insurance,Pending,
1662,1662,2900.00,Card,Paid,2026-03-19
1663,1663,800.00,Insurance,Paid,2024-09-06
1664,1664,0.00,Cash,Pending,
1665,1665,3050.00,Online,Paid,2025-09-22
1666,1666,1450.00,Online,Paid,2025-06-18
1667,1667,5700.00,Online,Paid,2026-06-20
1668,1668,850.00,Insurance,Paid,2024-03-16
1669,1669,1050.00,Cash,Paid,2024-05-31
1670,1670,1400.00,Card,Paid,2025-06-26
1671,1671,650.00,Card,Paid,2026-05-29
1672,1672,0.00,Insurance,Pending,
1673,1673,4850.00,Insurance,Paid,2025-04-04
1674,1674,0.00,Insurance,Pending,
1675,1675,850.00,Card,Paid,2026-03-08
1676,1676,1000.00,Cash,Paid,2026-03-02
1677,1677,1237.50,Insurance,Partially Paid,2024-09-15
1678,1678,3150.00,Insurance,Paid,2024-07-04
1679,1679,1387.50,Insurance,Partially Paid,2024-06-26
1680,1680,4050.00,Insurance,Paid,2025-05-20
1681,1681,1150.00,Online,Paid,2024-12-20
1682,1682,950.00,Online,Paid,2024-02-05
1683,1683,2500.00,Insurance,Paid,2025-02-09
1684,1684,1100.00,Cash,Paid,2026-02-02
1685,1685,1350.00,Insurance,Paid,2024-10-25
1686,1686,1250.00,Cash,Paid,2026-07-29
1687,1687,0.00,Cash,Pending,
1688,1688,800.00,Insurance,Paid,2024-12-06
1689,1689,4550.00,Insurance,Paid,2025-07-22
1690,1690,3250.00,Cash,Paid,2024-11-24
1691,1691,2150.00,Card,Paid,2024-11-26
1692,1692,2000.00,Card,Paid,2026-05-09
1693,1693,5800.00,Card,Paid,2024-07-11
1694,1694,2250.00,Card,Paid,2024-11-26
1695,1695,600.00,Card,Paid,2024-11-22
1696,1696,2200.00,Insurance,Paid,2026-03-21
1697,1697,900.00,Insurance,Paid,2024-09-14
1698,1698,4750.00,Online,Paid,2024-10-19
1699,1699,1850.00,Online,Paid,2026-05-12
1700,1700,575.00,Cash,Partially Paid,2026-04-11
1701,1701,1050.00,Cash,Paid,2025-01-04
1702,1702,2250.00,Cash,Paid,2025-01-09
1703,1703,0.00,Cash,Pending,
1704,1704,1800.00,Card,Paid,2026-04-09
1705,1705,1100.00,Online,Paid,2025-02-12
1706,1706,1000.00,Card,Paid,2025-01-22
1707,1707,1350.00,Insurance,Paid,2025-07-21
1708,1708,1200.00,Cash,Paid,2025-07-27
1709,1709,4050.00,Online,Paid,2024-09-17
1710,1710,1312.50,Online,Partially Paid,2025-08-03
1711,1711,487.50,Insurance,Partially Paid,2025-12-28
1712,1712,600.00,Insurance,Partially Paid,2026-01-06
1713,1713,2100.00,Cash,Paid,2024-04-05
1714,1714,1100.00,Online,Paid,2026-09-22
1715,1715,2200.00,Insurance,Paid,2025-12-08
1716,1716,1400.00,Card,Paid,2024-06-12
1717,1717,2150.00,Card,Paid,2026-03-31
1718,1718,2450.00,Card,Paid,2025-10-28
1719,1719,425.00,Insurance,Partially Paid,2025-08-17
1720,1720,1700.00,Insurance,Paid,2025-08-23
1721,1721,750.00,Card,Paid,2025-09-20
1722,1722,1600.00,Card,Paid,2025-09-11
1723,1723,2650.00,Insurance,Paid,2024-08-07
1724,1724,0.00,Insurance,Pending,
1725,1725,1100.00,Card,Paid,2026-09-29
1726,1726,525.00,Insurance,Partially Paid,2026-09-09
1727,1727,6950.00,Online,Paid,2026-08-06
1728,1728,0.00,Online,Pending,
1729,1729,1050.00,Online,Paid,2024-10-27
1730,1730,950.00,Cash,Paid,2024-09-22
1731,1731,1650.00,Online,Paid,2024-05-19
1732,1732,1800.00,Online,Paid,2024-05-20
1733,1733,1300.00,Card,Paid,2025-11-18
1734,1734,700.00,Card,Paid,2026-03-19
1735,1735,0.00,Card,Pending,
1736,1736,950.00,Online,Paid,2026-05-16
1737,1737,2000.00,Cash,Paid,2024-03-28
1738,1738,700.00,Insurance,Paid,2024-03-15
1739,1739,1200.00,Online,Paid,2024-06-18
1740,1740,2400.00,Online,Paid,2025-12-19
1741,1741,800.00,Cash,Paid,2025-09-21
1742,1742,1850.00,Card,Paid,2025-08-20
1743,1743,1350.00,Cash,Paid,2025-08-06
1744,1744,2100.00,Insurance,Paid,2024-05-27
1745,1745,1400.00,Card,Paid,2026-07-06
1746,1746,2300.00,Card,Paid,2026-07-14
1747,1747,950.00,Insurance,Paid,2025-07-26
1748,1748,1100.00,Online,Paid,2026-08-29
1749,1749,2150.00,Card,Paid,2025-12-23
1750,1750,850.00,Online,Paid,2025-09-10
1751,1751,250.00,Online,Partially Paid,2025-09-09
1752,1752,1050.00,Insurance,Paid,2024-04-18
1753,1753,6450.00,Online,Paid,2025-03-12
1754,1754,950.00,Insurance,Paid,2025-08-26
1755,1755,700.00,Online,Paid,2025-03-19
1756,1756,450.00,Card,Partially Paid,2024-05-10
1757,1757,1950.00,Card,Paid,2024-07-06
1758,1758,600.00,Card,Paid,2026-09-03
1759,1759,1200.00,Insurance,Paid,2024-05-08
1760,1760,1950.00,Online,Paid,2024-10-19
1761,1761,1250.00,Card,Paid,2024-10-19
1762,1762,800.00,Cash,Paid,2026-05-31
1763,1763,1250.00,Cash,Paid,2024-10-25
1764,1764,800.00,Card,Paid,2024-10-20
1765,1765,1200.00,Card,Paid,2024-10-23
1766,1766,2175.00,Card,Partially Paid,2026-08-07
1767,1767,1400.00,Online,Paid,2026-03-22
1768,1768,0.00,Online,Pending,
1769,1769,1200.00,Insurance,Paid,2024-10-16
1770,1770,1800.00,Card,Paid,2026-09-10
1771,1771,2800.00,Cash,Paid,2026-01-16
1772,1772,200.00,Online,Partially Paid,2026-01-14
1773,1773,1350.00,Online,Paid,2024-04-27
1774,1774,1300.00,Cash,Paid,2026-04-05
1775,1775,1100.00,Card,Paid,2025-02-18
1776,1776,3950.00,Online,Paid,2024-12-02
1777,1777,0.00,Online,Pending,
1778,1778,2900.00,Insurance,Paid,2025-04-21
1779,1779,2800.00,Cash,Paid,2026-06-28
1780,1780,6750.00,Cash,Paid,2024-08-21
1781,1781,1750.00,Cash,Paid,2024-08-22
1782,1782,1250.00,Cash,Paid,2026-07-10
1783,1783,1400.00,Cash,Paid,2026-09-30
1784,1784,950.00,Card,Paid,2026-09-16
1785,1785,1650.00,Cash,Paid,2025-03-23
1786,1786,1400.00,Cash,Paid,2024-01-21
1787,1787,1350.00,Card,Paid,2024-02-03
1788,1788,0.00,Card,Pending,
1789,1789,5550.00,Cash,Paid,2025-03-13
1790,1790,1400.00,Online,Paid,2025-09-18
1791,1791,400.00,Card,Partially Paid,2025-03-29
1792,1792,900.00,Online,Paid,2024-05-09
1793,1793,425.00,Cash,Partially Paid,2025-07-06
1794,1794,1900.00,Insurance,Paid,2026-08-29
1795,1795,1450.00,Cash,Paid,2025-03-01
1796,1796,2750.00,Card,Paid,2024-04-04
1797,1797,2800.00,Insurance,Paid,2025-04-28
1798,1798,1300.00,Insurance,Paid,2026-05-23
1799,1799,1700.00,Cash,Paid,2026-05-16
1800,1800,1500.00,Cash,Paid,2024-07-28
1801,1801,3150.00,Cash,Paid,2025-06-05
1802,1802,0.00,Card,Pending,
1803,1803,1250.00,Card,Paid,2025-02-14
1804,1804,0.00,Online,Pending,
1805,1805,1800.00,Online,Paid,2024-06-02
1806,1806,2600.00,Online,Paid,2025-05-19
1807,1807,1700.00,Card,Paid,2025-04-17
1808,1808,2250.00,Cash,Paid,2025-04-22
1809,1809,2200.00,Card,Paid,2026-06-22
1810,1810,5200.00,Online,Paid,2024-07-08
1811,1811,850.00,Online,Paid,2024-12-05
1812,1812,3350.00,Insurance,Paid,2026-01-03
1813,1813,1500.00,Insurance,Paid,2025-01-28
1814,1814,2962.50,Insurance,Partially Paid,2025-01-20
1815,1815,0.00,Online,Pending,
1816,1816,750.00,Online,Paid,2024-05-01
1817,1817,1050.00,Card,Paid,2024-05-07
1818,1818,2750.00,Cash,Paid,2025-07-01
1819,1819,4750.00,Insurance,Paid,2025-06-26
1820,1820,800.00,Online,Paid,2025-11-06
1821,1821,1100.00,Card,Paid,2025-08-15
1822,1822,0.00,Card,Pending,
1823,1823,0.00,Card,Pending,
1824,1824,2250.00,Online,Paid,2024-10-21
1825,1825,1700.00,Cash,Paid,2024-10-28
1826,1826,937.50,Online,Partially Paid,2025-07-10
1827,1827,2850.00,Online,Paid,2024-07-29
1828,1828,0.00,Online,Pending,
1829,1829,650.00,Insurance,Paid,2025-10-18
1830,1830,1150.00,Cash,Paid,2025-06-30
1831,1831,700.00,Insurance,Paid,2025-12-05
1832,1832,4550.00,Card,Paid,2024-03-09
1833,1833,1300.00,Card,Paid,2026-01-13
1834,1834,1450.00,Online,Paid,2026-08-21
1835,1835,4400.00,Card,Paid,2026-05-21
1836,1836,0.00,Cash,Pending,
1837,1837,487.50,Card,Partially Paid,2025-03-03
1838,1838,2050.00,Insurance,Paid,2025-09-17
1839,1839,1200.00,Online,Paid,2024-11-19
1840,1840,1650.00,Card,Paid,2026-04-23
1841,1841,2450.00,Card,Paid,2024-12-02
1842,1842,1700.00,Cash,Paid,2024-12-04
1843,1843,700.00,Cash,Paid,2025-11-27
1844,1844,0.00,Cash,Pending,
1845,1845,1200.00,Cash,Paid,2024-04-01
1846,1846,4900.00,Card,Paid,2024-01-26
1847,1847,2700.00,Cash,Paid,2025-05-08
1848,1848,2350.00,Insurance,Paid,2026-03-28
1849,1849,0.00,Online,Pending,
1850,1850,2000.00,Insurance,Paid,2024-11-28
1851,1851,850.00,Online,Paid,2024-11-26
1852,1852,3150.00,Online,Paid,2026-04-27
1853,1853,1700.00,Insurance,Paid,2026-06-23
1854,1854,1150.00,Insurance,Paid,2025-01-11
1855,1855,0.00,Online,Pending,
1856,1856,1800.00,Online,Paid,2026-07-15
1857,1857,1400.00,Cash,Paid,2026-07-24
1858,1858,1075.00,Online,Partially Paid,2024-09-03
1859,1859,1087.50,Online,Partially Paid,2026-02-04
1860,1860,237.50,Cash,Partially Paid,2025-05-22
1861,1861,950.00,Card,Paid,2025-09-09
1862,1862,850.00,Cash,Paid,2025-04-06
1863,1863,1200.00,Card,Paid,2024-10-19
1864,1864,1400.00,Insurance,Paid,2026-07-09
1865,1865,0.00,Online,Pending,
1866,1866,750.00,Cash,Paid,2025-11-29
1867,1867,5600.00,Cash,Paid,2025-11-10
1868,1868,2550.00,Online,Paid,2025-11-02
1869,1869,1450.00,Insurance,Paid,2025-06-16
1870,1870,950.00,Card,Paid,2026-04-12
1871,1871,1450.00,Online,Paid,2025-10-04
1872,1872,0.00,Cash,Pending,
1873,1873,4850.00,Card,Paid,2026-05-04
1874,1874,6300.00,Online,Paid,2025-03-21
1875,1875,2350.00,Card,Paid,2025-06-01
1876,1876,450.00,Cash,Partially Paid,2025-10-13
1877,1877,1600.00,Cash,Paid,2025-10-16
1878,1878,700.00,Insurance,Partially Paid,2025-07-16
1879,1879,525.00,Insurance,Partially Paid,2025-07-08
1880,1880,900.00,Cash,Paid,2024-06-08
1881,1881,0.00,Card,Pending,
1882,1882,275.00,Insurance,Partially Paid,2024-07-22
1883,1883,1500.00,Online,Paid,2026-03-10
1884,1884,0.00,Insurance,Pending,
1885,1885,900.00,Insurance,Paid,2024-09-14
1886,1886,2150.00,Card,Paid,2024-09-19
1887,1887,2250.00,Online,Paid,2026-08-13
1888,1888,800.00,Online,Paid,2024-04-02
1889,1889,1800.00,Online,Paid,2024-03-06
1890,1890,750.00,Online,Paid,2025-04-30
1891,1891,925.00,Insurance,Partially Paid,2024-01-27
1892,1892,3050.00,Insurance,Paid,2025-09-25
1893,1893,0.00,Cash,Pending,
1894,1894,1350.00,Cash,Paid,2026-04-15
1895,1895,1950.00,Online,Paid,2026-01-08
1896,1896,5150.00,Online,Paid,2026-05-29
1897,1897,1000.00,Online,Paid,2026-04-17
1898,1898,0.00,Online,Pending,
1899,1899,600.00,Cash,Paid,2026-05-24
1900,1900,0.00,Card,Pending,
1901,1901,3350.00,Insurance,Paid,2026-08-05
1902,1902,5500.00,Insurance,Paid,2026-08-14
1903,1903,1100.00,Insurance,Paid,2026-05-20
1904,1904,1500.00,Insurance,Paid,2026-01-31
1905,1905,1300.00,Cash,Paid,2024-07-31
1906,1906,1650.00,Insurance,Paid,2025-02-09
1907,1907,2850.00,Cash,Paid,2025-02-04
1908,1908,0.00,Insurance,Pending,
1909,1909,750.00,Online,Paid,2025-01-20
1910,1910,750.00,Insurance,Partially Paid,2026-07-13
1911,1911,1300.00,Insurance,Paid,2025-06-26
1912,1912,2400.00,Card,Paid,2026-06-13
1913,1913,1000.00,Cash,Paid,2024-09-07
1914,1914,1400.00,Cash,Paid,2025-10-26
1915,1915,0.00,Online,Pending,
1916,1916,3150.00,Insurance,Paid,2025-06-17
1917,1917,275.00,Insurance,Partially Paid,2025-06-11
1918,1918,1750.00,Cash,Paid,2025-07-21
1919,1919,800.00,Cash,Paid,2026-07-12
1920,1920,2200.00,Cash,Paid,2024-04-03
1921,1921,750.00,Cash,Paid,2024-04-15
1922,1922,487.50,Card,Partially Paid,2025-04-01
1923,1923,950.00,Online,Paid,2024-07-11
1924,1924,1150.00,Card,Paid,2025-10-17
1925,1925,1800.00,Online,Paid,2025-08-18
1926,1926,700.00,Cash,Paid,2024-02-06
1927,1927,1150.00,Card,Paid,2026-08-07
1928,1928,3250.00,Cash,Paid,2026-06-19
1929,1929,950.00,Card,Paid,2026-07-09
1930,1930,1150.00,Online,Paid,2026-06-27
1931,1931,1600.00,Cash,Paid,2024-12-18
1932,1932,1850.00,Card,Paid,2024-12-29
1933,1933,2400.00,Online,Paid,2024-09-24
1934,1934,2450.00,Online,Paid,2024-01-31
1935,1935,2450.00,Online,Paid,2024-01-31
1936,1936,900.00,Cash,Paid,2024-02-27
1937,1937,4050.00,Card,Paid,2026-05-14
1938,1938,1550.00,Insurance,Paid,2025-10-20
1939,1939,2200.00,Card,Paid,2025-01-01
1940,1940,3200.00,Insurance,Paid,2024-12-30
1941,1941,1000.00,Card,Paid,2026-04-12
1942,1942,1550.00,Online,Paid,2024-12-12
1943,1943,850.00,Insurance,Paid,2025-04-07
1944,1944,487.50,Cash,Partially Paid,2024-09-07
1945,1945,2050.00,Cash,Paid,2026-08-29
1946,1946,750.00,Insurance,Paid,2025-01-12
1947,1947,0.00,Online,Pending,
1948,1948,5050.00,Online,Paid,2024-06-05
1949,1949,1800.00,Card,Paid,2026-05-22
1950,1950,2450.00,Card,Paid,2026-05-21
1951,1951,1350.00,Card,Paid,2025-01-24
1952,1952,0.00,Cash,Pending,
1953,1953,1100.00,Card,Paid,2024-03-02
1954,1954,1600.00,Card,Paid,2026-01-19
1955,1955,2400.00,Insurance,Paid,2024-07-23
1956,1956,1650.00,Online,Paid,2026-05-17
1957,1957,0.00,Card,Pending,
1958,1958,1387.50,Card,Partially Paid,2024-09-23
1959,1959,3050.00,Online,Partially Paid,2025-06-18
1960,1960,5700.00,Card,Paid,2026-02-04
1961,1961,1600.00,Cash,Paid,2024-03-23
1962,1962,2550.00,Cash,Paid,2024-03-16
1963,1963,1500.00,Online,Paid,2025-05-18
1964,1964,562.50,Online,Partially Paid,2025-11-10
1965,1965,2500.00,Insurance,Paid,2025-01-16
1966,1966,1450.00,Cash,Paid,2025-07-08
1967,1967,1400.00,Card,Paid,2025-11-22
1968,1968,2150.00,Cash,Paid,2025-11-19
1969,1969,1100.00,Insurance,Paid,2025-03-21
1970,1970,1600.00,Online,Paid,2026-08-13
1971,1971,2100.00,Insurance,Paid,2024-08-10
1972,1972,1000.00,Card,Paid,2024-08-07
1973,1973,1850.00,Insurance,Paid,2025-11-30
1974,1974,0.00,Card,Pending,
1975,1975,500.00,Cash,Paid,2025-12-08
1976,1976,1450.00,Insurance,Paid,2024-04-04
1977,1977,1450.00,Online,Paid,2025-06-30
1978,1978,1850.00,Insurance,Paid,2026-08-03
1979,1979,1100.00,Cash,Paid,2025-06-10
1980,1980,1150.00,Online,Paid,2025-08-22
1981,1981,2150.00,Online,Paid,2025-08-18
1982,1982,1250.00,Cash,Paid,2024-11-04
1983,1983,1150.00,Card,Paid,2024-10-29
1984,1984,1000.00,Card,Paid,2026-05-24
1985,1985,1300.00,Online,Paid,2024-11-28
1986,1986,700.00,Insurance,Partially Paid,2025-11-08
1987,1987,4500.00,Card,Paid,2026-02-22
1988,1988,900.00,Card,Paid,2026-02-19
1989,1989,1950.00,Card,Paid,2024-07-14
1990,1990,1012.50,Card,Partially Paid,2024-06-26
1991,1991,1150.00,Online,Paid,2026-10-02
1992,1992,3700.00,Cash,Paid,2026-02-24
1993,1993,0.00,Cash,Pending,
1994,1994,700.00,Online,Paid,2026-09-06
1995,1995,2100.00,Cash,Paid,2025-11-27
1996,1996,1650.00,Card,Paid,2024-01-22
1997,1997,4150.00,Card,Paid,2024-11-03
1998,1998,1300.00,Cash,Paid,2026-05-07
1999,1999,1850.00,Insurance,Paid,2026-05-08
2000,2000,2500.00,Insurance,Paid,2025-11-04
2001,2001,1600.00,Cash,Paid,2025-07-30
2002,2002,1300.00,Card,Paid,2024-10-08
2003,2003,1000.00,Card,Paid,2025-11-03
2004,2004,1550.00,Cash,Paid,2024-12-09
2005,2005,700.00,Cash,Paid,2025-09-14
2006,2006,2250.00,Card,Paid,2025-04-08
2007,2007,1450.00,Card,Paid,2026-06-13
2008,2008,0.00,Online,Pending,
2009,2009,2500.00,Card,Paid,2024-11-17
2010,2010,1300.00,Insurance,Paid,2025-07-17
2011,2011,1150.00,Cash,Partially Paid,2026-02-27
2012,2012,1500.00,Card,Paid,2026-07-06
2013,2013,1300.00,Cash,Paid,2024-12-14
2014,2014,0.00,Online,Pending,
2015,2015,1250.00,Cash,Paid,2024-08-27
2016,2016,1600.00,Cash,Paid,2024-07-20
2017,2017,3150.00,Insurance,Paid,2025-05-07
2018,2018,1450.00,Insurance,Paid,2025-01-25
2019,2019,1350.00,Cash,Paid,2025-01-25
2020,2020,2050.00,Insurance,Paid,2025-07-04
2021,2021,0.00,Card,Pending,
2022,2022,350.00,Insurance,Partially Paid,2026-08-13
2023,2023,750.00,Cash,Paid,2025-08-16
2024,2024,0.00,Card,Pending,
2025,2025,1650.00,Online,Paid,2026-04-03
2026,2026,637.50,Online,Partially Paid,2026-01-08
2027,2027,900.00,Insurance,Partially Paid,2025-10-04
2028,2028,487.50,Online,Partially Paid,2025-10-11
2029,2029,1000.00,Cash,Paid,2025-07-01
2030,2030,1650.00,Online,Paid,2026-04-24
2031,2031,1050.00,Insurance,Paid,2026-07-11
2032,2032,1950.00,Cash,Paid,2026-07-26
2033,2033,1400.00,Insurance,Paid,2026-07-16
2034,2034,1750.00,Insurance,Paid,2024-09-19
2035,2035,3050.00,Insurance,Paid,2024-09-30
2036,2036,800.00,Card,Paid,2026-09-01
2037,2037,1462.50,Online,Partially Paid,2025-12-21
2038,2038,4100.00,Online,Paid,2026-09-30
2039,2039,850.00,Insurance,Paid,2026-09-21
2040,2040,1150.00,Card,Paid,2025-11-10
2041,2041,0.00,Insurance,Pending,
2042,2042,900.00,Insurance,Paid,2026-08-24
2043,2043,0.00,Cash,Pending,
2044,2044,0.00,Insurance,Pending,
2045,2045,1550.00,Online,Paid,2025-12-08
2046,2046,1350.00,Cash,Paid,2026-04-05
2047,2047,1150.00,Cash,Paid,2025-08-25
2048,2048,2200.00,Card,Paid,2025-12-02
2049,2049,5000.00,Insurance,Paid,2024-12-20
2050,2050,1050.00,Online,Paid,2024-09-24
2051,2051,1000.00,Cash,Paid,2025-07-15
2052,2052,525.00,Insurance,Partially Paid,2026-02-25
2053,2053,1400.00,Online,Paid,2026-01-02
2054,2054,800.00,Cash,Paid,2024-11-04
2055,2055,1575.00,Card,Partially Paid,2025-02-20
2056,2056,850.00,Online,Paid,2026-04-27
2057,2057,900.00,Insurance,Paid,2025-08-25
2058,2058,1150.00,Cash,Paid,2026-05-16
2059,2059,1250.00,Insurance,Paid,2026-09-30
2060,2060,1300.00,Cash,Paid,2025-10-27
2061,2061,1150.00,Online,Paid,2025-07-17
2062,2062,2200.00,Insurance,Paid,2025-06-06
2063,2063,4300.00,Card,Paid,2026-08-09
2064,2064,1200.00,Online,Paid,2024-09-28
2065,2065,1250.00,Insurance,Paid,2024-09-23
2066,2066,2550.00,Online,Paid,2026-03-05
2067,2067,800.00,Cash,Partially Paid,2025-11-03
2068,2068,1400.00,Cash,Paid,2024-08-22
2069,2069,0.00,Cash,Pending,
2070,2070,1200.00,Card,Paid,2026-07-09
2071,2071,1500.00,Insurance,Paid,2026-08-11
2072,2072,0.00,Card,Pending,
2073,2073,1000.00,Insurance,Paid,2025-03-22
2074,2074,1200.00,Insurance,Partially Paid,2024-03-08
2075,2075,1100.00,Cash,Paid,2025-05-20
2076,2076,1900.00,Insurance,Paid,2025-04-18
2077,2077,0.00,Cash,Pending,
2078,2078,1612.50,Insurance,Partially Paid,2025-10-13
2079,2079,5250.00,Online,Paid,2026-07-26
2080,2080,850.00,Cash,Paid,2026-08-17
2081,2081,0.00,Card,Pending,
2082,2082,1800.00,Insurance,Paid,2025-03-04
2083,2083,2800.00,Card,Paid,2024-08-19
2084,2084,1150.00,Insurance,Paid,2024-08-14
2085,2085,1800.00,Cash,Paid,2024-07-11
2086,2086,950.00,Online,Paid,2026-04-06
2087,2087,3350.00,Cash,Paid,2026-03-15
2088,2088,1250.00,Card,Paid,2026-09-17
2089,2089,2950.00,Card,Paid,2024-03-31
2090,2090,950.00,Card,Paid,2025-03-11
2091,2091,2900.00,Insurance,Paid,2025-03-10
2092,2092,2550.00,Card,Paid,2024-12-21
2093,2093,850.00,Insurance,Paid,2024-12-14
2094,2094,950.00,Cash,Paid,2026-03-22
2095,2095,1400.00,Insurance,Paid,2024-05-04
2096,2096,6500.00,Cash,Paid,2026-01-16
2097,2097,2500.00,Cash,Paid,2024-06-18
2098,2098,1150.00,Online,Paid,2026-08-18
2099,2099,2150.00,Insurance,Paid,2025-01-29
2100,2100,1100.00,Cash,Paid,2025-10-14
2101,2101,1700.00,Card,Paid,2024-05-29
2102,2102,1300.00,Insurance,Paid,2024-07-30
2103,2103,2250.00,Card,Paid,2025-12-31
2104,2104,4200.00,Insurance,Paid,2025-05-03
2105,2105,0.00,Online,Pending,
2106,2106,850.00,Insurance,Paid,2024-10-17
2107,2107,1450.00,Card,Paid,2024-10-15
2108,2108,900.00,Cash,Paid,2024-10-17
2109,2109,0.00,Online,Pending,
2110,2110,950.00,Cash,Paid,2024-04-29
2111,2111,1150.00,Online,Paid,2024-10-19
2112,2112,1837.50,Card,Partially Paid,2025-06-09
2113,2113,4100.00,Online,Paid,2024-11-10
2114,2114,2400.00,Card,Paid,2024-11-22
2115,2115,1050.00,Cash,Paid,2024-11-19
2116,2116,1150.00,Card,Paid,2025-04-07
2117,2117,6850.00,Card,Paid,2024-02-09
2118,2118,950.00,Cash,Paid,2024-05-23
2119,2119,2250.00,Cash,Paid,2024-05-20
2120,2120,900.00,Online,Paid,2026-03-20
2121,2121,1500.00,Insurance,Paid,2026-03-27
2122,2122,0.00,Cash,Pending,
2123,2123,900.00,Insurance,Paid,2025-02-23
2124,2124,1250.00,Online,Paid,2024-08-09
2125,2125,2200.00,Cash,Paid,2025-05-19
2126,2126,2250.00,Card,Paid,2024-04-16
2127,2127,0.00,Insurance,Pending,
2128,2128,1300.00,Online,Paid,2024-08-03
2129,2129,1300.00,Card,Paid,2024-03-02
2130,2130,2350.00,Insurance,Paid,2025-02-15
2131,2131,900.00,Online,Paid,2026-03-17
2132,2132,1250.00,Insurance,Paid,2026-09-21
2133,2133,2850.00,Cash,Paid,2026-09-15
2134,2134,1450.00,Cash,Paid,2024-10-05
2135,2135,237.50,Insurance,Partially Paid,2025-06-09
2136,2136,1700.00,Cash,Paid,2025-11-07
2137,2137,1900.00,Insurance,Paid,2026-09-12
2138,2138,1150.00,Online,Paid,2026-07-04
2139,2139,1400.00,Insurance,Paid,2025-09-04
2140,2140,1250.00,Online,Paid,2025-08-04
2141,2141,1250.00,Online,Paid,2026-04-24
2142,2142,0.00,Card,Pending,
2143,2143,0.00,Cash,Pending,
2144,2144,3100.00,Online,Paid,2025-03-12
2145,2145,1650.00,Insurance,Paid,2024-01-25
2146,2146,2450.00,Insurance,Paid,2024-01-31
2147,2147,1400.00,Cash,Paid,2026-08-03
2148,2148,212.50,Insurance,Partially Paid,2026-04-11
2149,2149,2100.00,Online,Paid,2025-12-02
2150,2150,1450.00,Insurance,Paid,2025-12-07
2151,2151,0.00,Cash,Pending,
2152,2152,2000.00,Insurance,Paid,2025-10-19
2153,2153,1350.00,Online,Paid,2025-12-04
2154,2154,500.00,Online,Paid,2025-12-19
2155,2155,3650.00,Online,Paid,2025-12-31
2156,2156,2300.00,Cash,Paid,2024-08-22
2157,2157,1550.00,Online,Paid,2026-03-06
2158,2158,850.00,Online,Paid,2024-12-03
2159,2159,1150.00,Card,Paid,2024-02-04
2160,2160,1000.00,Online,Paid,2024-02-15
2161,2161,800.00,Online,Paid,2025-09-12
2162,2162,1750.00,Insurance,Paid,2026-06-21
2163,2163,2250.00,Card,Paid,2025-03-07
2164,2164,2050.00,Cash,Paid,2026-05-18
2165,2165,1050.00,Insurance,Paid,2026-05-22
2166,2166,1275.00,Cash,Partially Paid,2025-11-07
2167,2167,2800.00,Card,Paid,2025-11-06
2168,2168,3100.00,Card,Paid,2024-06-04
2169,2169,750.00,Cash,Paid,2024-03-01
2170,2170,1650.00,Card,Paid,2026-01-02
2171,2171,1300.00,Online,Paid,2025-08-13
2172,2172,800.00,Cash,Paid,2025-05-29
2173,2173,0.00,Cash,Pending,
2174,2174,1350.00,Insurance,Paid,2026-05-11
2175,2175,1350.00,Cash,Paid,2024-09-21
2176,2176,5000.00,Card,Paid,2024-09-24
2177,2177,1200.00,Card,Paid,2025-09-17
2178,2178,4012.50,Online,Partially Paid,2025-06-01
2179,2179,1500.00,Cash,Paid,2025-01-02
2180,2180,6550.00,Card,Paid,2024-01-15
2181,2181,3150.00,Card,Paid,2026-08-02
2182,2182,2050.00,Online,Paid,2026-02-22
2183,2183,1400.00,Online,Paid,2026-02-28
2184,2184,1200.00,Online,Paid,2024-12-12
2185,2185,1000.00,Card,Paid,2024-05-01
2186,2186,2250.00,Card,Paid,2025-04-02
2187,2187,1200.00,Cash,Paid,2025-12-10
2188,2188,800.00,Card,Paid,2026-09-07
2189,2189,0.00,Cash,Pending,
2190,2190,0.00,Insurance,Pending,
2191,2191,1850.00,Cash,Paid,2025-11-22
2192,2192,0.00,Insurance,Pending,
2193,2193,800.00,Card,Paid,2025-04-26
2194,2194,712.50,Insurance,Partially Paid,2024-10-23
2195,2195,1300.00,Cash,Paid,2026-06-18
2196,2196,1050.00,Cash,Paid,2025-08-11
2197,2197,1400.00,Insurance,Paid,2025-03-01
2198,2198,900.00,Insurance,Partially Paid,2026-03-10
2199,2199,0.00,Online,Pending,
2200,2200,1000.00,Online,Paid,2024-09-26
2201,2201,1100.00,Online,Paid,2025-04-11
2202,2202,800.00,Cash,Paid,2024-06-18
2203,2203,1600.00,Card,Paid,2025-07-16
2204,2204,1500.00,Insurance,Paid,2025-07-09
2205,2205,1550.00,Insurance,Paid,2026-02-02
2206,2206,1450.00,Insurance,Paid,2024-04-21
2207,2207,600.00,Card,Paid,2025-11-14
2208,2208,1550.00,Cash,Paid,2025-01-21
2209,2209,725.00,Card,Partially Paid,2025-08-08
2210,2210,950.00,Cash,Paid,2024-12-15
2211,2211,6350.00,Insurance,Paid,2024-12-14
2212,2212,3700.00,Card,Paid,2025-07-02
2213,2213,1700.00,Insurance,Paid,2025-02-05
2214,2214,1162.50,Online,Partially Paid,2026-03-03
2215,2215,1350.00,Cash,Paid,2024-08-09
2216,2216,3050.00,Card,Paid,2025-07-02
2217,2217,712.50,Online,Partially Paid,2025-04-08
2218,2218,1950.00,Card,Paid,2026-03-22
2219,2219,900.00,Online,Paid,2024-12-04
2220,2220,6600.00,Card,Paid,2025-03-18
2221,2221,1300.00,Cash,Paid,2025-03-25
2222,2222,1050.00,Online,Paid,2025-10-16
2223,2223,1312.50,Card,Partially Paid,2025-01-07
2224,2224,950.00,Cash,Paid,2026-09-07
2225,2225,800.00,Cash,Paid,2026-06-16
2226,2226,800.00,Cash,Partially Paid,2024-10-24
2227,2227,6850.00,Card,Paid,2024-07-04
2228,2228,2150.00,Insurance,Paid,2025-08-11
2229,2229,1100.00,Online,Paid,2026-03-10
2230,2230,0.00,Online,Pending,
2231,2231,1000.00,Cash,Paid,2026-03-23
2232,2232,750.00,Insurance,Paid,2024-12-14
2233,2233,900.00,Card,Paid,2025-09-03
2234,2234,1500.00,Card,Paid,2024-08-02
2235,2235,0.00,Card,Pending,
2236,2236,1050.00,Card,Paid,2024-04-12
2237,2237,1300.00,Card,Paid,2024-08-20
2238,2238,1350.00,Cash,Paid,2025-05-14
2239,2239,1900.00,Online,Paid,2026-07-17
2240,2240,1350.00,Online,Paid,2026-09-04
2241,2241,2350.00,Insurance,Paid,2025-05-15
2242,2242,262.50,Cash,Partially Paid,2025-03-26
2243,2243,1800.00,Cash,Paid,2024-08-23
2244,2244,600.00,Insurance,Paid,2024-01-11
2245,2245,2100.00,Insurance,Paid,2025-12-29
2246,2246,2050.00,Cash,Paid,2025-03-11
2247,2247,600.00,Insurance,Partially Paid,2025-03-02
2248,2248,1800.00,Cash,Paid,2026-02-01
2249,2249,1250.00,Card,Paid,2026-05-19
2250,2250,5800.00,Insurance,Paid,2025-10-02
2251,2251,1200.00,Insurance,Paid,2025-07-10
2252,2252,1450.00,Insurance,Paid,2026-07-21
2253,2253,1000.00,Insurance,Paid,2026-07-17
2254,2254,0.00,Online,Pending,
2255,2255,1650.00,Insurance,Paid,2026-02-10
2256,2256,3200.00,Cash,Paid,2024-10-31
2257,2257,1150.00,Cash,Paid,2024-11-22
2258,2258,1200.00,Card,Paid,2024-11-27
2259,2259,2200.00,Cash,Paid,2025-08-29
2260,2260,600.00,Cash,Paid,2026-01-03
2261,2261,1300.00,Card,Paid,2025-02-18
2262,2262,0.00,Cash,Pending,
2263,2263,1150.00,Card,Paid,2026-01-07
2264,2264,1400.00,Insurance,Paid,2026-07-16
2265,2265,1050.00,Card,Paid,2025-10-11
2266,2266,950.00,Insurance,Paid,2024-12-24
2267,2267,2200.00,Card,Paid,2025-12-11
2268,2268,0.00,Cash,Pending,
2269,2269,0.00,Online,Pending,
2270,2270,1350.00,Online,Paid,2026-01-19
2271,2271,0.00,Online,Pending,
2272,2272,650.00,Card,Paid,2024-03-05
2273,2273,550.00,Online,Paid,2024-07-13
2274,2274,950.00,Card,Paid,2025-09-23
2275,2275,1500.00,Online,Paid,2024-06-21
2276,2276,2400.00,Online,Paid,2024-08-07
2277,2277,3350.00,Cash,Paid,2026-04-15
2278,2278,0.00,Cash,Pending,
2279,2279,1350.00,Card,Paid,2026-01-10
2280,2280,1000.00,Cash,Paid,2025-12-31
2281,2281,3700.00,Card,Paid,2024-09-14
2282,2282,0.00,Insurance,Pending,
2283,2283,1600.00,Insurance,Paid,2025-06-09
2284,2284,1450.00,Insurance,Paid,2026-08-08
2285,2285,1100.00,Online,Paid,2024-05-13
2286,2286,1450.00,Cash,Paid,2024-05-18
2287,2287,1700.00,Online,Paid,2025-11-06
2288,2288,1250.00,Insurance,Paid,2024-09-16
2289,2289,1700.00,Online,Paid,2024-04-03
2290,2290,6050.00,Online,Paid,2024-03-31
2291,2291,1125.00,Card,Partially Paid,2026-04-26
2292,2292,1550.00,Cash,Paid,2026-05-02
2293,2293,475.00,Insurance,Partially Paid,2026-03-24
2294,2294,1050.00,Insurance,Paid,2024-07-14
2295,2295,1300.00,Insurance,Paid,2024-07-14
2296,2296,1350.00,Insurance,Paid,2024-09-18
2297,2297,1600.00,Cash,Paid,2024-11-13
2298,2298,2050.00,Card,Paid,2024-11-19
2299,2299,1250.00,Insurance,Paid,2025-06-14
2300,2300,1700.00,Cash,Paid,2025-12-26
2301,2301,1600.00,Card,Paid,2025-12-31
2302,2302,2250.00,Insurance,Paid,2024-07-22
2303,2303,950.00,Cash,Paid,2024-08-06
2304,2304,6950.00,Insurance,Paid,2024-06-19
2305,2305,0.00,Card,Pending,
2306,2306,1900.00,Card,Paid,2024-12-22
2307,2307,2500.00,Card,Paid,2024-12-08
2308,2308,2250.00,Card,Paid,2026-05-17
2309,2309,1350.00,Insurance,Paid,2024-08-05
2310,2310,0.00,Online,Pending,
2311,2311,1000.00,Online,Paid,2024-12-15
2312,2312,550.00,Online,Paid,2024-10-23
2313,2313,0.00,Card,Pending,
2314,2314,5400.00,Card,Paid,2025-10-15
2315,2315,1300.00,Online,Paid,2024-11-23
2316,2316,1700.00,Cash,Paid,2024-11-27
2317,2317,1150.00,Online,Paid,2026-02-04
2318,2318,4550.00,Insurance,Paid,2024-07-27
2319,2319,1350.00,Card,Paid,2026-05-13
2320,2320,900.00,Insurance,Paid,2024-09-21
2321,2321,1400.00,Cash,Paid,2026-08-30
2322,2322,1800.00,Insurance,Paid,2025-02-20
2323,2323,2200.00,Cash,Paid,2025-05-28
2324,2324,900.00,Card,Paid,2026-06-10
2325,2325,1750.00,Online,Paid,2024-10-29
2326,2326,1250.00,Online,Paid,2024-03-03
2327,2327,5800.00,Cash,Paid,2026-09-18
2328,2328,3450.00,Insurance,Paid,2026-02-05
2329,2329,925.00,Cash,Partially Paid,2024-04-16
2330,2330,1250.00,Insurance,Paid,2026-07-16
2331,2331,850.00,Cash,Paid,2025-05-25
2332,2332,1050.00,Insurance,Paid,2024-05-20
2333,2333,525.00,Online,Partially Paid,2025-10-17
2334,2334,2400.00,Insurance,Paid,2025-10-19
2335,2335,5350.00,Card,Paid,2025-04-05
2336,2336,1700.00,Insurance,Paid,2024-03-03
2337,2337,0.00,Insurance,Pending,
2338,2338,1500.00,Online,Paid,2024-12-11
2339,2339,0.00,Insurance,Pending,
2340,2340,0.00,Cash,Pending,
2341,2341,700.00,Card,Paid,2024-12-18
2342,2342,1600.00,Online,Paid,2025-10-09
2343,2343,3100.00,Insurance,Paid,2024-04-05
2344,2344,0.00,Card,Pending,
2345,2345,825.00,Online,Partially Paid,2025-03-27
2346,2346,0.00,Cash,Pending,
2347,2347,1250.00,Insurance,Paid,2024-07-30
2348,2348,637.50,Insurance,Partially Paid,2024-01-06
2349,2349,1050.00,Card,Paid,2024-05-14
2350,2350,1300.00,Card,Paid,2024-12-05
2351,2351,2250.00,Cash,Paid,2024-01-18
2352,2352,437.50,Card,Partially Paid,2024-11-29
2353,2353,800.00,Online,Paid,2024-11-23
2354,2354,1300.00,Insurance,Paid,2024-03-29
2355,2355,1300.00,Cash,Paid,2024-06-25
2356,2356,1250.00,Insurance,Paid,2025-01-17
2357,2357,1050.00,Insurance,Paid,2025-08-14
2358,2358,0.00,Cash,Pending,
2359,2359,0.00,Online,Pending,
2360,2360,1200.00,Online,Paid,2024-10-16
2361,2361,4700.00,Cash,Paid,2024-11-10
2362,2362,4950.00,Insurance,Paid,2026-06-26
2363,2363,1300.00,Cash,Paid,2025-11-10
2364,2364,1400.00,Insurance,Paid,2024-03-26
2365,2365,750.00,Insurance,Paid,2025-07-25
2366,2366,1700.00,Insurance,Paid,2026-09-09
2367,2367,4150.00,Cash,Paid,2026-09-06
2368,2368,1250.00,Cash,Paid,2025-03-01
2369,2369,3350.00,Online,Paid,2024-05-12
2370,2370,2500.00,Insurance,Paid,2025-07-15
2371,2371,0.00,Cash,Pending,
2372,2372,6750.00,Card,Paid,2025-04-27
2373,2373,1650.00,Card,Paid,2026-08-04
2374,2374,6650.00,Cash,Paid,2026-04-15
2375,2375,1400.00,Insurance,Paid,2026-01-19
2376,2376,1700.00,Online,Paid,2026-01-17
2377,2377,0.00,Card,Pending,
2378,2378,2100.00,Insurance,Paid,2025-03-02
2379,2379,1550.00,Cash,Paid,2024-08-23
2380,2380,1650.00,Insurance,Paid,2024-01-24
2381,2381,1300.00,Card,Paid,2024-08-10
2382,2382,1450.00,Insurance,Paid,2025-05-30
2383,2383,1600.00,Online,Paid,2025-05-30
2384,2384,1050.00,Online,Paid,2026-09-02
2385,2385,3300.00,Insurance,Paid,2024-09-21
2386,2386,1450.00,Insurance,Paid,2024-09-22
2387,2387,1425.00,Online,Partially Paid,2024-03-25
2388,2388,1600.00,Online,Paid,2025-06-28
2389,2389,1900.00,Cash,Paid,2024-05-22
2390,2390,2000.00,Online,Paid,2025-10-18
2391,2391,1600.00,Cash,Paid,2026-07-11
2392,2392,1300.00,Insurance,Paid,2026-07-06
2393,2393,5850.00,Card,Paid,2026-01-15
2394,2394,1000.00,Online,Paid,2024-12-10
2395,2395,3500.00,Online,Paid,2024-04-09
2396,2396,650.00,Card,Paid,2024-04-07
2397,2397,3700.00,Card,Paid,2025-09-10
2398,2398,700.00,Card,Paid,2025-09-11
2399,2399,1050.00,Cash,Paid,2024-09-06
2400,2400,2650.00,Cash,Paid,2025-09-20
2401,2401,1250.00,Card,Paid,2025-12-31
2402,2402,1500.00,Insurance,Paid,2026-07-07
2403,2403,950.00,Cash,Paid,2024-05-10
2404,2404,1050.00,Cash,Paid,2026-06-27
2405,2405,1450.00,Cash,Paid,2024-02-06
2406,2406,0.00,Online,Pending,
2407,2407,0.00,Online,Pending,
2408,2408,2450.00,Cash,Paid,2025-02-21
2409,2409,5175.00,Online,Partially Paid,2025-02-20
2410,2410,1650.00,Insurance,Paid,2025-01-08
2411,2411,0.00,Card,Pending,
2412,2412,1000.00,Card,Paid,2024-04-01
2413,2413,3500.00,Insurance,Paid,2024-10-13
2414,2414,1100.00,Card,Paid,2026-04-25
2415,2415,1050.00,Online,Paid,2025-05-18
2416,2416,1000.00,Cash,Paid,2025-05-14
2417,2417,2000.00,Card,Paid,2024-10-09
2418,2418,700.00,Insurance,Paid,2025-09-16
2419,2419,1200.00,Card,Paid,2025-09-17
2420,2420,1200.00,Card,Paid,2026-04-12
2421,2421,2200.00,Insurance,Paid,2026-06-27
2422,2422,2050.00,Card,Paid,2025-02-16
2423,2423,1700.00,Cash,Paid,2025-08-06
2424,2424,650.00,Insurance,Paid,2024-04-25
2425,2425,1050.00,Card,Paid,2026-08-20
2426,2426,575.00,Card,Partially Paid,2025-06-01
2427,2427,2200.00,Card,Paid,2026-01-08
2428,2428,0.00,Card,Pending,
2429,2429,1000.00,Online,Paid,2025-04-05
2430,2430,2475.00,Online,Partially Paid,2024-07-07
2431,2431,625.00,Insurance,Partially Paid,2025-12-16
2432,2432,3100.00,Insurance,Paid,2024-10-09
2433,2433,1500.00,Insurance,Paid,2024-07-03
2434,2434,0.00,Cash,Pending,
2435,2435,1400.00,Cash,Paid,2025-02-14
2436,2436,850.00,Insurance,Paid,2026-09-11
2437,2437,800.00,Cash,Paid,2026-09-16
2438,2438,1462.50,Insurance,Partially Paid,2026-04-08
2439,2439,1300.00,Card,Paid,2026-03-26
2440,2440,5150.00,Online,Paid,2026-05-25
2441,2441,1250.00,Online,Paid,2024-02-21
2442,2442,1050.00,Insurance,Paid,2026-09-15
2443,2443,1300.00,Cash,Paid,2024-06-01
2444,2444,1850.00,Insurance,Paid,2024-02-23
2445,2445,0.00,Online,Pending,
2446,2446,4800.00,Insurance,Paid,2025-05-26
2447,2447,900.00,Insurance,Paid,2025-05-23
2448,2448,1150.00,Card,Paid,2025-02-27
2449,2449,1800.00,Cash,Paid,2025-11-03
2450,2450,0.00,Online,Pending,
2451,2451,2400.00,Card,Paid,2025-03-02
2452,2452,850.00,Card,Paid,2024-08-19
2453,2453,5100.00,Cash,Paid,2025-04-30
2454,2454,5800.00,Card,Paid,2026-03-31
2455,2455,1300.00,Cash,Paid,2025-01-13
2456,2456,1600.00,Card,Paid,2024-08-29
2457,2457,1450.00,Insurance,Paid,2024-03-09
2458,2458,1000.00,Cash,Paid,2026-07-13
2459,2459,2000.00,Card,Paid,2025-11-24
2460,2460,350.00,Cash,Partially Paid,2025-11-24
2461,2461,1600.00,Card,Paid,2024-02-04
2462,2462,0.00,Insurance,Pending,
2463,2463,0.00,Card,Pending,
2464,2464,950.00,Card,Paid,2025-02-22
2465,2465,2050.00,Card,Paid,2025-02-16
2466,2466,850.00,Card,Paid,2025-02-16
2467,2467,2050.00,Insurance,Paid,2024-12-30
2468,2468,1750.00,Online,Paid,2025-01-09
2469,2469,0.00,Card,Pending,
2470,2470,2650.00,Cash,Paid,2024-04-22
2471,2471,1450.00,Insurance,Paid,2025-04-07
2472,2472,2350.00,Card,Paid,2025-04-09
2473,2473,600.00,Card,Partially Paid,2025-04-27
2474,2474,800.00,Insurance,Paid,2026-05-23
2475,2475,1900.00,Online,Paid,2026-05-28
2476,2476,1600.00,Online,Paid,2026-06-04
2477,2477,750.00,Cash,Paid,2025-08-31
2478,2478,2100.00,Card,Paid,2025-02-15
2479,2479,850.00,Cash,Paid,2024-09-22
2480,2480,950.00,Online,Paid,2025-01-29
2481,2481,2175.00,Card,Partially Paid,2026-04-15
2482,2482,1750.00,Insurance,Paid,2024-06-15
2483,2483,1300.00,Insurance,Paid,2026-10-01
2484,2484,800.00,Card,Paid,2026-02-22
2485,2485,650.00,Cash,Paid,2025-06-03
2486,2486,0.00,Online,Pending,
2487,2487,0.00,Insurance,Pending,
2488,2488,1450.00,Insurance,Paid,2025-08-05
2489,2489,1250.00,Online,Paid,2026-01-20
2490,2490,1550.00,Online,Paid,2026-01-10
2491,2491,6300.00,Insurance,Paid,2025-08-15
2492,2492,1300.00,Card,Paid,2025-08-10
2493,2493,0.00,Online,Pending,
2494,2494,0.00,Card,Pending,
2495,2495,1450.00,Cash,Paid,2025-09-05
2496,2496,1450.00,Card,Paid,2025-09-05
2497,2497,800.00,Online,Paid,2026-06-19
2498,2498,2350.00,Online,Paid,2024-03-01
2499,2499,1100.00,Insurance,Paid,2026-03-30
2500,2500,1700.00,Online,Paid,2025-10-07
2501,2501,1350.00,Insurance,Partially Paid,2024-10-22
2502,2502,1450.00,Card,Paid,2025-08-28
2503,2503,4950.00,Card,Paid,2025-06-23
2504,2504,600.00,Cash,Paid,2025-06-29
2505,2505,1800.00,Insurance,Paid,2024-10-06
2506,2506,0.00,Cash,Pending,
2507,2507,1200.00,Insurance,Paid,2026-02-03
2508,2508,1050.00,Online,Paid,2024-06-25
2509,2509,1200.00,Card,Paid,2024-11-13
2510,2510,6450.00,Cash,Paid,2024-02-22
2511,2511,1050.00,Cash,Paid,2024-02-21
2512,2512,2650.00,Online,Paid,2024-12-07
2513,2513,1150.00,Cash,Paid,2024-12-05
2514,2514,0.00,Insurance,Pending,
2515,2515,800.00,Card,Paid,2026-07-30
2516,2516,900.00,Online,Paid,2026-05-03
2517,2517,800.00,Card,Paid,2024-03-02
2518,2518,0.00,Online,Pending,
2519,2519,2850.00,Online,Paid,2024-06-15
2520,2520,0.00,Cash,Pending,
2521,2521,2050.00,Insurance,Paid,2024-08-10
2522,2522,6600.00,Online,Paid,2024-08-08
2523,2523,1600.00,Insurance,Paid,2026-03-09
2524,2524,600.00,Cash,Paid,2024-12-25
2525,2525,2250.00,Online,Paid,2026-02-01
2526,2526,1900.00,Insurance,Paid,2025-05-07
2527,2527,1500.00,Cash,Paid,2024-06-25
2528,2528,0.00,Online,Pending,
2529,2529,1387.50,Online,Partially Paid,2024-07-07
2530,2530,1400.00,Cash,Paid,2026-02-09
2531,2531,1750.00,Card,Paid,2026-04-10
2532,2532,2325.00,Card,Partially Paid,2025-04-30
2533,2533,2100.00,Cash,Paid,2026-04-12
2534,2534,937.50,Card,Partially Paid,2024-01-22
2535,2535,2300.00,Online,Paid,2026-03-27
2536,2536,0.00,Cash,Pending,
2537,2537,1650.00,Insurance,Paid,2024-02-18
2538,2538,0.00,Cash,Pending,
2539,2539,550.00,Card,Partially Paid,2025-06-19
2540,2540,1000.00,Card,Paid,2024-02-01
2541,2541,1550.00,Cash,Paid,2024-02-01
2542,2542,4000.00,Insurance,Paid,2025-03-19
2543,2543,1450.00,Card,Paid,2024-10-13
2544,2544,1100.00,Cash,Paid,2025-12-29
2545,2545,650.00,Insurance,Paid,2024-04-20
2546,2546,0.00,Cash,Pending,
2547,2547,0.00,Insurance,Pending,
2548,2548,1150.00,Cash,Paid,2025-12-05
2549,2549,1650.00,Online,Paid,2026-04-14
2550,2550,3250.00,Online,Paid,2024-11-08
2551,2551,1050.00,Card,Paid,2024-11-10
2552,2552,1350.00,Online,Paid,2026-06-19
2553,2553,3450.00,Card,Paid,2025-08-30
2554,2554,862.50,Online,Partially Paid,2024-12-30
2555,2555,1800.00,Cash,Paid,2024-12-25
2556,2556,1150.00,Card,Paid,2025-08-16
2557,2557,1650.00,Online,Paid,2026-09-08
2558,2558,1200.00,Card,Paid,2025-06-03
2559,2559,337.50,Cash,Partially Paid,2024-02-25
2560,2560,0.00,Cash,Pending,
2561,2561,1125.00,Online,Partially Paid,2025-05-28
2562,2562,2550.00,Online,Paid,2025-10-07
2563,2563,1100.00,Online,Paid,2026-02-20
2564,2564,0.00,Insurance,Pending,
2565,2565,900.00,Cash,Paid,2026-02-22
2566,2566,1450.00,Cash,Paid,2026-02-23
2567,2567,3250.00,Insurance,Paid,2024-04-19
2568,2568,2000.00,Card,Paid,2024-04-21
2569,2569,1000.00,Online,Paid,2026-03-18
2570,2570,650.00,Cash,Paid,2024-02-14
2571,2571,712.50,Online,Partially Paid,2024-11-16
2572,2572,750.00,Insurance,Paid,2024-11-24
2573,2573,1300.00,Cash,Paid,2025-04-11
2574,2574,1200.00,Online,Paid,2024-05-29
2575,2575,212.50,Insurance,Partially Paid,2026-01-24
2576,2576,1150.00,Insurance,Paid,2025-07-02
2577,2577,0.00,Card,Pending,
2578,2578,1700.00,Card,Paid,2026-08-06
2579,2579,1200.00,Cash,Paid,2026-08-08
2580,2580,1650.00,Insurance,Paid,2025-03-10
2581,2581,1350.00,Online,Paid,2025-06-04
2582,2582,425.00,Card,Partially Paid,2025-07-15
2583,2583,1550.00,Insurance,Paid,2024-11-09
2584,2584,0.00,Online,Pending,
2585,2585,1700.00,Online,Paid,2025-02-18
2586,2586,800.00,Insurance,Paid,2026-04-17
2587,2587,750.00,Card,Paid,2025-01-30
2588,2588,750.00,Online,Paid,2026-01-05
2589,2589,1000.00,Online,Partially Paid,2026-09-20
2590,2590,1800.00,Cash,Paid,2025-06-18
2591,2591,2050.00,Card,Paid,2025-07-07
2592,2592,1350.00,Online,Paid,2025-08-26
2593,2593,0.00,Online,Pending,
2594,2594,950.00,Insurance,Paid,2026-08-14
2595,2595,1350.00,Card,Paid,2025-12-16
2596,2596,1050.00,Cash,Paid,2024-12-06
2597,2597,2300.00,Card,Paid,2024-01-30
2598,2598,1350.00,Insurance,Paid,2025-04-01
2599,2599,1950.00,Cash,Paid,2024-03-16
2600,2600,375.00,Cash,Partially Paid,2026-03-29
2601,2601,1600.00,Cash,Paid,2024-02-01
2602,2602,3000.00,Online,Paid,2026-01-14
2603,2603,1200.00,Cash,Paid,2024-06-18
2604,2604,4050.00,Card,Partially Paid,2024-06-19
2605,2605,1250.00,Online,Paid,2024-06-09
2606,2606,1300.00,Online,Paid,2026-07-17
2607,2607,1200.00,Card,Paid,2024-12-05
2608,2608,525.00,Cash,Partially Paid,2024-02-19
2609,2609,1550.00,Card,Paid,2025-03-28
2610,2610,750.00,Card,Paid,2024-11-08
2611,2611,850.00,Insurance,Paid,2026-08-06
2612,2612,1600.00,Insurance,Paid,2025-05-25
2613,2613,1850.00,Insurance,Paid,2025-05-23
2614,2614,1200.00,Insurance,Paid,2025-11-09
2615,2615,262.50,Online,Partially Paid,2026-10-01
2616,2616,2750.00,Card,Paid,2024-08-31
2617,2617,1250.00,Online,Paid,2024-09-29
2618,2618,0.00,Online,Pending,
2619,2619,262.50,Insurance,Partially Paid,2026-07-29
2620,2620,1300.00,Online,Paid,2026-08-05
2621,2621,1100.00,Insurance,Paid,2026-05-30
2622,2622,1350.00,Online,Paid,2024-07-12
2623,2623,1050.00,Online,Paid,2025-11-17
2624,2624,1800.00,Card,Paid,2026-09-20
2625,2625,1600.00,Cash,Paid,2026-09-18
2626,2626,0.00,Card,Pending,
2627,2627,1350.00,Card,Paid,2025-10-25
2628,2628,862.50,Online,Partially Paid,2024-01-10
2629,2629,1650.00,Cash,Paid,2024-08-17
2630,2630,1550.00,Card,Paid,2024-03-23
2631,2631,237.50,Online,Partially Paid,2025-11-09
2632,2632,1300.00,Cash,Paid,2025-01-11
2633,2633,650.00,Cash,Paid,2024-09-10
2634,2634,4850.00,Online,Paid,2025-01-01
2635,2635,1000.00,Insurance,Paid,2025-12-04
2636,2636,2050.00,Cash,Paid,2026-02-10
2637,2637,2600.00,Insurance,Paid,2026-09-22
2638,2638,2200.00,Insurance,Paid,2025-08-19
2639,2639,2400.00,Card,Paid,2026-08-01
2640,2640,0.00,Card,Pending,
2641,2641,0.00,Insurance,Pending,
2642,2642,1150.00,Cash,Paid,2025-04-30
2643,2643,0.00,Insurance,Pending,
2644,2644,0.00,Card,Pending,
2645,2645,600.00,Card,Paid,2024-11-12
2646,2646,650.00,Cash,Paid,2025-09-10
2647,2647,950.00,Cash,Paid,2025-09-09
2648,2648,850.00,Online,Paid,2025-09-20
2649,2649,950.00,Online,Paid,2025-09-19
2650,2650,1200.00,Card,Paid,2024-02-27
2651,2651,900.00,Insurance,Partially Paid,2025-08-25
2652,2652,1250.00,Card,Paid,2026-07-09
2653,2653,0.00,Online,Pending,
2654,2654,3200.00,Online,Paid,2024-03-10
2655,2655,1200.00,Insurance,Paid,2024-07-04
2656,2656,1000.00,Cash,Paid,2025-11-16
2657,2657,1800.00,Online,Paid,2024-12-09
2658,2658,1400.00,Cash,Paid,2026-06-30
2659,2659,800.00,Insurance,Paid,2026-09-25
2660,2660,1700.00,Cash,Paid,2025-02-16
2661,2661,2350.00,Online,Paid,2025-02-18
2662,2662,2000.00,Insurance,Paid,2026-05-14
2663,2663,1250.00,Insurance,Paid,2025-01-16
2664,2664,1600.00,Online,Paid,2025-04-22
2665,2665,1100.00,Insurance,Paid,2024-04-14
2666,2666,1950.00,Card,Paid,2024-03-18
2667,2667,3700.00,Cash,Paid,2024-09-25
2668,2668,3350.00,Insurance,Paid,2025-07-03
2669,2669,0.00,Online,Pending,
2670,2670,2400.00,Online,Paid,2025-07-27
2671,2671,1950.00,Insurance,Paid,2024-07-22
2672,2672,1500.00,Insurance,Paid,2025-01-28
2673,2673,1200.00,Card,Paid,2024-05-21
2674,2674,1050.00,Cash,Paid,2026-03-22
2675,2675,1300.00,Card,Paid,2024-05-11
2676,2676,575.00,Insurance,Partially Paid,2026-06-19
2677,2677,0.00,Insurance,Pending,
2678,2678,1650.00,Card,Partially Paid,2026-09-27
2679,2679,3500.00,Insurance,Paid,2024-10-15
2680,2680,1000.00,Insurance,Paid,2024-12-17
2681,2681,0.00,Online,Pending,
2682,2682,175.00,Online,Partially Paid,2025-05-04
2683,2683,750.00,Card,Paid,2024-09-13
2684,2684,1200.00,Insurance,Paid,2026-06-02
2685,2685,0.00,Online,Pending,
2686,2686,1250.00,Online,Paid,2024-06-08
2687,2687,1750.00,Online,Paid,2025-02-07
2688,2688,1300.00,Cash,Paid,2026-09-20
2689,2689,2600.00,Cash,Paid,2026-01-29
2690,2690,1000.00,Card,Paid,2026-07-29
2691,2691,2800.00,Cash,Paid,2026-02-12
2692,2692,900.00,Cash,Paid,2025-09-17
2693,2693,3500.00,Insurance,Paid,2025-09-14
2694,2694,2150.00,Insurance,Paid,2025-01-11
2695,2695,1150.00,Card,Paid,2024-07-09
2696,2696,2250.00,Insurance,Paid,2026-07-14
2697,2697,900.00,Insurance,Paid,2026-09-26
2698,2698,1450.00,Insurance,Paid,2024-01-27
2699,2699,1400.00,Insurance,Paid,2026-03-03
2700,2700,2850.00,Card,Paid,2026-05-19
2701,2701,2350.00,Insurance,Paid,2026-05-20
2702,2702,2150.00,Card,Paid,2024-02-21
2703,2703,2700.00,Card,Paid,2024-09-16
2704,2704,300.00,Online,Partially Paid,2026-08-13
2705,2705,1400.00,Online,Paid,2026-08-26
2706,2706,2050.00,Card,Paid,2025-08-14
2707,2707,1725.00,Insurance,Partially Paid,2026-07-06
2708,2708,1850.00,Cash,Paid,2025-07-01
2709,2709,6800.00,Insurance,Paid,2025-07-05
2710,2710,1150.00,Cash,Paid,2025-10-16
2711,2711,4600.00,Card,Paid,2024-06-18
2712,2712,2050.00,Online,Paid,2025-12-06
2713,2713,450.00,Cash,Partially Paid,2024-05-18
2714,2714,900.00,Insurance,Paid,2024-07-12
2715,2715,2150.00,Cash,Paid,2025-02-07
2716,2716,3050.00,Online,Paid,2026-02-22
2717,2717,1050.00,Cash,Paid,2026-02-24
2718,2718,1800.00,Insurance,Paid,2024-04-24
2719,2719,2300.00,Online,Paid,2024-01-13
2720,2720,3300.00,Insurance,Paid,2026-07-13
2721,2721,2300.00,Online,Paid,2025-01-23
2722,2722,1012.50,Cash,Partially Paid,2025-08-15
2723,2723,900.00,Cash,Paid,2025-04-27
2724,2724,1850.00,Cash,Paid,2025-10-24
2725,2725,1150.00,Online,Paid,2025-10-27
2726,2726,1450.00,Online,Paid,2024-02-04
2727,2727,1750.00,Cash,Paid,2025-04-26
2728,2728,2300.00,Insurance,Paid,2025-05-01
2729,2729,900.00,Insurance,Paid,2024-02-19
2730,2730,0.00,Online,Pending,
2731,2731,900.00,Insurance,Paid,2024-02-07
2732,2732,750.00,Card,Paid,2024-11-09
2733,2733,1600.00,Insurance,Paid,2025-08-24
2734,2734,0.00,Insurance,Pending,
2735,2735,1850.00,Card,Paid,2024-05-20
2736,2736,600.00,Insurance,Partially Paid,2025-03-04
2737,2737,1450.00,Insurance,Paid,2025-08-12
2738,2738,4100.00,Online,Paid,2025-10-11
2739,2739,6800.00,Cash,Paid,2025-10-23
2740,2740,1725.00,Online,Partially Paid,2026-06-10
2741,2741,1850.00,Cash,Paid,2026-06-03
2742,2742,4000.00,Insurance,Paid,2025-02-11
2743,2743,1450.00,Card,Paid,2024-07-03
2744,2744,3000.00,Insurance,Paid,2025-04-23
2745,2745,3150.00,Cash,Paid,2025-07-10
2746,2746,1850.00,Insurance,Paid,2026-08-10
2747,2747,425.00,Online,Partially Paid,2026-05-09
2748,2748,1250.00,Insurance,Partially Paid,2026-07-14
2749,2749,1700.00,Card,Paid,2025-12-18
2750,2750,2550.00,Insurance,Paid,2024-03-31
2751,2751,6900.00,Card,Paid,2024-10-24
2752,2752,2300.00,Card,Paid,2026-08-23
2753,2753,950.00,Insurance,Paid,2026-09-08
2754,2754,2450.00,Card,Paid,2025-10-16
2755,2755,3300.00,Insurance,Paid,2025-09-22
2756,2756,750.00,Card,Partially Paid,2025-09-20
2757,2757,1800.00,Online,Paid,2025-03-04
2758,2758,1200.00,Card,Paid,2025-09-02
2759,2759,2150.00,Online,Paid,2024-05-30
2760,2760,187.50,Cash,Partially Paid,2025-07-19
2761,2761,900.00,Cash,Paid,2026-02-28
2762,2762,1000.00,Card,Paid,2024-10-03
2763,2763,0.00,Online,Pending,
2764,2764,700.00,Cash,Paid,2024-02-10
2765,2765,900.00,Online,Paid,2026-01-01
2766,2766,0.00,Insurance,Pending,
2767,2767,1400.00,Cash,Paid,2026-04-29
2768,2768,1350.00,Online,Paid,2026-02-23
2769,2769,1150.00,Online,Paid,2026-03-05
2770,2770,1650.00,Insurance,Paid,2025-06-09
2771,2771,362.50,Cash,Partially Paid,2024-09-12
2772,2772,1300.00,Card,Paid,2026-01-30
2773,2773,0.00,Cash,Pending,
2774,2774,1400.00,Insurance,Paid,2026-01-07
2775,2775,1100.00,Card,Paid,2026-01-14
2776,2776,812.50,Online,Partially Paid,2025-07-10
2777,2777,0.00,Online,Pending,
2778,2778,3450.00,Insurance,Partially Paid,2026-10-02
2779,2779,2150.00,Card,Paid,2025-09-16
2780,2780,1400.00,Cash,Paid,2026-06-08
2781,2781,0.00,Cash,Pending,
2782,2782,4200.00,Cash,Paid,2025-01-30
2783,2783,600.00,Insurance,Paid,2026-03-01
2784,2784,2550.00,Card,Paid,2024-09-11
2785,2785,1800.00,Online,Paid,2024-07-17
2786,2786,3000.00,Online,Paid,2024-07-10
2787,2787,1150.00,Online,Paid,2026-06-28
2788,2788,1250.00,Card,Paid,2025-10-30
2789,2789,800.00,Card,Paid,2026-07-01
2790,2790,2600.00,Insurance,Paid,2026-04-26
2791,2791,0.00,Card,Pending,
2792,2792,1450.00,Online,Paid,2026-09-14
2793,2793,2000.00,Online,Paid,2026-06-21
2794,2794,550.00,Cash,Paid,2024-04-15
2795,2795,0.00,Card,Pending,
2796,2796,950.00,Insurance,Paid,2026-01-22
2797,2797,6150.00,Online,Paid,2024-10-26
2798,2798,650.00,Card,Paid,2024-11-15
2799,2799,150.00,Online,Partially Paid,2025-04-05
2800,2800,1750.00,Card,Paid,2026-03-29
2801,2801,225.00,Online,Partially Paid,2025-08-16
2802,2802,2750.00,Insurance,Paid,2024-09-20
2803,2803,2150.00,Online,Paid,2026-06-24
2804,2804,1550.00,Insurance,Paid,2024-06-11
2805,2805,1912.50,Cash,Partially Paid,2024-05-27
2806,2806,500.00,Cash,Paid,2024-11-20
2807,2807,2100.00,Insurance,Paid,2026-07-08
2808,2808,900.00,Insurance,Paid,2025-12-02
2809,2809,1800.00,Cash,Paid,2025-12-27
2810,2810,2050.00,Online,Paid,2026-05-27
2811,2811,600.00,Online,Paid,2025-07-09
2812,2812,1000.00,Insurance,Paid,2026-05-16
2813,2813,950.00,Cash,Partially Paid,2026-05-14
2814,2814,1100.00,Cash,Paid,2026-01-18
2815,2815,1250.00,Card,Paid,2026-03-28
2816,2816,800.00,Online,Paid,2026-08-31
2817,2817,1700.00,Cash,Paid,2024-04-30
2818,2818,1800.00,Online,Paid,2026-04-03
2819,2819,850.00,Card,Paid,2024-05-10
2820,2820,6450.00,Cash,Paid,2024-05-06
2821,2821,0.00,Cash,Pending,
2822,2822,1550.00,Online,Paid,2025-07-15
2823,2823,1500.00,Card,Paid,2024-01-13
2824,2824,1650.00,Cash,Paid,2025-01-25
2825,2825,2900.00,Online,Paid,2025-11-13
2826,2826,1050.00,Insurance,Paid,2025-11-30
2827,2827,2250.00,Online,Paid,2025-12-03
2828,2828,750.00,Card,Partially Paid,2025-06-30
2829,2829,650.00,Cash,Paid,2025-07-04
2830,2830,3150.00,Insurance,Partially Paid,2025-06-30
2831,2831,2100.00,Online,Paid,2024-09-10
2832,2832,1450.00,Online,Paid,2025-05-21
2833,2833,1250.00,Card,Paid,2024-08-07
2834,2834,1250.00,Online,Paid,2025-03-05
2835,2835,1200.00,Cash,Paid,2025-12-14
2836,2836,3300.00,Online,Paid,2024-05-04
2837,2837,1500.00,Online,Paid,2024-06-18
2838,2838,1150.00,Insurance,Paid,2024-04-30
2839,2839,850.00,Card,Paid,2024-05-09
2840,2840,1537.50,Insurance,Partially Paid,2025-11-14
2841,2841,2250.00,Insurance,Paid,2024-07-25
2842,2842,1900.00,Insurance,Paid,2024-02-26
2843,2843,1100.00,Cash,Paid,2026-08-27
2844,2844,750.00,Cash,Paid,2024-03-02
2845,2845,1050.00,Online,Paid,2026-09-28
2846,2846,5250.00,Card,Paid,2025-06-02
2847,2847,0.00,Insurance,Pending,
2848,2848,650.00,Card,Paid,2025-09-05
2849,2849,4550.00,Insurance,Paid,2025-09-13
2850,2850,1600.00,Card,Paid,2024-02-10
2851,2851,1700.00,Card,Paid,2025-10-30
2852,2852,0.00,Insurance,Pending,
2853,2853,1900.00,Card,Paid,2024-03-20
2854,2854,1450.00,Online,Paid,2024-12-12
2855,2855,950.00,Card,Paid,2026-07-09
2856,2856,0.00,Card,Pending,
2857,2857,0.00,Cash,Pending,
2858,2858,3450.00,Insurance,Paid,2026-02-23
2859,2859,6800.00,Cash,Paid,2026-07-26
2860,2860,1000.00,Insurance,Paid,2026-09-08
2861,2861,2050.00,Cash,Paid,2024-07-22
2862,2862,1700.00,Card,Paid,2024-04-02
2863,2863,5550.00,Online,Paid,2024-03-31
2864,2864,950.00,Cash,Paid,2024-04-29
2865,2865,900.00,Insurance,Paid,2024-12-11
2866,2866,6000.00,Card,Paid,2025-01-18
2867,2867,1600.00,Cash,Paid,2025-01-27
2868,2868,3800.00,Card,Paid,2025-06-19
2869,2869,0.00,Cash,Pending,
2870,2870,1350.00,Online,Paid,2025-04-29
2871,2871,900.00,Online,Paid,2024-10-01
2872,2872,0.00,Online,Pending,
2873,2873,850.00,Online,Paid,2026-07-10
2874,2874,1250.00,Insurance,Paid,2024-11-08
2875,2875,4400.00,Card,Paid,2026-02-08
2876,2876,0.00,Online,Pending,
2877,2877,1950.00,Online,Paid,2024-11-07
2878,2878,1450.00,Online,Paid,2025-05-25
2879,2879,0.00,Insurance,Pending,
2880,2880,900.00,Card,Paid,2024-06-26
2881,2881,900.00,Cash,Paid,2026-02-08
2882,2882,650.00,Card,Paid,2025-11-16
2883,2883,0.00,Card,Pending,
2884,2884,1900.00,Online,Paid,2024-02-28
2885,2885,650.00,Card,Paid,2024-10-09
2886,2886,0.00,Card,Pending,
2887,2887,1200.00,Cash,Paid,2024-05-30
2888,2888,2250.00,Insurance,Paid,2024-06-07
2889,2889,1100.00,Cash,Paid,2026-01-01
2890,2890,1350.00,Online,Partially Paid,2026-01-01
2891,2891,800.00,Card,Paid,2025-06-02
2892,2892,1250.00,Card,Paid,2026-03-01
2893,2893,850.00,Online,Paid,2026-02-25
2894,2894,1200.00,Cash,Paid,2025-12-17
2895,2895,950.00,Insurance,Paid,2025-07-27
2896,2896,1500.00,Online,Paid,2024-12-25
2897,2897,1350.00,Online,Paid,2025-10-19
2898,2898,2850.00,Cash,Paid,2025-10-19
2899,2899,500.00,Insurance,Partially Paid,2026-05-06
2900,2900,3750.00,Online,Paid,2025-09-07
2901,2901,1050.00,Online,Paid,2025-01-11
2902,2902,1575.00,Card,Partially Paid,2026-04-01
2903,2903,1500.00,Online,Paid,2024-08-13
2904,2904,1700.00,Insurance,Paid,2024-08-09
2905,2905,850.00,Online,Paid,2025-06-13
2906,2906,525.00,Online,Partially Paid,2025-06-20
2907,2907,0.00,Cash,Pending,
2908,2908,1050.00,Online,Paid,2025-11-30
2909,2909,1050.00,Card,Paid,2024-07-18
2910,2910,3450.00,Insurance,Paid,2025-11-16
2911,2911,1212.50,Insurance,Partially Paid,2025-11-18
2912,2912,1900.00,Insurance,Paid,2024-03-13
2913,2913,900.00,Card,Paid,2026-04-02
2914,2914,2050.00,Online,Paid,2026-04-07
2915,2915,850.00,Online,Paid,2025-01-29
2916,2916,1200.00,Online,Paid,2025-02-11
2917,2917,2150.00,Insurance,Paid,2025-02-20
2918,2918,900.00,Cash,Partially Paid,2024-03-31
2919,2919,2050.00,Insurance,Paid,2024-10-29
2920,2920,0.00,Cash,Pending,
2921,2921,1400.00,Online,Paid,2024-11-14
2922,2922,0.00,Cash,Pending,
2923,2923,900.00,Cash,Paid,2025-11-24
2924,2924,950.00,Online,Paid,2026-06-23
2925,2925,0.00,Online,Pending,
2926,2926,162.50,Card,Partially Paid,2026-06-17
2927,2927,0.00,Card,Pending,
2928,2928,1350.00,Online,Paid,2025-10-11
2929,2929,1450.00,Insurance,Paid,2026-03-19
2930,2930,2350.00,Cash,Paid,2024-11-08
2931,2931,600.00,Cash,Paid,2026-03-19
2932,2932,3400.00,Online,Paid,2025-03-26
2933,2933,1200.00,Insurance,Paid,2025-03-20
2934,2934,850.00,Card,Paid,2024-09-10
2935,2935,0.00,Card,Pending,
2936,2936,1450.00,Cash,Paid,2025-01-30
2937,2937,1450.00,Insurance,Paid,2025-02-01
2938,2938,2800.00,Cash,Paid,2026-06-12
2939,2939,1000.00,Card,Paid,2025-01-19
2940,2940,800.00,Cash,Paid,2024-10-06
2941,2941,3150.00,Online,Paid,2025-05-05
2942,2942,0.00,Card,Pending,
2943,2943,700.00,Insurance,Paid,2026-06-23
2944,2944,600.00,Cash,Paid,2026-06-18
2945,2945,1525.00,Cash,Partially Paid,2026-05-26
2946,2946,0.00,Card,Pending,
2947,2947,0.00,Cash,Pending,
2948,2948,1200.00,Insurance,Paid,2026-06-30
2949,2949,287.50,Cash,Partially Paid,2024-03-01
2950,2950,1050.00,Cash,Paid,2024-07-03
2951,2951,1600.00,Insurance,Paid,2026-04-06
2952,2952,0.00,Online,Pending,
2953,2953,1750.00,Cash,Paid,2026-09-08
2954,2954,0.00,Online,Pending,
2955,2955,1650.00,Online,Paid,2026-08-16
2956,2956,0.00,Cash,Pending,
2957,2957,700.00,Card,Paid,2024-12-20
2958,2958,1500.00,Insurance,Paid,2024-03-04
2959,2959,2800.00,Insurance,Paid,2026-04-02
2960,2960,700.00,Cash,Paid,2026-03-03
2961,2961,1150.00,Card,Paid,2024-07-20
2962,2962,700.00,Online,Paid,2026-09-27
2963,2963,1800.00,Online,Paid,2026-09-27
2964,2964,2450.00,Cash,Paid,2025-05-03
2965,2965,1000.00,Cash,Paid,2024-06-25
2966,2966,1050.00,Cash,Partially Paid,2024-06-26
2967,2967,900.00,Online,Paid,2025-04-13
2968,2968,1000.00,Online,Paid,2024-02-12
2969,2969,750.00,Online,Paid,2025-07-26
2970,2970,800.00,Insurance,Paid,2025-07-19
2971,2971,950.00,Cash,Paid,2025-04-11
2972,2972,3450.00,Insurance,Paid,2024-01-26
2973,2973,687.50,Insurance,Partially Paid,2024-01-13
2974,2974,2000.00,Online,Paid,2024-12-05
2975,2975,0.00,Cash,Pending,
2976,2976,0.00,Online,Pending,
2977,2977,2700.00,Insurance,Paid,2025-04-09
2978,2978,600.00,Insurance,Paid,2024-08-06
2979,2979,1150.00,Cash,Paid,2025-03-29
2980,2980,4650.00,Online,Paid,2024-02-27
2981,2981,900.00,Cash,Paid,2026-08-26
2982,2982,1700.00,Cash,Paid,2026-08-28
2983,2983,6250.00,Online,Paid,2025-09-16
2984,2984,4900.00,Online,Paid,2024-08-12
2985,2985,1050.00,Insurance,Paid,2026-03-15
2986,2986,4650.00,Insurance,Paid,2026-03-07
2987,2987,0.00,Cash,Pending,
2988,2988,1050.00,Cash,Paid,2024-06-03
2989,2989,5250.00,Insurance,Paid,2024-06-01
2990,2990,1150.00,Cash,Paid,2024-07-28
2991,2991,0.00,Card,Pending,
2992,2992,2450.00,Insurance,Paid,2026-04-05
2993,2993,1000.00,Online,Paid,2024-06-17
2994,2994,750.00,Insurance,Paid,2024-03-19
2995,2995,2300.00,Insurance,Paid,2024-11-17
2996,2996,412.50,Card,Partially Paid,2024-05-08
2997,2997,1250.00,Insurance,Paid,2026-06-23
2998,2998,850.00,Online,Paid,2026-01-25
2999,2999,1150.00,Online,Paid,2026-03-14
3000,3000,1650.00,Card,Paid,2026-03-18
3001,3001,2150.00,Insurance,Paid,2024-08-24
3002,3002,0.00,Card,Pending,
3003,3003,1700.00,Card,Paid,2025-06-21
3004,3004,1550.00,Insurance,Paid,2025-06-26
3005,3005,2450.00,Cash,Paid,2025-01-23
3006,3006,1100.00,Insurance,Paid,2024-10-09
3007,3007,1800.00,Card,Paid,2024-10-02
3008,3008,350.00,Online,Partially Paid,2024-08-26
3009,3009,0.00,Online,Pending,
3010,3010,1400.00,Card,Paid,2024-01-24
3011,3011,900.00,Card,Paid,2024-01-23
3012,3012,812.50,Insurance,Partially Paid,2025-01-15
3013,3013,3250.00,Card,Paid,2026-07-10
3014,3014,2600.00,Card,Paid,2024-03-11
3015,3015,312.50,Card,Partially Paid,2025-03-27
3016,3016,1000.00,Online,Paid,2025-04-01
3017,3017,1450.00,Insurance,Paid,2026-09-10
3018,3018,2250.00,Card,Paid,2024-03-22
3019,3019,1300.00,Cash,Paid,2024-07-14
3020,3020,1000.00,Online,Paid,2024-06-19
3021,3021,5700.00,Online,Paid,2024-06-17
3022,3022,1050.00,Insurance,Paid,2025-12-23
3023,3023,850.00,Online,Paid,2026-08-18
3024,3024,0.00,Online,Pending,
3025,3025,850.00,Insurance,Paid,2024-01-19
3026,3026,1300.00,Online,Paid,2024-04-06
3027,3027,1500.00,Insurance,Paid,2024-11-03
3028,3028,0.00,Cash,Pending,
3029,3029,0.00,Insurance,Pending,
3030,3030,1100.00,Insurance,Paid,2025-04-30
3031,3031,2450.00,Online,Paid,2025-04-29
3032,3032,2900.00,Online,Paid,2026-03-22
3033,3033,0.00,Insurance,Pending,
3034,3034,0.00,Card,Pending,
3035,3035,1200.00,Online,Paid,2025-12-15
3036,3036,650.00,Online,Paid,2025-12-20
3037,3037,2800.00,Insurance,Paid,2024-11-06
3038,3038,1000.00,Cash,Paid,2024-02-11
3039,3039,900.00,Insurance,Paid,2024-05-17
3040,3040,4150.00,Online,Paid,2024-06-01
3041,3041,1400.00,Online,Paid,2025-12-28
3042,3042,650.00,Insurance,Paid,2025-01-29
3043,3043,650.00,Cash,Paid,2025-09-26
3044,3044,950.00,Insurance,Paid,2025-03-22
3045,3045,0.00,Online,Pending,
3046,3046,5000.00,Online,Paid,2024-06-29
3047,3047,3050.00,Card,Paid,2025-06-10
3048,3048,600.00,Insurance,Partially Paid,2024-12-01
3049,3049,637.50,Insurance,Partially Paid,2024-11-05
3050,3050,0.00,Insurance,Pending,
3051,3051,3200.00,Card,Paid,2025-03-22
3052,3052,2250.00,Online,Paid,2026-08-05
3053,3053,1100.00,Card,Paid,2026-02-26
3054,3054,1400.00,Insurance,Paid,2026-05-25
3055,3055,1750.00,Cash,Paid,2024-11-27
3056,3056,5550.00,Card,Paid,2025-05-26
3057,3057,6800.00,Card,Paid,2024-06-18
3058,3058,0.00,Insurance,Pending,
3059,3059,1550.00,Insurance,Paid,2025-09-21
3060,3060,1250.00,Online,Paid,2026-01-15
3061,3061,825.00,Online,Partially Paid,2025-09-28
3062,3062,1050.00,Card,Paid,2026-04-26
3063,3063,1350.00,Insurance,Paid,2026-01-20
3064,3064,1200.00,Online,Paid,2025-02-07
3065,3065,4000.00,Online,Paid,2026-06-07
3066,3066,1950.00,Card,Paid,2025-12-17
3067,3067,2550.00,Insurance,Paid,2025-12-08
3068,3068,1000.00,Cash,Paid,2024-03-09
3069,3069,0.00,Card,Pending,
3070,3070,237.50,Insurance,Partially Paid,2024-08-29
3071,3071,2250.00,Card,Paid,2025-12-21
3072,3072,800.00,Card,Paid,2025-12-19
3073,3073,1950.00,Cash,Paid,2026-04-22
3074,3074,2200.00,Online,Paid,2025-11-12
3075,3075,3400.00,Insurance,Paid,2024-11-17
3076,3076,900.00,Online,Paid,2025-02-24
3077,3077,0.00,Online,Pending,
3078,3078,1600.00,Online,Paid,2025-09-21
3079,3079,1650.00,Cash,Paid,2026-02-04
3080,3080,850.00,Insurance,Paid,2026-02-07
3081,3081,0.00,Card,Pending,
3082,3082,800.00,Online,Paid,2024-03-06
3083,3083,937.50,Online,Partially Paid,2024-12-22
3084,3084,1000.00,Cash,Paid,2025-01-01
3085,3085,950.00,Online,Paid,2024-08-09
3086,3086,2650.00,Cash,Paid,2026-08-14
3087,3087,6350.00,Cash,Paid,2025-12-10
3088,3088,2150.00,Insurance,Paid,2025-10-25
3089,3089,850.00,Insurance,Paid,2025-04-02
3090,3090,4700.00,Cash,Paid,2026-06-02
3091,3091,550.00,Online,Partially Paid,2026-06-03
3092,3092,1650.00,Card,Paid,2024-01-03
3093,3093,0.00,Insurance,Pending,
3094,3094,1200.00,Cash,Paid,2024-05-08
3095,3095,287.50,Insurance,Partially Paid,2024-05-11
3096,3096,0.00,Card,Pending,
3097,3097,1200.00,Cash,Paid,2024-06-23
3098,3098,1350.00,Insurance,Paid,2024-11-26
3099,3099,2200.00,Card,Paid,2024-02-26
3100,3100,2325.00,Cash,Partially Paid,2024-10-08
3101,3101,800.00,Card,Paid,2025-08-02
3102,3102,1500.00,Cash,Paid,2025-03-14
3103,3103,0.00,Card,Pending,
3104,3104,1200.00,Insurance,Paid,2025-06-13
3105,3105,1600.00,Online,Paid,2025-08-29
3106,3106,1450.00,Card,Partially Paid,2026-03-01
3107,3107,1700.00,Cash,Paid,2026-06-26
3108,3108,1450.00,Online,Paid,2025-04-10
3109,3109,1200.00,Cash,Paid,2025-08-30
3110,3110,1500.00,Card,Paid,2026-10-01
3111,3111,6850.00,Online,Paid,2024-05-27
3112,3112,600.00,Insurance,Paid,2026-02-08
3113,3113,2050.00,Online,Paid,2024-02-03
3114,3114,900.00,Card,Paid,2025-06-19
3115,3115,1000.00,Insurance,Paid,2025-06-13
3116,3116,0.00,Online,Pending,
3117,3117,2250.00,Cash,Paid,2025-02-01
3118,3118,2000.00,Online,Paid,2025-02-04
3119,3119,900.00,Insurance,Paid,2024-01-20
3120,3120,1500.00,Cash,Paid,2026-07-23
3121,3121,1200.00,Online,Paid,2025-05-24
3122,3122,2100.00,Card,Paid,2026-04-25
3123,3123,5950.00,Online,Paid,2026-04-16
3124,3124,1200.00,Card,Paid,2024-05-25
3125,3125,750.00,Insurance,Paid,2024-01-16
3126,3126,3050.00,Card,Paid,2026-05-24
3127,3127,1950.00,Card,Paid,2024-09-22
3128,3128,0.00,Online,Pending,
3129,3129,1100.00,Online,Paid,2025-03-12
3130,3130,2350.00,Online,Paid,2025-03-20
3131,3131,3000.00,Insurance,Paid,2024-07-03
3132,3132,2250.00,Insurance,Paid,2024-08-23
3133,3133,1700.00,Cash,Paid,2026-03-12
3134,3134,1550.00,Online,Paid,2024-12-09
3135,3135,1250.00,Insurance,Paid,2025-05-12
3136,3136,1550.00,Insurance,Paid,2025-05-18
3137,3137,2650.00,Cash,Paid,2024-02-03
3138,3138,2000.00,Insurance,Paid,2025-06-27
3139,3139,1600.00,Online,Paid,2026-02-16
3140,3140,1700.00,Online,Paid,2026-02-16
3141,3141,1150.00,Card,Paid,2024-11-13
3142,3142,3500.00,Online,Paid,2025-02-09
3143,3143,2600.00,Card,Paid,2024-05-01
3144,3144,2050.00,Card,Paid,2024-04-19
3145,3145,2350.00,Cash,Paid,2024-10-26
3146,3146,0.00,Card,Pending,
3147,3147,2800.00,Cash,Paid,2025-09-30
3148,3148,1050.00,Online,Paid,2026-08-21
3149,3149,1762.50,Online,Partially Paid,2026-08-18
3150,3150,0.00,Insurance,Pending,
3151,3151,750.00,Online,Partially Paid,2026-09-13
3152,3152,600.00,Cash,Paid,2026-09-17
3153,3153,4000.00,Cash,Paid,2025-09-25
3154,3154,1400.00,Online,Paid,2026-03-12
3155,3155,1600.00,Cash,Paid,2026-03-18
3156,3156,800.00,Cash,Paid,2024-01-08
3157,3157,1000.00,Insurance,Paid,2025-09-18
3158,3158,0.00,Insurance,Pending,
3159,3159,1400.00,Insurance,Paid,2025-07-27
3160,3160,1100.00,Online,Paid,2025-09-05
3161,3161,1800.00,Online,Paid,2025-11-07
3162,3162,1500.00,Cash,Paid,2025-01-10
3163,3163,2200.00,Card,Paid,2024-03-09
3164,3164,0.00,Card,Pending,
3165,3165,0.00,Card,Pending,
3166,3166,0.00,Insurance,Pending,
3167,3167,237.50,Cash,Partially Paid,2025-05-22
3168,3168,1750.00,Card,Paid,2025-05-30
3169,3169,875.00,Online,Partially Paid,2024-02-17
3170,3170,2550.00,Card,Paid,2024-02-23
3171,3171,5300.00,Cash,Paid,2026-02-07
3172,3172,1250.00,Insurance,Paid,2024-06-03
3173,3173,6700.00,Card,Paid,2025-11-06
3174,3174,1000.00,Online,Paid,2025-04-20
3175,3175,1700.00,Cash,Paid,2026-01-18
3176,3176,1500.00,Card,Paid,2024-04-29
3177,3177,1450.00,Card,Paid,2025-03-29
3178,3178,2200.00,Cash,Paid,2025-02-08
3179,3179,6450.00,Online,Paid,2026-02-12
3180,3180,1300.00,Insurance,Paid,2024-11-29
3181,3181,0.00,Insurance,Pending,
3182,3182,1700.00,Insurance,Paid,2025-04-27
3183,3183,2300.00,Online,Paid,2024-03-06
3184,3184,1300.00,Cash,Paid,2025-01-26
3185,3185,300.00,Card,Partially Paid,2025-03-03
3186,3186,1250.00,Online,Paid,2025-04-03
3187,3187,3700.00,Insurance,Paid,2026-05-31
3188,3188,1100.00,Card,Paid,2026-04-04
3189,3189,5700.00,Card,Paid,2024-12-02
3190,3190,3300.00,Cash,Paid,2024-09-18
3191,3191,1050.00,Card,Paid,2024-09-21
3192,3192,600.00,Card,Partially Paid,2025-06-30
3193,3193,3412.50,Card,Partially Paid,2025-07-04
3194,3194,450.00,Insurance,Partially Paid,2025-03-12
3195,3195,2300.00,Insurance,Paid,2025-01-14
3196,3196,900.00,Cash,Paid,2024-02-28
3197,3197,2550.00,Insurance,Paid,2025-10-25
3198,3198,0.00,Online,Pending,
3199,3199,1650.00,Insurance,Paid,2024-06-23
3200,3200,1000.00,Cash,Paid,2024-06-11
3201,3201,3500.00,Online,Paid,2024-04-27
3202,3202,1300.00,Insurance,Paid,2024-05-06
3203,3203,3050.00,Card,Paid,2024-03-22
3204,3204,950.00,Cash,Paid,2025-12-08
3205,3205,1350.00,Insurance,Paid,2026-08-22
3206,3206,1250.00,Card,Paid,2025-10-20
3207,3207,3100.00,Cash,Paid,2025-03-11
3208,3208,850.00,Cash,Paid,2025-08-22
3209,3209,2175.00,Cash,Partially Paid,2025-11-25
3210,3210,975.00,Card,Partially Paid,2024-01-13
3211,3211,1200.00,Card,Paid,2024-07-31
3212,3212,2100.00,Online,Paid,2024-08-02
3213,3213,2500.00,Online,Paid,2026-05-01
3214,3214,3050.00,Cash,Paid,2026-05-02
3215,3215,800.00,Insurance,Paid,2026-08-15
3216,3216,850.00,Card,Paid,2024-02-27
3217,3217,1000.00,Insurance,Paid,2025-02-11
3218,3218,850.00,Online,Paid,2025-02-10
3219,3219,4850.00,Insurance,Paid,2026-06-24
3220,3220,3300.00,Insurance,Paid,2026-06-27
3221,3221,1000.00,Online,Paid,2026-08-24
3222,3222,5550.00,Card,Paid,2025-08-22
3223,3223,1550.00,Card,Paid,2025-11-20
3224,3224,1050.00,Cash,Paid,2026-09-17
3225,3225,1200.00,Cash,Paid,2026-09-22
3226,3226,2900.00,Cash,Paid,2026-07-29
3227,3227,950.00,Online,Paid,2024-03-02
3228,3228,1200.00,Card,Paid,2024-06-20
3229,3229,212.50,Cash,Partially Paid,2026-06-13
3230,3230,750.00,Card,Paid,2026-06-20
3231,3231,1200.00,Insurance,Partially Paid,2025-11-10
3232,3232,6550.00,Online,Paid,2024-09-13
3233,3233,2250.00,Online,Paid,2024-09-04
3234,3234,900.00,Insurance,Paid,2024-10-22
3235,3235,2350.00,Online,Paid,2024-10-18
3236,3236,0.00,Online,Pending,
3237,3237,0.00,Online,Pending,
3238,3238,1750.00,Online,Paid,2024-04-29
3239,3239,1500.00,Card,Paid,2024-04-29
3240,3240,1550.00,Card,Paid,2026-01-01
3241,3241,1400.00,Insurance,Paid,2024-07-04
3242,3242,1200.00,Online,Paid,2025-03-08
3243,3243,900.00,Cash,Paid,2025-03-10
3244,3244,2300.00,Insurance,Paid,2024-03-15
3245,3245,600.00,Cash,Paid,2026-09-04
3246,3246,5350.00,Insurance,Paid,2025-06-28
3247,3247,3000.00,Card,Partially Paid,2025-06-28
3248,3248,1800.00,Cash,Paid,2026-03-23
3249,3249,4350.00,Card,Paid,2024-03-01
3250,3250,0.00,Insurance,Pending,
3251,3251,0.00,Insurance,Pending,
3252,3252,0.00,Cash,Pending,
3253,3253,1025.00,Online,Partially Paid,2025-12-08
3254,3254,3225.00,Online,Partially Paid,2025-08-28
3255,3255,900.00,Cash,Paid,2025-08-29
3256,3256,1300.00,Insurance,Paid,2024-03-05
3257,3257,800.00,Online,Paid,2024-02-03
3258,3258,1850.00,Insurance,Paid,2025-08-14
3259,3259,500.00,Insurance,Paid,2026-08-18
3260,3260,1250.00,Cash,Paid,2025-10-24
3261,3261,0.00,Online,Pending,
3262,3262,3300.00,Online,Paid,2024-06-22
3263,3263,3400.00,Online,Paid,2025-04-25
3264,3264,1550.00,Insurance,Paid,2025-11-23
3265,3265,3650.00,Card,Paid,2025-05-21
3266,3266,1500.00,Cash,Paid,2025-12-08
3267,3267,0.00,Cash,Pending,
3268,3268,3150.00,Online,Paid,2025-11-14
3269,3269,1750.00,Card,Paid,2024-04-06
3270,3270,0.00,Insurance,Pending,
3271,3271,600.00,Insurance,Paid,2024-11-08
3272,3272,0.00,Cash,Pending,
3273,3273,6400.00,Insurance,Paid,2025-08-01
3274,3274,3500.00,Insurance,Paid,2024-11-09
3275,3275,1800.00,Card,Paid,2024-10-29
3276,3276,1150.00,Cash,Paid,2026-04-02
3277,3277,950.00,Cash,Paid,2024-04-16
3278,3278,550.00,Insurance,Paid,2024-05-13
3279,3279,2400.00,Insurance,Paid,2024-05-19
3280,3280,1100.00,Card,Paid,2025-09-14
3281,3281,0.00,Insurance,Pending,
3282,3282,1700.00,Insurance,Paid,2024-12-21
3283,3283,1400.00,Insurance,Paid,2025-03-11
3284,3284,1200.00,Card,Paid,2026-08-20
3285,3285,1350.00,Cash,Paid,2024-01-22
3286,3286,800.00,Cash,Paid,2025-12-17
3287,3287,6050.00,Insurance,Paid,2025-09-29
3288,3288,5000.00,Cash,Paid,2026-07-30
3289,3289,2150.00,Insurance,Paid,2025-04-12
3290,3290,6300.00,Online,Paid,2025-04-04
3291,3291,2550.00,Insurance,Paid,2025-06-21
3292,3292,2850.00,Cash,Partially Paid,2026-02-09
3293,3293,2100.00,Insurance,Paid,2024-10-18
3294,3294,1750.00,Insurance,Paid,2024-06-18
3295,3295,1150.00,Card,Paid,2025-05-12
3296,3296,6800.00,Card,Paid,2025-08-09
3297,3297,0.00,Card,Pending,
3298,3298,1100.00,Insurance,Paid,2024-09-21
3299,3299,1100.00,Insurance,Paid,2026-07-16
3300,3300,0.00,Cash,Pending,
3301,3301,0.00,Card,Pending,
3302,3302,1850.00,Cash,Paid,2024-06-12
3303,3303,2800.00,Insurance,Paid,2024-06-12
3304,3304,1400.00,Card,Paid,2025-09-07
3305,3305,700.00,Cash,Paid,2025-03-22
3306,3306,1700.00,Insurance,Paid,2024-01-06
3307,3307,2000.00,Card,Paid,2025-03-15
3308,3308,1150.00,Cash,Paid,2024-05-26
3309,3309,1450.00,Card,Paid,2026-08-22
3310,3310,1300.00,Insurance,Paid,2025-02-19
3311,3311,1350.00,Card,Paid,2026-01-29
3312,3312,1750.00,Online,Paid,2026-02-17
3313,3313,0.00,Cash,Pending,
3314,3314,0.00,Online,Pending,
3315,3315,950.00,Cash,Paid,2025-09-03
3316,3316,700.00,Card,Paid,2026-07-27
3317,3317,4250.00,Online,Paid,2026-02-06
3318,3318,0.00,Insurance,Pending,
3319,3319,0.00,Online,Pending,
3320,3320,3400.00,Insurance,Paid,2024-04-26
3321,3321,1150.00,Card,Paid,2025-09-21
3322,3322,0.00,Online,Pending,
3323,3323,0.00,Insurance,Pending,
3324,3324,3000.00,Insurance,Paid,2026-06-09
3325,3325,850.00,Online,Paid,2026-04-08
3326,3326,1250.00,Card,Paid,2026-03-27
3327,3327,950.00,Cash,Paid,2024-10-28
3328,3328,3500.00,Card,Paid,2025-05-01
3329,3329,1050.00,Insurance,Paid,2025-05-07
3330,3330,0.00,Cash,Pending,
3331,3331,6350.00,Cash,Paid,2026-03-18
3332,3332,1700.00,Card,Paid,2026-03-15
3333,3333,1000.00,Insurance,Paid,2026-01-04
3334,3334,6400.00,Online,Paid,2026-03-04
3335,3335,1300.00,Online,Paid,2024-04-27
3336,3336,975.00,Insurance,Partially Paid,2025-08-16
3337,3337,0.00,Card,Pending,
3338,3338,1300.00,Cash,Paid,2025-04-10
3339,3339,1200.00,Online,Paid,2024-08-06
3340,3340,1300.00,Insurance,Paid,2024-05-18
3341,3341,1700.00,Insurance,Paid,2024-05-30
3342,3342,1950.00,Card,Paid,2024-05-31
3343,3343,937.50,Insurance,Partially Paid,2026-03-15
3344,3344,1300.00,Card,Paid,2026-05-06
3345,3345,1750.00,Online,Paid,2024-10-24
3346,3346,1600.00,Card,Paid,2025-11-24
3347,3347,1950.00,Card,Paid,2025-11-24
3348,3348,750.00,Cash,Paid,2024-05-30
3349,3349,0.00,Insurance,Pending,
3350,3350,6250.00,Cash,Paid,2025-08-31
3351,3351,0.00,Insurance,Pending,
3352,3352,0.00,Card,Pending,
3353,3353,2600.00,Cash,Paid,2025-07-09
3354,3354,1800.00,Insurance,Paid,2026-08-05
3355,3355,3500.00,Card,Paid,2024-07-24
3356,3356,1950.00,Online,Paid,2025-10-16
3357,3357,2300.00,Card,Paid,2026-08-30
3358,3358,1450.00,Card,Paid,2026-09-10
3359,3359,1500.00,Cash,Paid,2024-12-14
3360,3360,6250.00,Card,Paid,2024-07-19
3361,3361,250.00,Cash,Partially Paid,2025-01-21
3362,3362,0.00,Cash,Pending,
3363,3363,1000.00,Cash,Paid,2025-08-27
3364,3364,3450.00,Cash,Paid,2024-10-28
3365,3365,1400.00,Online,Paid,2024-02-03
3366,3366,1500.00,Card,Paid,2025-09-15
3367,3367,650.00,Card,Paid,2025-09-15
3368,3368,1100.00,Insurance,Paid,2024-02-08
3369,3369,1150.00,Insurance,Paid,2024-01-08
3370,3370,1850.00,Insurance,Paid,2024-01-22
3371,3371,562.50,Online,Partially Paid,2024-09-14
3372,3372,525.00,Card,Partially Paid,2025-02-26
3373,3373,0.00,Card,Pending,
3374,3374,1450.00,Cash,Paid,2025-10-13
3375,3375,362.50,Online,Partially Paid,2025-10-08
3376,3376,1000.00,Insurance,Paid,2024-05-04
3377,3377,3250.00,Cash,Paid,2024-05-03
3378,3378,2250.00,Card,Paid,2026-09-08
3379,3379,287.50,Online,Partially Paid,2025-10-10
3380,3380,1400.00,Insurance,Paid,2024-01-07
3381,3381,6450.00,Online,Paid,2026-06-17
3382,3382,0.00,Online,Pending,
