treatment_id,appointment_id,treatment_name,treatment_cost,treatment_date
1,4046,Consultation,1000.00,2025-10-04
2,4421,Blood test,1250.00,2025-12-09
3,4989,Physiotherapy session,750.00,2024-11-05
4,4268,X-ray,950.00,2025-06-16
5,3072,Ultrasound,1850.00,2026-08-26
6,1028,Physiotherapy session,1700.00,2024-10-05
7,3809,ECG,2250.00,2025-02-09
8,1190,X-ray,1000.00,2024-08-21
9,416,Consultation,1350.00,2026-04-27
10,2038,Consultation,1250.00,2026-02-05
11,3753,Physiotherapy session,1450.00,2024-08-16
12,475,Physiotherapy session,1200.00,2024-09-13
13,3358,Ultrasound,2700.00,2026-08-25
14,533,Consultation,950.00,2024-08-29
15,2298,Blood test,1450.00,2025-12-24
16,4076,Ultrasound,2200.00,2024-02-27
17,3505,Blood test,650.00,2026-07-15
18,3844,Minor procedure,4850.00,2024-10-03
19,1733,ECG,1500.00,2024-07-30
20,3825,Blood test,800.00,2025-04-09
21,4926,Blood test,950.00,2026-09-11
22,2934,Consultation,1150.00,2024-08-11
23,3014,Consultation,1100.00,2024-08-09
24,4769,Consultation,1100.00,2026-09-19
25,436,Minor procedure,6500.00,2024-04-14
26,2028,Vision examination,1250.00,2025-01-04
27,2474,Physiotherapy session,1150.00,2025-12-07
28,2121,Ultrasound,2000.00,2025-07-21
29,4509,Vision examination,950.00,2025-02-19
30,534,Consultation,1100.00,2026-01-08
31,4339,ECG,1750.00,2026-03-24
32,1110,X-ray,2050.00,2026-02-20
33,1110,Minor procedure,5700.00,2026-02-20
34,1035,Blood test,750.00,2026-09-01
35,2989,Ultrasound,3250.00,2024-11-22
36,3347,Ultrasound,3500.00,2026-05-09
37,2974,Minor procedure,6450.00,2026-09-20
38,2974,Blood test,1650.00,2026-09-20
39,2739,Minor procedure,5000.00,2025-07-02
40,1626,Ultrasound,2950.00,2024-10-29
41,3460,X-ray,2200.00,2025-12-06
42,2534,Blood test,1050.00,2025-03-26
43,2534,ECG,1650.00,2025-03-26
44,3208,Minor procedure,4600.00,2025-05-06
45,1401,Blood test,1300.00,2025-10-18
46,3580,Minor procedure,2750.00,2026-02-06
47,1295,Physiotherapy session,1400.00,2024-01-14
48,2811,X-ray,1550.00,2025-08-01
49,4541,Minor procedure,2750.00,2025-04-20
50,3359,Consultation,800.00,2025-11-17
51,4348,Blood test,1200.00,2025-01-20
52,3211,Vision examination,950.00,2025-07-15
53,3989,Consultation,1300.00,2024-06-17
54,2326,X-ray,1950.00,2024-03-08
55,3147,ECG,2450.00,2026-03-09
56,4217,Ultrasound,2700.00,2024-07-01
57,4217,Vision examination,1100.00,2024-07-01
58,4521,Ultrasound,2150.00,2025-02-08
59,4764,X-ray,2250.00,2025-02-25
60,334,Physiotherapy session,1450.00,2024-08-25
61,4429,Blood test,1050.00,2026-09-14
62,826,Physiotherapy session,1500.00,2024-08-19
63,918,Vision examination,750.00,2026-06-13
64,958,Physiotherapy session,1750.00,2026-09-03
65,3626,Physiotherapy session,1550.00,2025-11-27
66,1786,X-ray,1500.00,2025-10-23
67,1384,Minor procedure,6100.00,2024-01-07
68,590,Blood test,600.00,2024-01-23
69,4202,Physiotherapy session,1000.00,2024-10-24
70,2414,Minor procedure,2950.00,2024-09-26
71,3656,Physiotherapy session,800.00,2026-03-04
72,2512,ECG,2200.00,2024-01-29
73,2512,Physiotherapy session,1600.00,2024-01-29
74,3064,Ultrasound,3350.00,2024-01-29
75,874,Physiotherapy session,1600.00,2026-04-11
76,4841,Vision examination,1400.00,2025-09-05
77,4762,X-ray,1000.00,2024-07-11
78,4484,Consultation,1050.00,2024-01-08
79,1968,Ultrasound,2250.00,2026-01-17
80,1124,ECG,1450.00,2026-06-10
81,4091,Blood test,1150.00,2025-11-16
82,1309,Blood test,700.00,2026-05-26
83,4976,Consultation,850.00,2024-10-25
84,4128,Blood test,1700.00,2024-08-29
85,296,Physiotherapy session,1050.00,2024-07-06
86,866,Consultation,1450.00,2025-08-03
87,2471,X-ray,2150.00,2026-02-05
88,4401,ECG,1450.00,2024-12-27
89,35,Minor procedure,5150.00,2026-03-22
90,615,Minor procedure,5600.00,2025-07-17
91,4657,Ultrasound,2100.00,2024-03-23
92,3101,Blood test,500.00,2026-08-13
93,822,Consultation,950.00,2024-04-07
94,1546,X-ray,900.00,2024-08-22
95,1546,X-ray,2100.00,2024-08-22
96,66,ECG,2300.00,2024-09-24
97,4364,Physiotherapy session,1000.00,2025-12-22
98,2914,X-ray,2150.00,2024-01-28
99,2746,Blood test,1350.00,2025-02-02
100,4558,Consultation,950.00,2026-05-27
101,2488,Physiotherapy session,1750.00,2024-06-30
102,1536,Physiotherapy session,900.00,2025-07-10
103,1889,X-ray,2350.00,2026-07-15
104,1526,Blood test,1600.00,2026-01-03
105,2753,ECG,2000.00,2025-09-07
106,1002,Consultation,1400.00,2026-02-01
107,2666,Physiotherapy session,1050.00,2025-12-03
108,500,Ultrasound,3100.00,2025-12-15
109,2122,X-ray,1150.00,2024-11-13
110,2122,Physiotherapy session,1200.00,2024-11-13
111,4531,Consultation,950.00,2026-02-17
112,3699,Consultation,1350.00,2024-04-17
113,2030,Ultrasound,1650.00,2024-12-23
114,1752,X-ray,1450.00,2025-02-26
115,3187,Blood test,1550.00,2024-05-16
116,4939,Minor procedure,3300.00,2024-08-03
117,4145,Minor procedure,5150.00,2026-04-17
118,3033,Minor procedure,2800.00,2024-07-20
119,3033,X-ray,950.00,2024-07-20
120,1600,Consultation,1150.00,2025-01-03
121,4371,Physiotherapy session,1200.00,2024-07-09
122,4371,ECG,1650.00,2024-07-09
123,782,Blood test,1300.00,2024-01-08
124,3085,X-ray,1700.00,2025-06-22
125,102,Consultation,1500.00,2025-04-27
126,102,Blood test,1000.00,2025-04-27
127,947,Vision examination,1350.00,2024-02-23
128,1572,X-ray,1500.00,2024-10-12
129,3928,Minor procedure,5300.00,2024-06-15
130,3198,ECG,1400.00,2026-09-23
131,2726,Physiotherapy session,850.00,2024-04-17
132,1840,Ultrasound,3400.00,2024-10-24
133,1316,ECG,2100.00,2024-09-08
134,1316,Ultrasound,3350.00,2024-09-08
135,2417,Ultrasound,2200.00,2024-07-22
136,3777,Ultrasound,2600.00,2026-09-22
137,3232,Physiotherapy session,1300.00,2024-09-10
138,1854,Physiotherapy session,1200.00,2024-06-27
139,3086,Consultation,1350.00,2024-03-10
140,3086,Blood test,1600.00,2024-03-10
141,3261,Physiotherapy session,1400.00,2025-02-25
142,2941,X-ray,1800.00,2024-02-13
143,2941,Minor procedure,6250.00,2024-02-13
144,1383,Consultation,1500.00,2026-01-11
145,2728,Blood test,700.00,2026-07-30
146,3421,Physiotherapy session,850.00,2025-01-18
147,3421,Minor procedure,6750.00,2025-01-18
148,2285,Vision examination,650.00,2025-01-05
149,2285,Vision examination,800.00,2025-01-05
150,3673,X-ray,2350.00,2025-11-13
151,3673,X-ray,1750.00,2025-11-13
152,1948,Consultation,1400.00,2024-07-01
153,1948,Physiotherapy session,1300.00,2024-07-01
154,1957,X-ray,1600.00,2024-06-02
155,3345,Vision examination,950.00,2026-07-10
156,3345,Ultrasound,2400.00,2026-07-10
157,4843,Physiotherapy session,1250.00,2024-11-14
158,993,Blood test,1400.00,2025-03-16
159,993,Consultation,1050.00,2025-03-16
160,340,Vision examination,1050.00,2024-10-16
161,1795,Physiotherapy session,1450.00,2024-09-03
162,4272,Physiotherapy session,1400.00,2024-01-25
163,2286,Physiotherapy session,1100.00,2024-11-03
164,3974,Minor procedure,4200.00,2024-12-16
165,3974,Physiotherapy session,1550.00,2024-12-16
166,3275,X-ray,2000.00,2025-08-02
167,4839,Physiotherapy session,1550.00,2026-01-15
168,1793,Minor procedure,3850.00,2025-01-13
169,4850,ECG,1850.00,2024-09-05
170,759,Minor procedure,4200.00,2026-03-19
171,4738,Consultation,1250.00,2025-07-26
172,4134,Consultation,1450.00,2026-07-28
173,4134,Blood test,1700.00,2026-07-28
174,3088,Minor procedure,6350.00,2026-09-22
175,3088,Vision examination,600.00,2026-09-22
176,2635,Consultation,1500.00,2025-08-20
177,2635,Consultation,1150.00,2025-08-20
178,4395,Minor procedure,4100.00,2025-03-10
179,3634,X-ray,1900.00,2024-08-10
180,896,X-ray,2250.00,2025-12-15
181,4086,Consultation,1200.00,2025-12-11
182,3791,Blood test,1400.00,2026-02-05
183,3791,Minor procedure,6150.00,2026-02-05
184,4814,X-ray,1100.00,2025-10-01
185,4814,Blood test,800.00,2025-10-01
186,3830,Ultrasound,2150.00,2024-06-05
187,3830,Minor procedure,6500.00,2024-06-05
188,2845,Consultation,950.00,2025-12-17
189,2845,Minor procedure,6300.00,2025-12-17
190,2715,Ultrasound,2100.00,2025-11-06
191,380,ECG,1700.00,2024-02-11
192,4078,Consultation,1350.00,2026-05-23
193,2936,ECG,1550.00,2026-01-23
194,1486,Physiotherapy session,1400.00,2024-01-20
195,4619,Physiotherapy session,950.00,2026-03-17
196,1687,Minor procedure,2950.00,2024-06-30
197,2429,Consultation,1300.00,2026-05-01
198,3372,Vision examination,900.00,2025-09-05
199,2757,X-ray,900.00,2026-06-20
200,4085,Physiotherapy session,1050.00,2024-11-06
201,2738,X-ray,1900.00,2024-05-12
202,2277,Vision examination,600.00,2025-10-29
203,1997,X-ray,1700.00,2024-05-12
204,1934,Blood test,1050.00,2025-06-18
205,1934,Ultrasound,3350.00,2025-06-18
206,1725,X-ray,1250.00,2025-09-23
207,2310,Vision examination,1400.00,2024-02-23
208,2310,Physiotherapy session,750.00,2024-02-23
209,1433,Physiotherapy session,1400.00,2025-03-29
210,4000,ECG,2400.00,2024-07-07
211,1663,ECG,2000.00,2024-10-27
212,3146,Consultation,1050.00,2026-06-13
213,3769,ECG,1550.00,2026-07-23
214,3730,Physiotherapy session,700.00,2024-06-27
215,3730,Physiotherapy session,1400.00,2024-06-27
216,972,ECG,1600.00,2026-03-28
217,991,ECG,1800.00,2026-07-07
218,1038,Vision examination,700.00,2025-08-30
219,4365,Physiotherapy session,1450.00,2025-02-03
220,2820,Ultrasound,2600.00,2025-07-31
221,2820,X-ray,1600.00,2025-07-31
222,3906,Vision examination,1050.00,2024-04-25
223,3906,Ultrasound,3250.00,2024-04-25
224,4664,Minor procedure,3350.00,2026-09-20
225,520,Consultation,1350.00,2025-12-30
226,374,Blood test,1700.00,2025-04-01
227,872,Physiotherapy session,1450.00,2026-09-03
228,1973,Minor procedure,2950.00,2025-11-04
229,4629,Physiotherapy session,1450.00,2024-09-25
230,2046,Physiotherapy session,1550.00,2026-04-30
231,2046,Consultation,1250.00,2026-04-30
232,4333,X-ray,1000.00,2025-11-03
233,3627,Physiotherapy session,1200.00,2025-09-10
234,395,Vision examination,1100.00,2024-04-03
235,395,Physiotherapy session,750.00,2024-04-03
236,4464,Minor procedure,4900.00,2026-06-17
237,1103,X-ray,2100.00,2024-07-22
238,1523,Ultrasound,2750.00,2026-01-27
239,1523,ECG,1600.00,2026-01-27
240,899,Minor procedure,2950.00,2026-06-22
241,4491,Minor procedure,5500.00,2026-09-01
242,278,ECG,1800.00,2024-02-20
243,3937,X-ray,2150.00,2026-03-11
244,2765,ECG,1900.00,2024-02-07
245,2903,Physiotherapy session,950.00,2025-12-12
246,2903,Physiotherapy session,1600.00,2025-12-12
247,4785,ECG,2600.00,2026-06-06
248,834,Minor procedure,6650.00,2024-08-05
249,834,Ultrasound,3100.00,2024-08-05
250,2329,ECG,1850.00,2025-05-21
251,3325,X-ray,2350.00,2025-02-01
252,4628,ECG,2350.00,2026-04-28
253,907,ECG,2300.00,2026-02-17
254,4676,Consultation,1450.00,2024-08-06
255,963,Ultrasound,1900.00,2025-09-06
256,3110,Ultrasound,1800.00,2024-08-02
257,2611,Minor procedure,5900.00,2026-05-01
258,3959,Consultation,1500.00,2026-03-27
259,4701,Consultation,950.00,2025-04-23
260,954,Vision examination,900.00,2025-11-06
261,954,Minor procedure,6750.00,2025-11-06
262,2134,Ultrasound,3000.00,2024-09-30
263,4623,Physiotherapy session,1250.00,2026-05-12
264,4704,Physiotherapy session,1700.00,2025-08-09
265,3706,Minor procedure,2850.00,2026-05-09
266,3039,Physiotherapy session,1550.00,2025-11-27
267,3039,Minor procedure,4950.00,2025-11-27
268,184,Ultrasound,3000.00,2026-09-24
269,98,ECG,1500.00,2025-10-20
270,1194,Minor procedure,5950.00,2025-05-04
271,1194,Vision examination,850.00,2025-05-04
272,2999,Ultrasound,2850.00,2026-09-19
273,2003,X-ray,1500.00,2024-05-23
274,4901,X-ray,900.00,2025-02-19
275,4477,Consultation,850.00,2025-02-25
276,775,ECG,2000.00,2024-04-26
277,1597,X-ray,2000.00,2024-06-21
278,3490,Ultrasound,3150.00,2025-01-24
279,3490,Ultrasound,3400.00,2025-01-24
280,3834,X-ray,1300.00,2025-08-19
281,3834,X-ray,2250.00,2025-08-19
282,4203,Consultation,1350.00,2025-05-16
283,342,Physiotherapy session,1350.00,2024-01-19
284,1045,ECG,2000.00,2024-07-21
285,1299,Ultrasound,1800.00,2026-04-14
286,4411,Minor procedure,5400.00,2024-01-27
287,4411,Physiotherapy session,900.00,2024-01-27
288,3485,Blood test,1700.00,2024-01-12
289,4683,Ultrasound,3250.00,2025-09-13
290,4160,Physiotherapy session,750.00,2025-12-31
291,4160,Consultation,900.00,2025-12-31
292,3295,Blood test,1200.00,2025-04-04
293,1310,X-ray,1700.00,2026-09-09
294,4721,Physiotherapy session,900.00,2025-04-14
295,2482,Physiotherapy session,1300.00,2026-06-26
296,3722,Ultrasound,2600.00,2025-02-15
297,3426,Blood test,1150.00,2025-07-06
298,560,Ultrasound,2050.00,2025-05-04
299,2939,Minor procedure,4200.00,2025-02-18
300,3451,Consultation,1150.00,2025-02-14
301,2066,Consultation,1300.00,2026-07-10
302,2066,Vision examination,850.00,2026-07-10
303,3618,ECG,1550.00,2024-08-11
304,1,Minor procedure,6550.00,2025-06-16
305,1,Consultation,1450.00,2025-06-16
306,36,Ultrasound,3300.00,2025-07-15
307,4298,X-ray,2100.00,2025-10-13
308,4074,Ultrasound,3050.00,2025-12-10
309,4458,Ultrasound,1800.00,2024-05-13
310,1794,ECG,1650.00,2026-01-17
311,592,ECG,1200.00,2025-12-14
312,232,Blood test,1050.00,2025-02-25
313,232,ECG,1250.00,2025-02-25
314,3892,Minor procedure,3350.00,2024-01-03
315,80,Physiotherapy session,1550.00,2024-03-29
316,4026,ECG,1850.00,2026-08-27
317,1525,Consultation,1450.00,2025-12-05
318,1525,Minor procedure,2850.00,2025-12-05
319,1474,ECG,1600.00,2026-09-06
320,2001,X-ray,2300.00,2026-03-06
321,3143,X-ray,2200.00,2025-07-14
322,2983,ECG,1950.00,2025-08-30
323,3186,ECG,2450.00,2026-02-03
324,4414,Ultrasound,2500.00,2026-03-02
325,3454,X-ray,1650.00,2024-04-20
326,1005,X-ray,1850.00,2026-08-29
327,1416,Minor procedure,5850.00,2024-06-22
328,2841,Consultation,1200.00,2026-06-20
329,3839,Blood test,950.00,2025-01-03
330,3573,ECG,2100.00,2025-04-02
331,2183,Consultation,1050.00,2026-03-09
332,3796,Vision examination,750.00,2025-10-16
333,2026,Minor procedure,3250.00,2025-06-04
334,2026,ECG,1500.00,2025-06-04
335,4398,Consultation,1250.00,2025-04-14
336,4398,Consultation,1150.00,2025-04-14
337,2078,X-ray,1800.00,2025-08-23
338,331,Blood test,1250.00,2025-08-22
339,331,Ultrasound,1600.00,2025-08-22
340,3394,Minor procedure,5000.00,2026-08-06
341,3366,Ultrasound,3250.00,2025-12-01
342,1800,Vision examination,900.00,2025-02-13
343,4996,Physiotherapy session,1300.00,2026-07-02
344,1799,ECG,1550.00,2025-05-25
345,1799,Physiotherapy session,1300.00,2025-05-25
346,2288,Vision examination,1000.00,2024-01-09
347,85,Blood test,1350.00,2024-03-12
348,85,Consultation,950.00,2024-03-12
349,3592,ECG,1750.00,2026-08-20
350,444,Ultrasound,1600.00,2024-11-14
351,444,Ultrasound,2250.00,2024-11-14
352,1588,Blood test,1100.00,2025-09-23
353,1362,Minor procedure,5550.00,2024-03-15
354,2314,Physiotherapy session,1350.00,2025-06-30
355,4360,Consultation,950.00,2024-03-20
356,2874,X-ray,1500.00,2024-06-25
357,2874,Vision examination,1400.00,2024-06-25
358,52,Ultrasound,3350.00,2026-05-30
359,2880,Vision examination,1200.00,2025-06-12
360,155,X-ray,2100.00,2025-05-12
361,4733,Minor procedure,4000.00,2026-04-07
362,4733,Minor procedure,3350.00,2026-04-07
363,2265,Physiotherapy session,750.00,2024-02-25
364,1569,Minor procedure,3700.00,2026-09-25
365,4056,Vision examination,950.00,2026-07-03
366,4751,Blood test,600.00,2024-09-27
367,4529,Vision examination,1050.00,2024-05-30
368,860,Vision examination,900.00,2024-05-31
369,2970,Vision examination,650.00,2026-05-19
370,877,Consultation,1250.00,2025-03-02
371,627,Ultrasound,2750.00,2025-12-04
372,627,Physiotherapy session,1200.00,2025-12-04
373,2588,X-ray,1850.00,2026-03-27
374,4042,Consultation,1300.00,2025-06-21
375,4352,Consultation,1050.00,2024-01-29
376,3149,Physiotherapy session,1550.00,2024-09-05
377,693,Consultation,1200.00,2024-03-12
378,693,Consultation,1000.00,2024-03-12
379,2693,Vision examination,1100.00,2025-06-18
380,2937,X-ray,950.00,2024-08-08
381,1179,ECG,2450.00,2025-09-14
382,1178,Vision examination,1300.00,2025-05-01
383,420,Physiotherapy session,1600.00,2025-05-19
384,4886,Vision examination,850.00,2024-01-08
385,1545,Blood test,650.00,2026-03-02
386,4533,Minor procedure,5300.00,2024-08-10
387,2628,Blood test,700.00,2026-03-23
388,1470,ECG,2050.00,2024-07-28
389,846,ECG,2500.00,2025-10-23
390,2088,ECG,2550.00,2026-03-17
391,4627,Minor procedure,6650.00,2024-10-14
392,713,Blood test,1450.00,2026-04-01
393,4185,Blood test,1650.00,2024-12-27
394,3230,Minor procedure,4850.00,2025-03-14
395,4880,Consultation,1350.00,2024-09-11
396,89,Physiotherapy session,1000.00,2026-08-13
397,2932,Physiotherapy session,1450.00,2025-06-27
398,2124,Physiotherapy session,1650.00,2025-11-23
399,2749,Blood test,900.00,2024-01-05
400,3354,Consultation,1350.00,2024-01-03
401,3354,Ultrasound,1700.00,2024-01-03
402,3975,Consultation,900.00,2025-01-08
403,4384,Blood test,550.00,2025-02-13
404,2759,Consultation,1150.00,2024-09-09
405,4590,ECG,2100.00,2024-08-05
406,1838,ECG,2350.00,2026-04-17
407,3120,Minor procedure,4450.00,2026-01-25
408,1026,Ultrasound,2400.00,2026-02-12
409,3500,ECG,2600.00,2024-12-14
410,2262,Vision examination,900.00,2024-03-09
411,492,Minor procedure,4250.00,2024-05-13
412,2722,Vision examination,950.00,2024-11-14
413,2460,Consultation,1450.00,2024-02-13
414,2460,Minor procedure,3700.00,2024-02-13
415,3692,Consultation,1400.00,2026-05-20
416,3692,Physiotherapy session,1800.00,2026-05-20
417,181,Minor procedure,3700.00,2024-05-07
418,629,Blood test,1250.00,2025-12-24
419,629,Ultrasound,2300.00,2025-12-24
420,2754,ECG,1750.00,2024-04-13
421,1070,Consultation,1000.00,2026-07-21
422,2885,Physiotherapy session,1750.00,2024-10-27
423,442,Minor procedure,3400.00,2025-05-07
424,4434,Vision examination,750.00,2024-10-05
425,2555,Vision examination,750.00,2026-03-24
426,3774,Minor procedure,2550.00,2026-03-21
427,1899,Ultrasound,2150.00,2024-03-27
428,1220,Consultation,1350.00,2026-06-13
429,4885,Blood test,1250.00,2026-02-04
430,1863,ECG,2550.00,2026-03-06
431,4413,Ultrasound,2350.00,2026-01-25
432,4143,X-ray,1800.00,2024-12-03
433,1033,Physiotherapy session,1100.00,2025-01-20
434,1420,Ultrasound,2800.00,2026-01-22
435,2266,ECG,2200.00,2024-05-18
436,4563,Consultation,1100.00,2024-07-22
437,3317,Minor procedure,2700.00,2025-11-21
438,3317,ECG,1800.00,2025-11-21
439,2827,Vision examination,950.00,2024-04-12
440,2827,Blood test,700.00,2024-04-12
441,2230,Consultation,1450.00,2025-06-02
442,2670,Vision examination,1250.00,2024-05-04
443,3017,Consultation,1050.00,2025-09-30
444,3170,Ultrasound,2100.00,2026-04-21
445,2498,Physiotherapy session,1600.00,2025-10-20
446,4618,ECG,2000.00,2025-08-20
447,3916,Vision examination,600.00,2024-07-15
448,2783,X-ray,2400.00,2025-05-27
449,1507,Vision examination,950.00,2024-10-03
450,2631,Vision examination,1200.00,2024-08-08
451,2103,Minor procedure,3350.00,2026-03-19
452,2368,Consultation,1150.00,2025-12-13
453,4829,Minor procedure,5650.00,2026-03-20
454,4123,ECG,2150.00,2025-11-12
455,3378,Vision examination,1000.00,2024-03-06
456,3869,X-ray,1400.00,2025-05-06
457,3869,Physiotherapy session,1700.00,2025-05-06
458,2624,Physiotherapy session,1650.00,2025-01-15
459,212,Minor procedure,5250.00,2024-07-02
460,4153,ECG,1700.00,2026-09-19
461,1751,Blood test,1250.00,2024-04-15
462,1751,Vision examination,1150.00,2024-04-15
463,2052,Vision examination,1400.00,2024-04-07
464,3849,Blood test,1800.00,2026-03-17
465,2949,Ultrasound,2650.00,2026-02-05
466,77,Blood test,1450.00,2026-05-01
467,77,Vision examination,1250.00,2026-05-01
468,1398,Ultrasound,2900.00,2024-07-23
469,1398,Blood test,1100.00,2024-07-23
470,4206,Minor procedure,3450.00,2026-01-18
471,208,Minor procedure,4050.00,2024-05-06
472,2250,Ultrasound,3000.00,2025-04-06
473,2250,Consultation,1350.00,2025-04-06
474,3718,Consultation,850.00,2024-01-30
475,3718,Ultrasound,3250.00,2024-01-30
476,2290,Vision examination,700.00,2026-09-18
477,2290,Ultrasound,1700.00,2026-09-18
478,873,Ultrasound,2350.00,2025-08-22
479,493,Ultrasound,3350.00,2024-06-11
480,2771,Blood test,1750.00,2024-02-21
481,4448,Blood test,1250.00,2024-10-27
482,4873,Consultation,1350.00,2025-04-29
483,1557,Minor procedure,5750.00,2025-05-04
484,3012,Consultation,1050.00,2025-01-07
485,4006,Consultation,1200.00,2026-03-27
486,2360,X-ray,1350.00,2025-01-01
487,2360,Consultation,1050.00,2025-01-01
488,1596,Consultation,1050.00,2025-09-13
489,2067,X-ray,1400.00,2024-12-07
490,3350,Physiotherapy session,1600.00,2025-05-16
491,863,Blood test,1700.00,2026-07-09
492,847,Physiotherapy session,1800.00,2024-09-01
493,847,Physiotherapy session,1600.00,2024-09-01
494,2361,ECG,2200.00,2024-01-19
495,2361,Blood test,750.00,2024-01-19
496,2069,ECG,2000.00,2026-05-05
497,399,Minor procedure,6100.00,2026-08-22
498,2614,ECG,1250.00,2024-07-26
499,2473,Ultrasound,3450.00,2026-04-08
500,3931,ECG,1800.00,2025-11-20
501,158,Consultation,950.00,2025-12-29
502,4909,Ultrasound,2950.00,2025-09-13
503,1195,Minor procedure,5650.00,2025-08-26
504,1743,Physiotherapy session,1300.00,2026-02-03
505,3240,Blood test,800.00,2024-08-01
506,2296,Minor procedure,2850.00,2026-06-29
507,4485,Physiotherapy session,1150.00,2025-10-25
508,1387,Minor procedure,2750.00,2026-07-21
509,4636,Minor procedure,3700.00,2025-06-21
510,4636,ECG,2400.00,2025-06-21
511,4141,Vision examination,800.00,2024-09-13
512,2345,Ultrasound,1900.00,2024-05-25
513,2665,Minor procedure,4800.00,2026-01-01
514,2420,Physiotherapy session,850.00,2025-02-22
515,945,Minor procedure,5700.00,2024-03-02
516,945,X-ray,1800.00,2024-03-02
517,2191,Consultation,1200.00,2024-01-07
518,619,Ultrasound,2050.00,2025-01-23
519,4635,Minor procedure,6100.00,2024-07-18
520,1468,ECG,1200.00,2024-10-29
521,1007,Physiotherapy session,1650.00,2026-01-21
522,591,Physiotherapy session,900.00,2026-02-14
523,3518,X-ray,1550.00,2025-11-03
524,3518,X-ray,1000.00,2025-11-03
525,3353,X-ray,2300.00,2025-12-17
526,336,Minor procedure,4650.00,2025-04-04
527,1346,Consultation,900.00,2026-04-13
528,706,ECG,2600.00,2024-12-08
529,4264,Vision examination,1350.00,2024-11-27
530,4264,Blood test,1550.00,2024-11-27
531,4229,Minor procedure,2600.00,2025-08-14
532,4241,Ultrasound,2450.00,2025-04-18
533,2690,X-ray,1300.00,2025-10-05
534,3590,Ultrasound,2350.00,2025-03-01
535,3784,X-ray,1150.00,2026-07-13
536,3784,X-ray,2050.00,2026-07-13
537,3093,Physiotherapy session,1750.00,2024-01-08
538,522,Consultation,1500.00,2026-09-28
539,1777,Ultrasound,3100.00,2025-06-21
540,2967,Consultation,1350.00,2024-05-14
541,3902,Ultrasound,1600.00,2026-01-25
542,1034,X-ray,2050.00,2025-05-09
543,1148,Physiotherapy session,700.00,2025-10-01
544,3444,Vision examination,1350.00,2025-09-21
545,3152,Minor procedure,6600.00,2026-02-23
546,996,Ultrasound,2050.00,2026-08-04
547,434,X-ray,2400.00,2024-03-28
548,2575,ECG,1750.00,2026-03-19
549,2575,Vision examination,1350.00,2026-03-19
550,930,Vision examination,1000.00,2025-11-29
551,1183,Consultation,900.00,2025-10-25
552,2843,Minor procedure,3650.00,2025-11-12
553,2605,Ultrasound,3250.00,2024-05-26
554,4028,X-ray,2000.00,2026-08-21
555,1029,Physiotherapy session,1800.00,2026-06-01
556,986,Ultrasound,2150.00,2026-08-30
557,1730,Ultrasound,3050.00,2026-01-04
558,1730,Minor procedure,6900.00,2026-01-04
559,4463,X-ray,1450.00,2025-01-25
560,4726,Ultrasound,3000.00,2026-05-03
561,705,Physiotherapy session,1600.00,2026-08-03
562,705,X-ray,1950.00,2026-08-03
563,3664,X-ray,1100.00,2026-01-14
564,1181,Minor procedure,4450.00,2026-02-02
565,1181,Physiotherapy session,800.00,2026-02-02
566,3502,Vision examination,1050.00,2024-06-01
567,4768,Vision examination,1400.00,2026-02-18
568,683,Physiotherapy session,1000.00,2026-04-23
569,683,Physiotherapy session,800.00,2026-04-23
570,1595,Minor procedure,6200.00,2024-12-16
571,4679,Blood test,1600.00,2026-02-03
572,1016,ECG,1550.00,2025-09-07
573,3159,Blood test,1450.00,2025-03-30
574,1647,Vision examination,1250.00,2026-08-06
575,783,Physiotherapy session,1250.00,2024-11-10
576,4112,Vision examination,1300.00,2024-06-18
577,2756,ECG,2450.00,2024-08-26
578,529,Blood test,500.00,2024-12-16
579,529,Consultation,850.00,2024-12-16
580,87,Physiotherapy session,1750.00,2026-01-02
581,87,Physiotherapy session,1650.00,2026-01-02
582,214,Blood test,1000.00,2026-01-29
583,277,Blood test,900.00,2026-07-17
584,1522,Physiotherapy session,1400.00,2024-02-12
585,4869,Consultation,1300.00,2025-07-15
586,4263,Ultrasound,2700.00,2025-07-24
587,4263,Vision examination,850.00,2025-07-24
588,236,Vision examination,1050.00,2024-11-20
589,1692,Physiotherapy session,1350.00,2026-05-23
590,1715,Ultrasound,3250.00,2024-11-15
591,341,Minor procedure,3200.00,2024-04-13
592,341,Vision examination,750.00,2024-04-13
593,3370,Minor procedure,2900.00,2025-04-09
594,3370,ECG,2200.00,2025-04-09
595,2675,X-ray,2100.00,2024-10-10
596,4860,Vision examination,1150.00,2024-04-19
597,304,Vision examination,1300.00,2025-04-09
598,3530,ECG,1800.00,2024-07-11
599,1704,Vision examination,1100.00,2025-08-31
600,3381,Consultation,1000.00,2025-06-07
601,699,Blood test,900.00,2024-11-10
602,3597,Blood test,1500.00,2025-12-01
603,4195,Consultation,1400.00,2025-11-30
604,4460,Consultation,1150.00,2025-01-01
605,3288,Physiotherapy session,1800.00,2025-02-01
606,2076,Ultrasound,3100.00,2025-05-06
607,2947,Blood test,1200.00,2026-04-06
608,1267,Ultrasound,2300.00,2025-05-10
609,59,X-ray,2150.00,2025-09-19
610,2616,X-ray,1500.00,2024-08-15
611,2616,Minor procedure,3400.00,2024-08-15
612,2396,Physiotherapy session,1450.00,2024-12-22
613,2012,Vision examination,700.00,2024-03-02
614,3302,ECG,2000.00,2025-07-03
615,4819,Ultrasound,3050.00,2026-03-20
616,1116,Physiotherapy session,1750.00,2024-06-03
617,106,Blood test,900.00,2026-04-10
618,3607,X-ray,1950.00,2024-06-23
619,4641,Blood test,1700.00,2025-05-09
620,4830,Vision examination,1100.00,2026-05-11
621,4830,Physiotherapy session,1800.00,2026-05-11
622,4189,Consultation,1250.00,2024-11-30
623,2082,Minor procedure,5000.00,2025-01-03
624,508,Consultation,1300.00,2024-06-21
625,413,Blood test,1750.00,2024-01-17
626,2651,Ultrasound,1750.00,2026-09-20
627,2651,Vision examination,1400.00,2026-09-20
628,3599,Consultation,1450.00,2024-07-31
629,852,Blood test,600.00,2024-07-10
630,3752,X-ray,2250.00,2026-06-22
631,3677,X-ray,1850.00,2024-09-23
632,371,Vision examination,850.00,2026-01-01
633,122,Physiotherapy session,1400.00,2025-08-29
634,2481,Minor procedure,4800.00,2024-01-04
635,1719,Consultation,1150.00,2024-03-24
636,464,Physiotherapy session,1650.00,2025-06-04
637,4702,Minor procedure,4350.00,2025-07-26
638,1627,Vision examination,600.00,2024-03-20
639,1094,X-ray,1200.00,2025-05-01
640,1094,Blood test,800.00,2025-05-01
641,3284,Vision examination,1000.00,2024-02-08
642,3433,X-ray,1550.00,2025-10-16
643,3433,Ultrasound,1800.00,2025-10-16
644,4916,ECG,2350.00,2025-04-05
645,4673,Ultrasound,2150.00,2024-09-20
646,4673,Minor procedure,2900.00,2024-09-20
647,2669,Physiotherapy session,800.00,2025-08-30
648,611,Minor procedure,4650.00,2025-11-05
649,3052,X-ray,2000.00,2024-08-17
650,3052,Minor procedure,4800.00,2024-08-17
651,1069,Vision examination,600.00,2025-01-04
652,3738,ECG,2400.00,2026-09-19
653,1602,ECG,2150.00,2025-05-05
654,1054,ECG,2050.00,2024-03-09
655,2375,Vision examination,750.00,2025-03-06
656,4710,Minor procedure,6300.00,2026-09-09
657,1200,ECG,1850.00,2024-11-12
658,4668,Vision examination,1000.00,2024-05-11
659,712,Minor procedure,2700.00,2025-03-10
660,3578,X-ray,1050.00,2024-08-15
661,3578,Consultation,1500.00,2024-08-15
662,4281,Consultation,1500.00,2025-09-27
663,4281,Vision examination,1100.00,2025-09-27
664,3797,Minor procedure,2650.00,2026-03-31
665,3836,Blood test,1500.00,2025-11-04
666,63,Blood test,500.00,2024-10-20
667,4461,Physiotherapy session,1450.00,2024-09-16
668,4772,Ultrasound,2400.00,2025-05-05
669,45,X-ray,1600.00,2026-05-17
670,45,Physiotherapy session,1300.00,2026-05-17
671,1484,Ultrasound,2800.00,2024-02-23
672,2545,X-ray,1250.00,2024-04-28
673,2418,Ultrasound,3400.00,2024-01-10
674,3775,Vision examination,800.00,2026-06-26
675,1335,Physiotherapy session,950.00,2026-01-16
676,46,Blood test,1050.00,2025-12-21
677,1984,Ultrasound,2250.00,2025-09-13
678,580,X-ray,1350.00,2026-02-01
679,641,Blood test,1450.00,2025-05-09
680,1095,Consultation,1000.00,2025-11-05
681,2966,Consultation,1250.00,2024-05-08
682,3576,Physiotherapy session,950.00,2025-01-05
683,2973,Vision examination,1300.00,2025-05-23
684,2543,Physiotherapy session,700.00,2025-07-21
685,2416,Minor procedure,6200.00,2025-03-08
686,2879,Vision examination,1050.00,2025-03-04
687,1171,Physiotherapy session,1350.00,2025-03-14
688,4110,Minor procedure,5850.00,2025-05-15
689,4400,Minor procedure,6650.00,2025-11-06
690,2197,Ultrasound,2400.00,2026-06-17
691,2140,Physiotherapy session,800.00,2025-12-22
692,3960,ECG,1700.00,2024-11-13
693,3621,Vision examination,1000.00,2026-03-25
694,1591,Blood test,700.00,2024-01-04
695,2041,Vision examination,1300.00,2026-04-07
696,195,Blood test,1750.00,2026-04-16
697,4126,Vision examination,1100.00,2024-11-14
698,1132,X-ray,1100.00,2026-07-29
699,4756,Consultation,1300.00,2025-03-13
700,1114,Minor procedure,6250.00,2026-07-25
701,3873,Blood test,1200.00,2024-07-04
702,3065,Minor procedure,4300.00,2025-01-22
703,2019,Blood test,1400.00,2026-08-26
704,4930,ECG,1650.00,2026-02-03
705,3602,Vision examination,750.00,2025-05-13
706,4815,Consultation,1400.00,2025-05-17
707,3967,Minor procedure,3700.00,2026-03-09
708,2477,Minor procedure,6200.00,2025-08-12
709,514,Physiotherapy session,950.00,2026-01-11
710,514,ECG,2350.00,2026-01-11
711,3766,Consultation,1200.00,2024-01-12
712,4055,Minor procedure,6550.00,2026-01-10
713,967,ECG,2400.00,2026-08-23
714,3921,X-ray,1600.00,2024-01-10
715,595,Consultation,1250.00,2026-01-22
716,1983,X-ray,2250.00,2025-02-10
717,2161,Consultation,1250.00,2025-03-24
718,3306,Vision examination,1400.00,2025-01-01
719,4538,Consultation,1400.00,2024-01-12
720,3327,Ultrasound,2750.00,2025-02-28
721,3319,ECG,2150.00,2025-11-14
722,3174,Consultation,1300.00,2024-12-19
723,2294,X-ray,2000.00,2026-07-18
724,671,Physiotherapy session,1250.00,2026-08-22
725,3798,Minor procedure,4350.00,2025-08-11
726,3116,Ultrasound,1850.00,2025-09-06
727,3116,Minor procedure,5200.00,2025-09-06
728,4043,Vision examination,1100.00,2026-03-29
729,4043,X-ray,1800.00,2026-03-29
730,742,Vision examination,850.00,2025-01-03
731,344,Blood test,1600.00,2025-07-29
732,664,Vision examination,650.00,2026-08-23
733,621,Vision examination,1100.00,2026-07-20
734,2135,Consultation,1050.00,2024-02-06
735,2223,Vision examination,800.00,2026-09-16
736,1807,Minor procedure,2700.00,2024-07-15
737,3740,Consultation,1050.00,2025-07-01
738,1558,Consultation,1100.00,2026-05-29
739,4606,Blood test,1700.00,2025-12-25
740,2408,Physiotherapy session,1550.00,2026-05-28
741,2408,X-ray,1750.00,2026-05-28
742,3,ECG,1950.00,2026-01-25
743,3,Minor procedure,3900.00,2026-01-25
744,4633,ECG,1350.00,2024-07-02
745,3511,ECG,1650.00,2024-12-04
746,4569,Vision examination,950.00,2025-08-17
747,4021,X-ray,1800.00,2025-01-18
748,2365,Minor procedure,5850.00,2025-02-19
749,3923,Ultrasound,3200.00,2026-02-17
750,90,Blood test,1150.00,2025-08-11
751,2567,Physiotherapy session,1350.00,2024-10-24
752,1941,Physiotherapy session,1450.00,2025-04-29
753,4331,Minor procedure,6100.00,2024-04-30
754,1611,Minor procedure,4350.00,2024-06-05
755,118,Vision examination,1350.00,2025-12-02
756,118,ECG,1750.00,2025-12-02
757,1212,Blood test,500.00,2024-01-20
758,1212,Minor procedure,4550.00,2024-01-20
759,3533,Minor procedure,5600.00,2026-07-16
760,3533,Ultrasound,2750.00,2026-07-16
761,2701,Consultation,1200.00,2024-09-22
762,1653,Blood test,500.00,2026-05-23
763,37,Consultation,1400.00,2026-03-14
764,37,Vision examination,1050.00,2026-03-14
765,1749,Physiotherapy session,700.00,2026-05-28
766,1749,Blood test,1150.00,2026-05-28
767,4235,Blood test,1000.00,2026-03-11
768,4951,Physiotherapy session,800.00,2025-11-16
769,4923,Ultrasound,3000.00,2025-11-18
770,4070,Consultation,800.00,2024-08-13
771,448,Consultation,1300.00,2025-09-06
772,3023,Vision examination,600.00,2026-08-14
773,3023,Physiotherapy session,1600.00,2026-08-14
774,2876,Physiotherapy session,1150.00,2024-06-21
775,2876,Ultrasound,2350.00,2024-06-21
776,4991,Consultation,1500.00,2025-02-04
777,247,Physiotherapy session,1000.00,2026-05-14
778,246,Vision examination,800.00,2025-06-18
779,3329,Blood test,1250.00,2025-06-08
780,660,X-ray,1450.00,2024-08-22
781,648,Ultrasound,2150.00,2025-01-08
782,4895,Physiotherapy session,1300.00,2026-01-26
783,3157,Consultation,1400.00,2026-06-28
784,2251,Minor procedure,3850.00,2024-11-15
785,2251,Consultation,1000.00,2024-11-15
786,3513,Physiotherapy session,1450.00,2025-06-02
787,757,Blood test,950.00,2024-10-12
788,4354,Blood test,1650.00,2025-04-05
789,3205,Vision examination,900.00,2024-05-17
790,2228,Blood test,1100.00,2026-09-20
791,2627,X-ray,2250.00,2024-07-28
792,3693,Blood test,1550.00,2024-03-27
793,1765,Consultation,850.00,2024-06-06
794,1765,Physiotherapy session,1100.00,2024-06-06
795,620,Physiotherapy session,900.00,2025-12-01
796,4921,ECG,2550.00,2025-12-07
797,1086,ECG,1900.00,2026-02-04
798,701,Physiotherapy session,950.00,2024-10-30
799,1860,Minor procedure,5650.00,2024-04-05
800,1860,Ultrasound,3150.00,2024-04-05
801,3535,Consultation,1300.00,2024-10-26
802,3535,Vision examination,750.00,2024-10-26
803,4892,X-ray,1000.00,2026-04-17
804,3279,Blood test,1150.00,2026-07-16
805,4142,Physiotherapy session,800.00,2025-02-08
806,1722,Ultrasound,3000.00,2026-06-15
807,2419,Consultation,1450.00,2024-08-08
808,2929,Minor procedure,3650.00,2025-10-08
809,2896,Minor procedure,6850.00,2025-04-27
810,4190,ECG,2150.00,2024-12-05
811,3389,Minor procedure,4100.00,2024-07-09
812,4713,Blood test,1800.00,2025-09-16
813,584,Vision examination,650.00,2026-04-15
814,3949,Physiotherapy session,900.00,2024-02-03
815,4511,X-ray,1600.00,2025-07-16
816,3651,Minor procedure,3550.00,2024-11-14
817,790,Vision examination,1250.00,2025-10-05
818,790,Consultation,1350.00,2025-10-05
819,239,Blood test,950.00,2025-10-12
820,439,Ultrasound,1600.00,2024-12-13
821,2006,Blood test,800.00,2026-04-04
822,2849,Minor procedure,4750.00,2024-06-25
823,3112,X-ray,1100.00,2024-11-02
824,3112,Physiotherapy session,900.00,2024-11-02
825,3900,Ultrasound,1950.00,2025-10-22
826,4315,Consultation,1250.00,2024-09-17
827,4315,Minor procedure,4200.00,2024-09-17
828,3429,Vision examination,1100.00,2024-09-18
829,237,Consultation,1200.00,2024-04-12
830,1379,ECG,2300.00,2024-03-06
831,213,Blood test,700.00,2025-11-05
832,213,Physiotherapy session,1000.00,2025-11-05
833,2851,ECG,2250.00,2025-07-19
834,2851,X-ray,1650.00,2025-07-19
835,4227,X-ray,1100.00,2025-08-23
836,4227,Physiotherapy session,1450.00,2025-08-23
837,582,ECG,2600.00,2026-03-27
838,2110,Physiotherapy session,1400.00,2026-05-26
839,2506,Minor procedure,5700.00,2025-05-11
840,1428,Ultrasound,2800.00,2025-10-08
841,525,Vision examination,1050.00,2025-09-26
842,2452,Ultrasound,2450.00,2026-08-28
843,2452,X-ray,2150.00,2026-08-28
844,1078,Minor procedure,6550.00,2026-07-08
845,199,Physiotherapy session,1350.00,2025-08-30
846,2374,Consultation,1500.00,2026-03-29
847,2186,Physiotherapy session,1400.00,2025-02-23
848,115,ECG,1250.00,2024-12-22
849,1524,X-ray,2250.00,2025-07-15
850,4385,Consultation,1050.00,2025-01-24
851,2468,X-ray,1750.00,2024-11-08
852,2468,X-ray,1200.00,2024-11-08
853,317,Blood test,1300.00,2025-06-19
854,2447,Ultrasound,3300.00,2025-03-29
855,888,Physiotherapy session,900.00,2024-05-19
856,888,Consultation,1450.00,2024-05-19
857,564,Minor procedure,3700.00,2026-08-21
858,4611,X-ray,1800.00,2024-06-07
859,1827,Minor procedure,5600.00,2025-02-10
860,1006,Minor procedure,6200.00,2025-11-20
861,979,Physiotherapy session,1350.00,2024-04-30
862,979,Consultation,1200.00,2024-04-30
863,3708,Physiotherapy session,1250.00,2025-05-02
864,3286,ECG,1850.00,2024-12-22
865,303,Ultrasound,3150.00,2024-06-06
866,1231,ECG,1700.00,2025-04-21
867,4216,ECG,2550.00,2026-05-06
868,3245,X-ray,1400.00,2025-02-24
869,4380,Blood test,550.00,2025-12-27
870,3132,Minor procedure,5550.00,2025-11-26
871,3132,Vision examination,600.00,2025-11-26
872,2877,Blood test,550.00,2025-05-28
873,3031,Minor procedure,3650.00,2026-05-10
874,2652,Minor procedure,2800.00,2025-08-21
875,2522,Physiotherapy session,1550.00,2025-08-29
876,778,Ultrasound,1700.00,2025-09-23
877,778,Vision examination,950.00,2025-09-23
878,4192,Vision examination,700.00,2024-05-11
879,1783,X-ray,1850.00,2024-11-26
880,356,ECG,1200.00,2026-01-04
881,3862,Physiotherapy session,950.00,2025-11-11
882,78,Consultation,1300.00,2024-12-25
883,78,ECG,2200.00,2024-12-25
884,1240,Minor procedure,6650.00,2024-01-27
885,1641,ECG,1300.00,2026-05-21
886,1953,Blood test,1000.00,2024-02-04
887,2655,X-ray,1150.00,2026-06-25
888,4696,ECG,2400.00,2026-07-10
889,191,Ultrasound,3450.00,2024-01-14
890,191,X-ray,1750.00,2024-01-14
891,4287,Ultrasound,3150.00,2026-06-26
892,672,X-ray,1900.00,2025-06-30
893,2454,Ultrasound,2750.00,2025-08-03
894,3383,Consultation,800.00,2024-11-18
895,2916,ECG,2350.00,2026-09-08
896,3003,Physiotherapy session,1650.00,2025-07-20
897,697,Minor procedure,4800.00,2026-03-22
898,169,Ultrasound,2650.00,2024-07-19
899,1651,Minor procedure,2700.00,2025-05-13
900,3826,Vision examination,650.00,2024-07-05
901,453,X-ray,1050.00,2024-07-18
902,453,Vision examination,800.00,2024-07-18
903,736,X-ray,2100.00,2026-09-08
904,1057,Consultation,1000.00,2024-10-13
905,428,Minor procedure,6800.00,2024-11-19
906,1950,Consultation,850.00,2024-06-08
907,1480,Consultation,850.00,2026-09-22
908,3897,X-ray,1400.00,2025-04-23
909,4304,Physiotherapy session,950.00,2024-02-10
910,2898,X-ray,1000.00,2025-04-07
911,1141,Physiotherapy session,1300.00,2024-04-09
912,1141,X-ray,1250.00,2024-04-09
913,4789,Consultation,1500.00,2026-07-20
914,4789,ECG,1500.00,2026-07-20
915,2318,Blood test,1600.00,2024-09-22
916,2318,Vision examination,750.00,2024-09-22
917,359,Minor procedure,5450.00,2026-09-23
918,466,Blood test,1450.00,2025-08-18
919,2279,Consultation,1200.00,2025-08-19
920,1951,Consultation,800.00,2024-03-15
921,1579,Minor procedure,5100.00,2024-07-12
922,1576,X-ray,1900.00,2024-07-06
923,1198,X-ray,1450.00,2024-12-02
924,3081,Physiotherapy session,1050.00,2024-07-05
925,3081,Minor procedure,3650.00,2024-07-05
926,1937,Consultation,900.00,2025-09-26
927,1995,Physiotherapy session,1450.00,2024-04-30
928,2367,Physiotherapy session,700.00,2024-05-15
929,1912,X-ray,1450.00,2026-08-14
930,1449,Ultrasound,3450.00,2025-08-30
931,3703,Vision examination,1100.00,2024-09-07
932,1100,Vision examination,1350.00,2025-11-25
933,1100,Minor procedure,3500.00,2025-11-25
934,4218,Vision examination,1400.00,2025-11-07
935,4218,Blood test,1100.00,2025-11-07
936,858,X-ray,1050.00,2025-11-10
937,3842,Blood test,600.00,2025-12-11
938,3842,Blood test,900.00,2025-12-11
939,3407,ECG,1650.00,2026-03-16
940,4576,Minor procedure,4450.00,2026-04-14
941,1032,X-ray,1600.00,2024-11-05
942,1032,Blood test,1650.00,2024-11-05
943,1976,Ultrasound,1850.00,2026-01-24
944,2745,Physiotherapy session,1300.00,2025-07-18
945,1017,Minor procedure,6650.00,2026-06-30
946,2461,Consultation,950.00,2024-01-28
947,2438,Blood test,1250.00,2026-04-06
948,3234,Vision examination,600.00,2024-12-30
949,603,Consultation,850.00,2025-01-28
950,1506,X-ray,1750.00,2024-04-25
951,1506,X-ray,2250.00,2024-04-25
952,4982,Blood test,1200.00,2026-01-14
953,729,Minor procedure,5500.00,2026-04-16
954,679,Physiotherapy session,1100.00,2025-08-29
955,1580,Blood test,1550.00,2025-06-07
956,1580,Minor procedure,4350.00,2025-06-07
957,975,Consultation,1350.00,2025-03-31
958,4981,ECG,2550.00,2025-07-19
959,4597,Ultrasound,2250.00,2024-01-02
960,4597,Ultrasound,2150.00,2024-01-02
961,2861,Blood test,1800.00,2025-04-17
962,1330,Vision examination,1100.00,2025-02-09
963,894,ECG,1600.00,2024-06-23
964,1718,Consultation,1300.00,2024-04-19
965,1718,Physiotherapy session,1150.00,2024-04-19
966,2158,Blood test,1150.00,2024-07-18
967,2158,Ultrasound,2850.00,2024-07-18
968,2385,Minor procedure,3100.00,2024-08-28
969,3118,ECG,1550.00,2025-11-11
970,3684,Physiotherapy session,1200.00,2025-05-11
971,274,Vision examination,1050.00,2025-04-07
972,4483,X-ray,1050.00,2026-05-12
973,4066,Minor procedure,2550.00,2024-10-29
974,2210,Ultrasound,1900.00,2024-12-04
975,817,Vision examination,750.00,2024-11-21
976,368,Physiotherapy session,1050.00,2026-02-13
977,3283,Consultation,1150.00,2024-10-28
978,67,Consultation,1300.00,2024-12-17
979,2708,Minor procedure,5350.00,2026-04-29
980,242,X-ray,900.00,2025-10-29
981,242,Ultrasound,1900.00,2025-10-29
982,121,Ultrasound,2500.00,2025-05-11
983,1979,X-ray,1250.00,2024-01-03
984,2243,Vision examination,950.00,2024-07-07
985,3563,Consultation,850.00,2025-01-02
986,4934,Minor procedure,3450.00,2025-11-01
987,1121,X-ray,1000.00,2026-02-28
988,4695,Vision examination,1100.00,2025-10-21
989,1987,X-ray,1650.00,2026-08-04
990,2084,Blood test,1300.00,2024-01-29
991,4965,Vision examination,1000.00,2024-02-08
992,2123,Minor procedure,3550.00,2025-05-30
993,3911,Minor procedure,2700.00,2026-03-01
994,937,ECG,2000.00,2025-05-05
995,599,ECG,1800.00,2025-05-15
996,4307,X-ray,2050.00,2025-02-26
997,4307,ECG,1650.00,2025-02-26
998,1185,Blood test,600.00,2025-10-27
999,1529,Consultation,1400.00,2024-07-09
1000,2097,Physiotherapy session,950.00,2024-07-31
1001,2435,Consultation,1200.00,2026-08-27
1002,3487,X-ray,1000.00,2026-09-17
1003,3487,Blood test,700.00,2026-09-17
1004,150,Minor procedure,6350.00,2024-04-21
1005,855,ECG,1500.00,2026-06-13
1006,3660,Minor procedure,4950.00,2025-06-08
1007,3660,Vision examination,1350.00,2025-06-08
1008,222,X-ray,1700.00,2026-02-24
1009,222,Minor procedure,5200.00,2026-02-24
1010,3412,Vision examination,750.00,2024-11-13
1011,3412,Ultrasound,1850.00,2024-11-13
1012,2902,Vision examination,1350.00,2026-05-18
1013,4067,Vision examination,950.00,2025-11-12
1014,541,ECG,2450.00,2024-01-05
1015,1076,ECG,1200.00,2025-10-14
1016,2632,Vision examination,950.00,2025-12-12
1017,2027,Vision examination,700.00,2025-12-30
1018,3373,ECG,1700.00,2026-02-12
1019,2352,Minor procedure,6100.00,2025-10-30
1020,1530,Minor procedure,3900.00,2026-08-25
1021,3743,Minor procedure,4750.00,2026-07-27
1022,3743,Vision examination,1350.00,2026-07-27
1023,12,X-ray,1500.00,2026-05-12
1024,3207,Vision examination,900.00,2025-12-16
1025,1515,ECG,1550.00,2024-05-29
1026,3155,Physiotherapy session,1750.00,2025-06-12
1027,3856,ECG,1300.00,2024-02-07
1028,3856,X-ray,1400.00,2024-02-07
1029,408,Blood test,850.00,2026-05-12
1030,1832,Consultation,1150.00,2025-10-07
1031,1832,Minor procedure,3700.00,2025-10-07
1032,1237,Consultation,900.00,2025-09-08
1033,801,Ultrasound,1900.00,2024-07-16
1034,576,ECG,1450.00,2025-11-12
1035,576,X-ray,2250.00,2025-11-12
1036,1791,Vision examination,950.00,2024-03-31
1037,1791,Minor procedure,7000.00,2024-03-31
1038,2342,Ultrasound,2250.00,2025-12-24
1039,741,X-ray,1650.00,2026-09-13
1040,300,Minor procedure,6050.00,2026-04-22
1041,4545,Blood test,850.00,2026-03-21
1042,886,ECG,1400.00,2025-08-31
1043,2825,Consultation,1250.00,2025-09-01
1044,2825,X-ray,1600.00,2025-09-01
1045,4391,X-ray,1000.00,2025-05-14
1046,4391,Vision examination,1050.00,2025-05-14
1047,3209,X-ray,1750.00,2024-04-04
1048,3488,Ultrasound,3000.00,2026-04-07
1049,4269,Blood test,850.00,2026-08-28
1050,3339,Ultrasound,3400.00,2025-11-22
1051,2566,Minor procedure,4500.00,2024-06-16
1052,2566,Ultrasound,1650.00,2024-06-16
1053,57,Consultation,800.00,2026-05-29
1054,3588,Minor procedure,4550.00,2025-09-06
1055,2859,ECG,2550.00,2024-11-01
1056,3577,Blood test,1550.00,2025-12-02
1057,4248,ECG,2100.00,2026-01-02
1058,4181,Minor procedure,2850.00,2025-01-05
1059,4317,Ultrasound,3150.00,2024-04-25
1060,4317,Vision examination,850.00,2024-04-25
1061,4180,X-ray,1600.00,2026-01-17
1062,1497,Ultrasound,1900.00,2024-01-25
1063,512,X-ray,1200.00,2026-07-19
1064,1826,Consultation,1100.00,2026-06-10
1065,1532,Vision examination,650.00,2025-10-12
1066,3997,Physiotherapy session,1000.00,2026-03-11
1067,3291,Blood test,1400.00,2025-08-20
1068,1706,Physiotherapy session,1800.00,2024-11-15
1069,1706,Blood test,650.00,2024-11-15
1070,4095,X-ray,900.00,2024-10-23
1071,3126,Blood test,1800.00,2024-07-16
1072,4382,X-ray,1650.00,2025-08-15
1073,1741,Vision examination,600.00,2025-01-28
1074,1741,X-ray,1650.00,2025-01-28
1075,309,Consultation,1100.00,2026-03-09
1076,4797,ECG,2600.00,2024-09-06
1077,4647,Minor procedure,5800.00,2024-04-20
1078,4647,ECG,1250.00,2024-04-20
1079,1268,Physiotherapy session,950.00,2024-08-07
1080,4013,Ultrasound,2000.00,2026-01-11
1081,2812,Vision examination,950.00,2026-06-22
1082,723,Minor procedure,2850.00,2026-02-05
1083,2711,ECG,2100.00,2024-11-16
1084,530,X-ray,1500.00,2025-09-14
1085,530,Vision examination,750.00,2025-09-14
1086,4938,ECG,2600.00,2026-04-09
1087,807,Minor procedure,5550.00,2026-03-24
1088,807,Consultation,1450.00,2026-03-24
1089,3348,Minor procedure,2550.00,2024-01-08
1090,3820,Physiotherapy session,1550.00,2025-10-10
1091,1207,Ultrasound,2450.00,2024-11-29
1092,898,Vision examination,700.00,2024-02-04
1093,733,Ultrasound,2150.00,2024-07-11
1094,2203,Consultation,1500.00,2024-02-06
1095,1326,Minor procedure,6900.00,2025-04-16
1096,1326,Minor procedure,5150.00,2025-04-16
1097,4041,Consultation,1250.00,2026-05-19
1098,1726,Physiotherapy session,1700.00,2026-09-28
1099,1726,Vision examination,1100.00,2026-09-28
1100,4313,X-ray,950.00,2024-10-02
1101,4748,Ultrasound,1850.00,2026-07-01
1102,3521,Consultation,1100.00,2025-06-28
1103,3521,Vision examination,600.00,2025-06-28
1104,2187,Ultrasound,2950.00,2024-10-12
1105,4201,Consultation,800.00,2025-02-04
1106,1939,Consultation,800.00,2026-09-02
1107,1256,Minor procedure,4100.00,2024-04-04
1108,4964,X-ray,1350.00,2024-11-10
1109,1999,Vision examination,1150.00,2024-02-07
1110,990,Ultrasound,3350.00,2026-08-25
1111,2428,Ultrasound,2850.00,2026-04-13
1112,2428,Physiotherapy session,900.00,2026-04-13
1113,3843,Blood test,800.00,2026-09-12
1114,2649,Minor procedure,3000.00,2025-03-06
1115,3250,ECG,2250.00,2024-01-24
1116,1821,ECG,2250.00,2026-04-10
1117,1914,Blood test,1050.00,2025-07-08
1118,1914,Minor procedure,6350.00,2025-07-08
1119,1549,Minor procedure,2600.00,2025-07-24
1120,1961,Blood test,1700.00,2025-10-01
1121,3581,Physiotherapy session,1750.00,2024-02-17
1122,3581,Ultrasound,3100.00,2024-02-17
1123,3702,Physiotherapy session,1000.00,2025-04-17
1124,661,Blood test,1500.00,2025-03-12
1125,4071,X-ray,2100.00,2024-08-16
1126,2990,Blood test,1400.00,2025-09-10
1127,3835,ECG,1750.00,2025-10-26
1128,2621,Physiotherapy session,1500.00,2026-06-02
1129,1160,Physiotherapy session,1600.00,2025-12-01
1130,897,ECG,1600.00,2024-10-17
1131,2660,X-ray,1150.00,2025-03-23
1132,2660,Blood test,600.00,2025-03-23
1133,469,Vision examination,800.00,2024-10-29
1134,3620,Ultrasound,3150.00,2025-10-20
1135,2427,Vision examination,1100.00,2025-11-08
1136,3142,Ultrasound,3250.00,2024-07-03
1137,4325,Consultation,1250.00,2024-06-24
1138,868,Ultrasound,2850.00,2024-11-06
1139,638,ECG,2200.00,2026-07-14
1140,2337,Vision examination,600.00,2025-06-03
1141,2098,X-ray,1650.00,2024-04-12
1142,3468,Vision examination,1250.00,2025-06-23
1143,161,Vision examination,900.00,2025-11-12
1144,1764,X-ray,1300.00,2026-01-13
1145,1764,ECG,1750.00,2026-01-13
1146,3794,Vision examination,750.00,2024-06-06
1147,3794,Physiotherapy session,900.00,2024-06-06
1148,2410,Ultrasound,3000.00,2026-01-01
1149,4626,Physiotherapy session,1800.00,2024-02-09
1150,3375,Blood test,1400.00,2026-07-06
1151,1670,Minor procedure,3500.00,2026-05-11
1152,3875,Minor procedure,6150.00,2026-08-19
1153,2682,Blood test,1200.00,2026-01-03
1154,4446,Consultation,1200.00,2025-07-26
1155,3628,Vision examination,1100.00,2024-04-18
1156,95,Minor procedure,6650.00,2024-11-02
1157,95,Physiotherapy session,1000.00,2024-11-02
1158,4267,Physiotherapy session,1450.00,2025-08-13
1159,504,Ultrasound,3000.00,2024-09-13
1160,455,Blood test,900.00,2026-05-17
1161,574,Vision examination,650.00,2024-08-04
1162,915,Consultation,1350.00,2026-06-04
1163,446,Ultrasound,2400.00,2024-02-28
1164,3189,Minor procedure,5400.00,2025-05-14
1165,3189,Minor procedure,3300.00,2025-05-14
1166,605,X-ray,1650.00,2025-07-23
1167,48,Ultrasound,2700.00,2025-01-25
1168,2891,Vision examination,1200.00,2026-08-04
1169,536,Minor procedure,6900.00,2024-03-22
1170,467,Minor procedure,2650.00,2025-02-09
1171,1920,ECG,1950.00,2024-06-29
1172,1399,ECG,1950.00,2026-08-17
1173,2656,Vision examination,650.00,2025-11-21
1174,4222,ECG,2350.00,2024-11-28
1175,4875,Physiotherapy session,1350.00,2024-02-15
1176,4875,Consultation,1400.00,2024-02-15
1177,1851,Physiotherapy session,1750.00,2024-04-20
1178,2776,Ultrasound,2200.00,2025-12-09
1179,2776,Minor procedure,2750.00,2025-12-09
1180,136,Physiotherapy session,850.00,2026-08-30
1181,1853,Vision examination,1300.00,2024-06-07
1182,1152,Ultrasound,3150.00,2026-02-24
1183,4946,Blood test,1400.00,2024-05-20
1184,3322,Physiotherapy session,1600.00,2025-12-15
1185,396,Vision examination,850.00,2024-09-18
1186,2767,Consultation,850.00,2026-02-11
1187,2767,Physiotherapy session,1650.00,2026-02-11
1188,600,Vision examination,1400.00,2026-03-07
1189,1079,ECG,1500.00,2026-05-07
1190,4008,Consultation,1200.00,2025-02-16
1191,1427,Ultrasound,3450.00,2026-01-24
1192,4431,Vision examination,1050.00,2026-07-22
1193,3297,Physiotherapy session,1600.00,2026-06-13
1194,3069,Ultrasound,1900.00,2025-03-14
1195,4678,Physiotherapy session,1750.00,2025-09-29
1196,4678,Minor procedure,6400.00,2025-09-29
1197,2077,ECG,2100.00,2025-09-30
1198,2077,Ultrasound,2900.00,2025-09-30
1199,486,Blood test,1350.00,2025-07-01
1200,486,ECG,2050.00,2025-07-01
1201,1691,Blood test,900.00,2025-12-09
1202,2674,Minor procedure,3100.00,2025-05-06
1203,3608,X-ray,2200.00,2024-01-21
1204,3608,X-ray,1800.00,2024-01-21
1205,3253,Consultation,1050.00,2025-08-10
1206,3877,Physiotherapy session,1750.00,2024-11-26
1207,4150,ECG,1500.00,2025-05-04
1208,3316,X-ray,1750.00,2024-10-21
1209,3099,Minor procedure,6800.00,2025-01-26
1210,547,ECG,2000.00,2025-12-15
1211,4388,Vision examination,1350.00,2025-09-08
1212,923,Minor procedure,2800.00,2025-08-19
1213,1325,ECG,2550.00,2026-01-04
1214,1325,Vision examination,1350.00,2026-01-04
1215,2828,Blood test,1200.00,2026-05-25
1216,681,Physiotherapy session,950.00,2024-08-17
1217,4383,Minor procedure,4750.00,2025-03-01
1218,4731,ECG,1600.00,2024-10-07
1219,960,X-ray,2000.00,2024-08-26
1220,1193,Vision examination,1350.00,2024-04-10
1221,1747,Ultrasound,3500.00,2024-09-14
1222,4803,Physiotherapy session,1400.00,2024-12-20
1223,4803,ECG,2000.00,2024-12-20
1224,3303,Physiotherapy session,1650.00,2026-01-07
1225,1056,Vision examination,1200.00,2025-10-18
1226,1128,ECG,2150.00,2024-07-02
1227,1712,Physiotherapy session,1200.00,2024-07-06
1228,3905,Blood test,1650.00,2026-03-10
1229,1490,Consultation,900.00,2024-09-29
1230,320,Blood test,1600.00,2024-07-02
1231,320,Consultation,1150.00,2024-07-02
1232,1075,ECG,2150.00,2025-12-23
1233,3655,X-ray,1600.00,2025-01-26
1234,2436,Physiotherapy session,1250.00,2026-03-24
1235,2234,Ultrasound,2850.00,2026-09-13
1236,614,Consultation,850.00,2025-08-28
1237,2963,Blood test,1550.00,2026-01-30
1238,2340,Minor procedure,5750.00,2024-04-11
1239,2177,X-ray,2400.00,2025-04-12
1240,4825,Consultation,1350.00,2025-07-26
1241,606,Vision examination,1000.00,2026-02-10
1242,606,X-ray,1000.00,2026-02-10
1243,3178,Consultation,1400.00,2026-03-17
1244,988,ECG,1350.00,2024-03-26
1245,186,Vision examination,900.00,2024-12-31
1246,4599,Vision examination,650.00,2024-01-12
1247,3936,Consultation,850.00,2026-08-02
1248,1877,ECG,1850.00,2026-02-26
1249,4707,ECG,2550.00,2025-06-16
1250,1109,Ultrasound,1600.00,2025-12-16
1251,553,Physiotherapy session,1200.00,2026-08-10
1252,4854,Physiotherapy session,1300.00,2026-03-17
1253,649,Minor procedure,3000.00,2025-11-03
1254,3419,Consultation,1450.00,2025-08-16
1255,2507,Blood test,1800.00,2025-12-03
1256,2446,Consultation,1000.00,2025-12-09
1257,4251,Minor procedure,4050.00,2024-11-18
1258,4251,Blood test,1600.00,2024-11-18
1259,3141,Physiotherapy session,750.00,2025-02-12
1260,4053,Physiotherapy session,1650.00,2025-09-14
1261,4053,X-ray,2150.00,2025-09-14
1262,1425,Vision examination,1350.00,2026-04-05
1263,361,Minor procedure,4100.00,2025-12-18
1264,1652,ECG,1700.00,2024-10-20
1265,1082,Ultrasound,2100.00,2024-12-15
1266,1082,ECG,1650.00,2024-12-15
1267,3215,Consultation,1100.00,2024-01-13
1268,4225,Physiotherapy session,850.00,2025-12-27
1269,971,Minor procedure,4150.00,2026-09-08
1270,3324,Vision examination,750.00,2025-09-14
1271,3324,Blood test,950.00,2025-09-14
1272,2458,Blood test,1100.00,2024-08-26
1273,4049,Consultation,850.00,2025-11-20
1274,3154,Minor procedure,4750.00,2025-10-21
1275,3191,Vision examination,1200.00,2024-10-27
1276,3191,Minor procedure,2750.00,2024-10-27
1277,1242,Blood test,950.00,2025-06-02
1278,4786,Ultrasound,2050.00,2024-01-23
1279,4786,Physiotherapy session,1450.00,2024-01-23
1280,2472,Consultation,1350.00,2024-10-30
1281,2472,Minor procedure,2750.00,2024-10-30
1282,3000,X-ray,1600.00,2025-09-05
1283,2195,ECG,1850.00,2024-07-23
1284,4855,Vision examination,650.00,2025-11-22
1285,652,Physiotherapy session,1600.00,2024-05-01
1286,4550,ECG,2550.00,2026-06-02
1287,4550,Consultation,1150.00,2026-06-02
1288,567,Consultation,800.00,2025-01-12
1289,567,Physiotherapy session,1550.00,2025-01-12
1290,3552,Physiotherapy session,1250.00,2026-02-24
1291,2272,X-ray,1850.00,2025-12-13
1292,2272,Vision examination,1200.00,2025-12-13
1293,3337,Consultation,1050.00,2024-01-16
1294,3337,Ultrasound,1950.00,2024-01-16
1295,4906,Consultation,1400.00,2025-09-11
1296,2513,Vision examination,1150.00,2026-04-05
1297,2513,Blood test,1600.00,2026-04-05
1298,1630,Consultation,1500.00,2024-03-02
1299,1320,Ultrasound,2150.00,2024-07-09
1300,1514,Minor procedure,5400.00,2025-04-12
1301,1884,Physiotherapy session,1450.00,2024-07-13
1302,3538,Physiotherapy session,1450.00,2025-12-16
1303,3538,ECG,2300.00,2025-12-16
1304,2987,ECG,2050.00,2026-08-01
1305,4016,Blood test,900.00,2026-03-21
1306,471,ECG,1350.00,2026-04-03
1307,940,ECG,2350.00,2024-11-22
1308,2549,X-ray,1200.00,2024-10-31
1309,3548,Ultrasound,1750.00,2026-04-27
1310,2530,Consultation,1050.00,2024-06-17
1311,2530,Ultrasound,2500.00,2024-06-17
1312,501,Physiotherapy session,1600.00,2024-03-19
1313,4920,Consultation,850.00,2025-10-31
1314,4481,Minor procedure,5050.00,2025-08-31
1315,1375,X-ray,1550.00,2024-09-04
1316,1375,Blood test,1650.00,2024-09-04
1317,166,Consultation,900.00,2026-07-10
1318,1902,Consultation,1400.00,2025-08-06
1319,27,ECG,2300.00,2025-01-27
1320,470,X-ray,1600.00,2025-09-28
1321,443,Minor procedure,6450.00,2024-03-02
1322,755,Blood test,1000.00,2026-07-28
1323,272,Physiotherapy session,800.00,2025-02-14
1324,3036,Physiotherapy session,1250.00,2025-03-26
1325,4198,X-ray,1500.00,2024-05-06
1326,2804,Minor procedure,4050.00,2024-08-15
1327,2804,Physiotherapy session,1500.00,2024-08-15
1328,4565,Consultation,1250.00,2026-08-20
1329,4524,Ultrasound,2750.00,2024-12-07
1330,2354,Consultation,1100.00,2025-11-10
1331,4353,Vision examination,1300.00,2026-06-06
1332,4353,X-ray,2200.00,2026-06-06
1333,4669,Blood test,1800.00,2025-04-02
1334,647,Ultrasound,1950.00,2026-02-26
1335,2467,Consultation,1100.00,2025-06-27
1336,1146,Ultrasound,2350.00,2025-10-08
1337,3665,X-ray,2400.00,2024-12-17
1338,752,Physiotherapy session,750.00,2024-06-07
1339,752,X-ray,2000.00,2024-06-07
1340,3434,Physiotherapy session,700.00,2026-08-30
1341,4997,Vision examination,650.00,2024-08-10
1342,137,X-ray,1650.00,2024-01-17
1343,256,Ultrasound,2500.00,2025-06-18
1344,1796,Consultation,1300.00,2024-07-08
1345,956,X-ray,950.00,2025-04-22
1346,2432,Vision examination,1400.00,2025-10-06
1347,2432,Consultation,900.00,2025-10-06
1348,1140,Minor procedure,3200.00,2026-03-11
1349,532,Consultation,1050.00,2026-08-18
1350,1239,Blood test,1450.00,2024-08-26
1351,260,Vision examination,1100.00,2025-01-18
1352,243,Consultation,1200.00,2025-02-28
1353,2469,Consultation,1100.00,2026-07-26
1354,3484,Minor procedure,2500.00,2024-07-07
1355,3484,Vision examination,850.00,2024-07-07
1356,4159,Consultation,1050.00,2024-01-16
1357,3595,Minor procedure,2950.00,2026-03-17
1358,925,Consultation,850.00,2025-07-14
1359,1063,Vision examination,700.00,2025-12-24
1360,1063,Blood test,1750.00,2025-12-24
1361,4759,Minor procedure,2550.00,2024-01-30
1362,3343,Blood test,1300.00,2026-04-29
1363,3343,Ultrasound,1850.00,2026-04-29
1364,1802,Blood test,1800.00,2025-02-21
1365,3280,Consultation,1150.00,2024-10-23
1366,3280,Ultrasound,1700.00,2024-10-23
1367,445,Minor procedure,5200.00,2024-10-25
1368,324,X-ray,1200.00,2024-04-29
1369,2364,Physiotherapy session,1800.00,2026-07-16
1370,2364,ECG,2450.00,2026-07-16
1371,2539,Ultrasound,3000.00,2024-01-04
1372,2702,X-ray,950.00,2025-02-23
1373,4366,Minor procedure,3600.00,2024-10-20
1374,4366,X-ray,1850.00,2024-10-20
1375,4273,Minor procedure,5100.00,2024-07-31
1376,1822,Vision examination,700.00,2026-05-07
1377,3133,Blood test,800.00,2026-06-12
1378,2254,Ultrasound,1850.00,2024-01-02
1379,201,Blood test,1400.00,2025-08-24
1380,2293,Ultrasound,2200.00,2026-01-27
1381,646,Physiotherapy session,1250.00,2026-07-09
1382,2256,Ultrasound,2600.00,2024-04-11
1383,1402,Ultrasound,2750.00,2026-06-07
1384,2258,Consultation,1400.00,2025-03-20
1385,2258,Minor procedure,3150.00,2025-03-20
1386,1504,Blood test,1350.00,2024-10-31
1387,4856,Vision examination,1250.00,2026-04-25
1388,1936,Consultation,900.00,2024-11-30
1389,1849,X-ray,1250.00,2025-10-14
1390,3417,X-ray,1050.00,2024-04-19
1391,1862,ECG,1700.00,2026-02-23
1392,3180,ECG,1950.00,2026-04-10
1393,472,Ultrasound,2350.00,2024-08-27
1394,472,Physiotherapy session,1300.00,2024-08-27
1395,2926,Consultation,1400.00,2024-06-18
1396,152,Consultation,1350.00,2025-04-30
1397,152,ECG,1900.00,2025-04-30
1398,2788,Physiotherapy session,1350.00,2025-10-28
1399,3241,Minor procedure,3800.00,2026-02-04
1400,662,ECG,1500.00,2025-06-21
1401,3787,Vision examination,600.00,2026-09-07
1402,624,ECG,1650.00,2024-12-23
1403,289,Vision examination,1150.00,2024-11-05
1404,289,Blood test,1300.00,2024-11-05
1405,1930,Blood test,500.00,2026-09-06
1406,171,Physiotherapy session,1000.00,2026-08-24
1407,1020,ECG,2000.00,2025-02-23
1408,4665,Physiotherapy session,1550.00,2024-09-14
1409,4665,Physiotherapy session,700.00,2024-09-14
1410,418,Physiotherapy session,1500.00,2026-02-15
1411,2971,ECG,1950.00,2024-05-03
1412,3503,ECG,1750.00,2026-04-20
1413,538,Physiotherapy session,1200.00,2025-03-13
1414,3452,Blood test,1550.00,2026-06-03
1415,3452,Vision examination,800.00,2026-06-03
1416,2609,Vision examination,1300.00,2025-08-06
1417,383,Consultation,1200.00,2024-05-05
1418,383,X-ray,1300.00,2024-05-05
1419,2731,Minor procedure,4150.00,2026-01-09
1420,2731,Ultrasound,3250.00,2026-01-09
1421,3653,Ultrasound,3300.00,2024-01-28
1422,3653,X-ray,1200.00,2024-01-28
1423,3639,Minor procedure,5950.00,2025-03-04
1424,4252,ECG,1800.00,2026-04-08
1425,3822,Blood test,1550.00,2026-04-20
1426,3822,Consultation,1100.00,2026-04-20
1427,3687,Physiotherapy session,1150.00,2024-12-04
1428,1260,Vision examination,1050.00,2025-05-04
1429,1184,Vision examination,600.00,2024-12-16
1430,1184,X-ray,1600.00,2024-12-16
1431,1136,Minor procedure,7000.00,2025-08-07
1432,3686,Physiotherapy session,1500.00,2026-07-10
1433,3686,Vision examination,600.00,2026-07-10
1434,4662,Minor procedure,4500.00,2026-02-05
1435,851,Blood test,850.00,2026-01-26
1436,315,Blood test,950.00,2026-08-11
1437,2152,Blood test,1800.00,2024-06-28
1438,3884,ECG,1600.00,2024-04-12
1439,3192,Ultrasound,2350.00,2024-11-07
1440,997,ECG,1900.00,2026-02-11
1441,997,X-ray,2050.00,2026-02-11
1442,670,Vision examination,1250.00,2025-08-23
1443,1415,Ultrasound,1600.00,2024-10-26
1444,1415,Vision examination,1400.00,2024-10-26
1445,4914,Ultrasound,1600.00,2026-06-04
1446,3015,Vision examination,1050.00,2024-02-12
1447,2333,Blood test,1450.00,2026-07-20
1448,2946,Minor procedure,5200.00,2024-06-04
1449,185,Minor procedure,6700.00,2024-06-15
1450,185,Ultrasound,2050.00,2024-06-15
1451,1154,Physiotherapy session,1300.00,2025-05-29
1452,1303,Consultation,1150.00,2025-01-02
1453,2819,Physiotherapy session,1450.00,2025-02-07
1454,3690,Consultation,850.00,2026-02-15
1455,3690,Minor procedure,4150.00,2026-02-15
1456,1046,Vision examination,950.00,2025-10-03
1457,1284,X-ray,1250.00,2025-02-04
1458,1458,Physiotherapy session,900.00,2025-04-02
1459,658,Ultrasound,2950.00,2025-12-18
1460,2238,ECG,2100.00,2025-08-06
1461,1892,Blood test,550.00,2024-12-14
1462,4602,Vision examination,1000.00,2024-07-13
1463,4027,Ultrasound,2200.00,2025-01-15
1464,4027,Vision examination,700.00,2025-01-15
1465,2409,ECG,1850.00,2025-02-20
1466,2464,Minor procedure,2500.00,2024-04-06
1467,2073,Blood test,700.00,2026-04-25
1468,2073,Physiotherapy session,1350.00,2026-04-25
1469,3956,Consultation,1250.00,2024-02-05
1470,3274,Consultation,1250.00,2024-08-02
1471,3274,Blood test,500.00,2024-08-02
1472,2273,Physiotherapy session,1250.00,2025-05-30
1473,2273,Minor procedure,4450.00,2025-05-30
1474,523,X-ray,950.00,2025-01-26
1475,4237,Ultrasound,2850.00,2025-08-18
1476,2014,Vision examination,1050.00,2025-06-27
1477,3909,Consultation,1500.00,2024-01-05
1478,3909,Minor procedure,3650.00,2024-01-05
1479,3927,Vision examination,900.00,2025-07-08
1480,3927,Consultation,1150.00,2025-07-08
1481,38,Blood test,1150.00,2026-01-27
1482,4372,Physiotherapy session,1600.00,2026-01-09
1483,2569,Physiotherapy session,800.00,2025-08-19
1484,2359,Ultrasound,1600.00,2025-08-13
1485,2359,ECG,1750.00,2025-08-13
1486,3480,Ultrasound,2150.00,2025-03-13
1487,3480,ECG,1900.00,2025-03-13
1488,2997,Ultrasound,2900.00,2024-02-26
1489,1381,Minor procedure,2850.00,2025-07-24
1490,1833,Ultrasound,3150.00,2026-09-16
1491,1924,Blood test,1150.00,2025-07-13
1492,2568,Minor procedure,3700.00,2026-03-06
1493,3100,Vision examination,1100.00,2026-06-01
1494,3747,Vision examination,1100.00,2026-06-05
1495,555,Consultation,1000.00,2025-11-01
1496,3882,Minor procedure,3500.00,2025-11-12
1497,2242,ECG,2400.00,2026-07-09
1498,1080,Blood test,1100.00,2024-03-26
1499,3594,X-ray,1900.00,2024-08-10
1500,2694,Vision examination,1000.00,2024-07-24
1501,2552,X-ray,1250.00,2024-07-18
1502,879,Ultrasound,2700.00,2025-06-23
1503,2637,Vision examination,1050.00,2024-01-27
1504,4542,Vision examination,1300.00,2026-02-09
1505,4236,Physiotherapy session,1100.00,2026-06-09
1506,815,X-ray,1950.00,2024-10-17
1507,4927,Consultation,1100.00,2025-08-30
1508,4927,Vision examination,700.00,2025-08-30
1509,187,Vision examination,1050.00,2024-02-19
1510,2383,ECG,2100.00,2025-08-30
1511,2383,X-ray,1000.00,2025-08-30
1512,1577,Blood test,700.00,2026-08-12
1513,4615,Minor procedure,6350.00,2024-04-22
1514,3344,ECG,1650.00,2026-08-07
1515,921,Minor procedure,6600.00,2026-09-18
1516,921,Minor procedure,5500.00,2026-09-18
1517,4562,Minor procedure,5850.00,2024-11-24
1518,1935,Minor procedure,4900.00,2024-08-03
1519,3362,ECG,2400.00,2026-04-21
1520,3362,X-ray,1350.00,2026-04-21
1521,4022,Consultation,1350.00,2024-02-15
1522,4250,Consultation,1100.00,2026-01-15
1523,266,X-ray,1800.00,2026-08-16
1524,1612,X-ray,1400.00,2026-02-23
1525,721,Ultrasound,2600.00,2024-01-31
1526,4407,X-ray,2000.00,2024-06-16
1527,387,ECG,1300.00,2025-01-31
1528,387,Blood test,1750.00,2025-01-31
1529,3771,ECG,1350.00,2024-03-31
1530,2212,Ultrasound,3150.00,2026-09-10
1531,850,Vision examination,1300.00,2026-01-21
1532,468,Consultation,1150.00,2026-08-15
1533,468,Consultation,1250.00,2026-08-15
1534,3481,Consultation,1300.00,2025-11-04
1535,109,X-ray,1150.00,2025-07-20
1536,109,Vision examination,1200.00,2025-07-20
1537,2678,X-ray,1100.00,2026-02-16
1538,2035,Consultation,1400.00,2024-02-28
1539,3225,Ultrasound,3150.00,2024-09-19
1540,1814,X-ray,1600.00,2026-04-06
1541,3754,Vision examination,1100.00,2025-04-05
1542,3745,X-ray,1850.00,2024-07-29
1543,650,X-ray,1500.00,2025-01-02
1544,4224,Ultrasound,2750.00,2026-06-18
1545,4224,Ultrasound,2450.00,2026-06-18
1546,1252,X-ray,1700.00,2025-01-08
1547,1139,ECG,2000.00,2026-07-20
1548,4068,Consultation,850.00,2024-08-30
1549,108,Blood test,1000.00,2024-03-05
1550,3196,ECG,1950.00,2025-05-12
1551,2070,Vision examination,750.00,2026-08-16
1552,3534,X-ray,1200.00,2025-05-22
1553,3393,X-ray,1000.00,2026-03-03
1554,900,Ultrasound,3150.00,2026-05-26
1555,518,Blood test,1450.00,2024-03-08
1556,4645,Vision examination,1200.00,2024-12-15
1557,3838,Blood test,1750.00,2025-05-13
1558,3838,Consultation,1400.00,2025-05-13
1559,4436,Vision examination,1400.00,2025-04-09
1560,4436,Physiotherapy session,1150.00,2025-04-09
1561,4439,Minor procedure,5800.00,2024-04-05
1562,3019,Vision examination,650.00,2024-05-26
1563,3649,ECG,1700.00,2024-01-09
1564,2476,Consultation,1450.00,2024-04-02
1565,3335,Blood test,1450.00,2026-08-22
1566,2940,X-ray,2300.00,2024-01-01
1567,4910,X-ray,1150.00,2025-08-25
1568,373,ECG,2300.00,2024-03-24
1569,3501,Physiotherapy session,950.00,2025-05-20
1570,1347,Vision examination,1100.00,2026-04-06
1571,2944,Minor procedure,3500.00,2025-07-13
1572,2944,Ultrasound,2250.00,2025-07-13
1573,1615,Consultation,1150.00,2025-12-31
1574,1615,Minor procedure,5350.00,2025-12-31
1575,565,Ultrasound,2550.00,2026-04-05
1576,30,Blood test,1400.00,2025-04-11
1577,4666,Ultrasound,2600.00,2025-06-07
1578,4957,Physiotherapy session,950.00,2026-09-26
1579,2172,Ultrasound,1600.00,2025-08-06
1580,2601,Vision examination,1300.00,2024-03-19
1581,2601,Blood test,1050.00,2024-03-19
1582,4003,Physiotherapy session,1500.00,2024-08-10
1583,2305,Consultation,1050.00,2024-01-23
1584,4357,ECG,1750.00,2025-04-12
1585,2619,Consultation,950.00,2026-09-19
1586,1477,Vision examination,800.00,2025-10-21
1587,3399,Ultrasound,2450.00,2024-07-27
1588,20,Physiotherapy session,800.00,2024-12-07
1589,263,Vision examination,1200.00,2025-12-08
1590,3640,Minor procedure,2800.00,2024-07-15
1591,1828,Consultation,1400.00,2026-02-13
1592,2193,Physiotherapy session,1700.00,2026-06-26
1593,3689,Ultrasound,3050.00,2025-10-06
1594,1430,Physiotherapy session,1250.00,2026-03-21
1595,1277,ECG,2100.00,2026-03-30
1596,4490,Ultrasound,1850.00,2025-11-30
1597,1359,Physiotherapy session,1500.00,2026-09-16
1598,4077,ECG,1550.00,2026-07-07
1599,4077,X-ray,950.00,2026-07-07
1600,1444,Physiotherapy session,1800.00,2024-08-21
1601,348,Vision examination,600.00,2026-04-23
1602,3565,Minor procedure,3900.00,2024-10-07
1603,1270,X-ray,2200.00,2026-04-06
1604,415,X-ray,2100.00,2025-07-05
1605,415,Ultrasound,2100.00,2025-07-05
1606,4295,Vision examination,1400.00,2026-08-22
1607,4295,Blood test,1500.00,2026-08-22
1608,2051,Consultation,1500.00,2025-11-07
1609,3313,Blood test,1050.00,2024-01-25
1610,3898,Consultation,1100.00,2024-11-26
1611,4284,Consultation,950.00,2026-07-12
1612,2118,Consultation,1050.00,2026-05-23
1613,1238,Blood test,1200.00,2026-08-08
1614,4778,Vision examination,1300.00,2024-06-07
1615,3177,Blood test,1450.00,2025-08-01
1616,904,Vision examination,650.00,2025-08-12
1617,1816,Consultation,1200.00,2025-08-30
1618,1250,Blood test,700.00,2026-06-06
1619,789,X-ray,900.00,2026-08-29
1620,392,Ultrasound,3100.00,2024-09-08
1621,1272,ECG,1600.00,2026-09-14
1622,2227,Physiotherapy session,1500.00,2024-02-19
1623,3527,Physiotherapy session,950.00,2024-11-03
1624,329,ECG,2300.00,2024-11-04
1625,1755,Consultation,1250.00,2026-07-03
1626,4732,Minor procedure,4100.00,2025-05-16
1627,4732,Vision examination,1100.00,2025-05-16
1628,4554,Blood test,1750.00,2025-02-18
1629,3097,X-ray,1500.00,2024-02-23
1630,4136,Blood test,600.00,2025-04-18
1631,4136,Minor procedure,4900.00,2025-04-18
1632,4064,Blood test,900.00,2024-01-13
1633,3309,ECG,1650.00,2026-04-25
1634,3309,Physiotherapy session,1150.00,2026-04-25
1635,3510,Blood test,1500.00,2025-01-05
1636,4532,Minor procedure,2850.00,2025-02-13
1637,4532,Ultrasound,2100.00,2025-02-13
1638,4125,Blood test,1050.00,2026-04-18
1639,4341,Blood test,1750.00,2025-09-28
1640,194,Blood test,1050.00,2026-08-03
1641,749,X-ray,1500.00,2026-05-27
1642,2000,Consultation,1000.00,2024-01-14
1643,3672,Ultrasound,2500.00,2024-05-19
1644,4479,Minor procedure,6850.00,2024-02-04
1645,4479,Blood test,1000.00,2024-02-04
1646,2137,Ultrasound,2050.00,2024-12-19
1647,1047,Blood test,1600.00,2024-01-10
1648,1732,ECG,1850.00,2025-11-06
1649,1732,Consultation,800.00,2025-11-06
1650,4727,Physiotherapy session,1750.00,2024-01-05
1651,1624,Blood test,1800.00,2024-09-15
1652,613,Physiotherapy session,1700.00,2024-08-30
1653,1975,Blood test,650.00,2024-07-27
1654,3569,ECG,2500.00,2026-02-18
1655,2571,Consultation,1100.00,2026-05-12
1656,2571,Vision examination,650.00,2026-05-12
1657,4630,Minor procedure,6000.00,2026-07-25
1658,4630,ECG,1600.00,2026-07-25
1659,4858,Vision examination,1350.00,2025-10-29
1660,1030,Minor procedure,6950.00,2024-01-21
1661,962,Consultation,800.00,2026-09-25
1662,724,Minor procedure,2900.00,2026-03-11
1663,1974,Physiotherapy session,800.00,2024-08-30
1664,2556,Physiotherapy session,950.00,2026-04-27
1665,3160,Ultrasound,3050.00,2025-09-08
1666,1353,Blood test,1450.00,2025-06-18
1667,3568,Minor procedure,5700.00,2026-06-20
1668,604,Consultation,850.00,2024-03-06
1669,1635,Physiotherapy session,1050.00,2024-05-25
1670,4204,ECG,1400.00,2025-06-12
1671,1343,Vision examination,650.00,2026-05-29
1672,3057,ECG,1850.00,2024-12-05
1673,932,Minor procedure,4850.00,2025-03-24
1674,4864,Ultrasound,3300.00,2025-08-08
1675,3813,Consultation,850.00,2026-02-23
1676,3813,Blood test,1000.00,2026-02-23
1677,2128,Physiotherapy session,1650.00,2024-09-05
1678,1348,Minor procedure,3150.00,2024-06-20
1679,1348,X-ray,1850.00,2024-06-20
1680,3556,Minor procedure,4050.00,2025-05-10
1681,756,Vision examination,1150.00,2024-12-16
1682,3542,Vision examination,950.00,2024-01-30
1683,1836,ECG,2500.00,2025-01-30
1684,4528,X-ray,1100.00,2026-01-20
1685,4653,ECG,1350.00,2024-10-14
1686,821,Vision examination,1250.00,2026-07-29
1687,4470,Consultation,1150.00,2024-08-24
1688,1014,Consultation,800.00,2024-11-29
1689,307,Minor procedure,4550.00,2025-07-14
1690,1144,Ultrasound,3250.00,2024-11-23
1691,1144,ECG,2150.00,2024-11-23
1692,4321,ECG,2000.00,2026-05-07
1693,4861,Minor procedure,5800.00,2024-06-30
1694,4158,X-ray,2250.00,2024-11-20
1695,4158,Vision examination,600.00,2024-11-20
1696,4917,ECG,2200.00,2026-03-17
1697,403,Vision examination,900.00,2024-09-09
1698,1087,Minor procedure,4750.00,2024-10-12
1699,4060,ECG,1850.00,2026-05-04
1700,3002,Blood test,1150.00,2026-04-10
1701,3755,Blood test,1050.00,2025-01-04
1702,3755,X-ray,2250.00,2025-01-04
1703,952,Consultation,1400.00,2024-10-14
1704,3162,Blood test,1800.00,2026-04-03
1705,3821,Vision examination,1100.00,2025-02-08
1706,1044,Physiotherapy session,1000.00,2025-01-19
1707,2689,Vision examination,1350.00,2025-07-18
1708,2689,Consultation,1200.00,2025-07-18
1709,64,Minor procedure,4050.00,2024-09-15
1710,4686,Blood test,1750.00,2025-07-24
1711,3334,X-ray,1950.00,2025-12-27
1712,3334,Physiotherapy session,1200.00,2025-12-27
1713,4318,X-ray,2100.00,2024-04-05
1714,2823,Physiotherapy session,1100.00,2026-09-17
1715,3759,ECG,2200.00,2025-12-01
1716,3029,ECG,1400.00,2024-06-01
1717,3236,X-ray,2150.00,2026-03-17
1718,4984,Ultrasound,2450.00,2025-10-20
1719,2550,Physiotherapy session,850.00,2025-08-17
1720,2550,X-ray,1700.00,2025-08-17
1721,725,Physiotherapy session,750.00,2025-09-10
1722,725,Physiotherapy session,1600.00,2025-09-10
1723,716,Ultrasound,2650.00,2024-07-27
1724,2499,X-ray,1700.00,2026-01-03
1725,1700,Blood test,1100.00,2026-09-26
1726,4065,Physiotherapy session,700.00,2026-09-05
1727,4133,Minor procedure,6950.00,2026-08-05
1728,1628,Consultation,950.00,2024-02-11
1729,4469,Consultation,1050.00,2024-10-14
1730,3273,Physiotherapy session,950.00,2024-09-21
1731,3865,Physiotherapy session,1650.00,2024-05-16
1732,3865,Ultrasound,1800.00,2024-05-16
1733,3223,Consultation,1300.00,2025-11-11
1734,252,Physiotherapy session,700.00,2026-03-19
1735,2905,Consultation,1150.00,2026-05-09
1736,2905,Blood test,950.00,2026-05-09
1737,4173,X-ray,2000.00,2024-03-15
1738,4173,Physiotherapy session,700.00,2024-03-15
1739,4534,Consultation,1200.00,2024-06-12
1740,4486,Ultrasound,2400.00,2025-12-14
1741,4911,Vision examination,800.00,2025-09-08
1742,4560,ECG,1850.00,2025-08-09
1743,2595,Vision examination,1350.00,2025-08-04
1744,4863,X-ray,2100.00,2024-05-20
1745,4937,Consultation,1400.00,2026-07-02
1746,4937,Ultrasound,2300.00,2026-07-02
1747,1423,X-ray,950.00,2025-07-19
1748,2442,Vision examination,1100.00,2026-08-26
1749,3962,Ultrasound,2150.00,2025-12-19
1750,105,Consultation,850.00,2025-09-01
1751,105,Vision examination,1000.00,2025-09-01
1752,2625,X-ray,1050.00,2024-04-11
1753,3678,Minor procedure,6450.00,2025-03-04
1754,2393,Consultation,950.00,2025-08-12
1755,3448,Blood test,700.00,2025-03-07
1756,1575,Vision examination,600.00,2024-04-30
1757,1940,ECG,1950.00,2024-06-30
1758,3557,Blood test,600.00,2026-08-29
1759,3285,ECG,1200.00,2024-05-05
1760,2390,Ultrasound,1950.00,2024-10-09
1761,2390,Physiotherapy session,1250.00,2024-10-09
1762,1385,Physiotherapy session,800.00,2026-05-27
1763,1606,Consultation,1250.00,2024-10-12
1764,3336,Consultation,800.00,2024-10-15
1765,3336,Blood test,1200.00,2024-10-15
1766,4724,Minor procedure,2900.00,2026-07-25
1767,2871,ECG,1400.00,2026-03-20
1768,3811,Blood test,800.00,2025-06-20
1769,1217,ECG,1200.00,2024-10-13
1770,4907,Blood test,1800.00,2026-09-01
1771,4742,Ultrasound,2800.00,2026-01-08
1772,4742,Physiotherapy session,800.00,2026-01-08
1773,1659,Vision examination,1350.00,2024-04-20
1774,2106,Consultation,1300.00,2026-04-04
1775,3416,Consultation,1100.00,2025-02-18
1776,225,Minor procedure,3950.00,2024-11-18
1777,1269,Consultation,850.00,2025-11-02
1778,505,Minor procedure,2900.00,2025-04-17
1779,427,Ultrasound,2800.00,2026-06-24
1780,2244,Minor procedure,6750.00,2024-08-12
1781,2244,Blood test,1750.00,2024-08-12
1782,883,X-ray,1250.00,2026-07-10
1783,1059,Physiotherapy session,1400.00,2026-09-16
1784,1059,X-ray,950.00,2026-09-16
1785,1452,ECG,1650.00,2025-03-19
1786,3341,X-ray,1400.00,2024-01-21
1787,3341,Physiotherapy session,1350.00,2024-01-21
1788,3266,Consultation,950.00,2026-09-06
1789,4661,Minor procedure,5550.00,2025-03-03
1790,3570,Blood test,1400.00,2025-09-11
1791,3938,Consultation,800.00,2025-03-25
1792,1553,Physiotherapy session,900.00,2024-04-28
1793,1610,Consultation,850.00,2025-06-30
1794,4230,X-ray,1900.00,2026-08-15
1795,3213,Consultation,1450.00,2025-02-20
1796,4674,Ultrasound,2750.00,2024-03-24
1797,2918,Ultrasound,2800.00,2025-04-22
1798,202,Blood test,1300.00,2026-05-16
1799,202,Blood test,1700.00,2026-05-16
1800,556,ECG,1500.00,2024-07-21
1801,944,Minor procedure,3150.00,2025-05-25
1802,944,Consultation,1100.00,2025-05-25
1803,4107,Blood test,1250.00,2025-02-06
1804,3575,Minor procedure,3250.00,2024-06-01
1805,3575,ECG,1800.00,2024-06-01
1806,1283,Minor procedure,2600.00,2025-05-07
1807,1763,Physiotherapy session,1700.00,2025-04-16
1808,1763,ECG,2250.00,2025-04-16
1809,421,Ultrasound,2200.00,2026-06-09
1810,1926,Minor procedure,5200.00,2024-07-01
1811,2593,Vision examination,850.00,2024-11-25
1812,1009,Ultrasound,3350.00,2025-12-28
1813,2018,X-ray,1500.00,2025-01-14
1814,2018,Minor procedure,3950.00,2025-01-14
1815,1491,Ultrasound,1850.00,2026-02-11
1816,3404,Vision examination,750.00,2024-04-26
1817,378,Vision examination,1050.00,2024-04-30
1818,1039,Ultrasound,2750.00,2025-06-19
1819,1039,Minor procedure,4750.00,2025-06-19
1820,1688,Consultation,800.00,2025-10-24
1821,141,Consultation,1100.00,2025-08-12
1822,4144,Vision examination,900.00,2025-11-13
1823,3670,ECG,2450.00,2025-02-18
1824,3669,Ultrasound,2250.00,2024-10-17
1825,3669,Physiotherapy session,1700.00,2024-10-17
1826,3961,Consultation,1250.00,2025-07-08
1827,1125,Minor procedure,2850.00,2024-07-21
1828,1125,Blood test,900.00,2024-07-21
1829,4575,Vision examination,650.00,2025-10-15
1830,2169,Consultation,1150.00,2025-06-24
1831,1403,Physiotherapy session,700.00,2025-11-23
1832,2484,Minor procedure,4550.00,2024-03-02
1833,1162,X-ray,1300.00,2026-01-10
1834,4610,ECG,1450.00,2026-08-16
1835,2280,Minor procedure,4400.00,2026-05-12
1836,3247,Consultation,850.00,2025-08-27
1837,2493,Vision examination,650.00,2025-02-19
1838,3257,ECG,2050.00,2025-09-04
1839,3912,X-ray,1200.00,2024-11-07
1840,1170,Physiotherapy session,1650.00,2026-04-11
1841,1965,ECG,2450.00,2024-11-24
1842,1965,Physiotherapy session,1700.00,2024-11-24
1843,1301,Blood test,700.00,2025-11-16
1844,4845,Physiotherapy session,1150.00,2024-09-12
1845,913,Vision examination,1200.00,2024-03-29
1846,2239,Minor procedure,4900.00,2024-01-22
1847,3827,Ultrasound,2700.00,2025-05-04
1848,2062,Ultrasound,2350.00,2026-03-21
1849,1173,ECG,1750.00,2026-03-25
1850,291,ECG,2000.00,2024-11-20
1851,291,Physiotherapy session,850.00,2024-11-20
1852,3486,Minor procedure,3150.00,2026-04-16
1853,244,ECG,1700.00,2026-06-21
1854,3941,X-ray,1150.00,2025-01-01
1855,3941,Physiotherapy session,1200.00,2025-01-01
1856,690,Blood test,1800.00,2026-07-12
1857,690,Consultation,1400.00,2026-07-12
1858,2553,X-ray,2150.00,2024-09-02
1859,1774,Consultation,1450.00,2026-01-24
1860,1228,Vision examination,950.00,2025-05-18
1861,875,Consultation,950.00,2025-09-03
1862,26,Consultation,850.00,2025-03-30
1863,1138,Vision examination,1200.00,2024-10-08
1864,1111,Blood test,1400.00,2026-07-08
1865,1954,Consultation,1450.00,2025-11-29
1866,1954,Vision examination,750.00,2025-11-29
1867,4801,Minor procedure,5600.00,2025-11-01
1868,4801,Ultrasound,2550.00,2025-11-01
1869,4747,Consultation,1450.00,2025-06-12
1870,326,Blood test,950.00,2026-04-03
1871,794,Physiotherapy session,1450.00,2025-10-04
1872,3757,X-ray,1050.00,2024-05-02
1873,2519,Minor procedure,4850.00,2026-05-03
1874,2527,Minor procedure,6300.00,2025-03-13
1875,203,ECG,2350.00,2025-06-01
1876,1436,Vision examination,900.00,2025-10-12
1877,1436,ECG,1600.00,2025-10-12
1878,1344,Blood test,1400.00,2025-07-02
1879,1344,Consultation,1050.00,2025-07-02
1880,1234,Blood test,900.00,2024-06-03
1881,1036,X-ray,900.00,2026-02-28
1882,3532,X-ray,1100.00,2024-07-08
1883,813,Blood test,1500.00,2026-03-09
1884,2167,Minor procedure,6500.00,2025-03-16
1885,4883,Consultation,900.00,2024-09-13
1886,4883,Ultrasound,2150.00,2024-09-13
1887,2091,Ultrasound,2250.00,2026-08-10
1888,1993,Blood test,800.00,2024-03-25
1889,2623,Ultrasound,1800.00,2024-02-27
1890,4103,Vision examination,750.00,2025-04-30
1891,2808,ECG,1850.00,2024-01-24
1892,4037,Ultrasound,3050.00,2025-09-13
1893,4037,Physiotherapy session,950.00,2025-09-13
1894,2100,Vision examination,1350.00,2026-04-06
1895,44,Ultrasound,1950.00,2026-01-05
1896,3298,Minor procedure,5150.00,2026-05-29
1897,4427,X-ray,1000.00,2026-04-08
1898,3638,Minor procedure,6250.00,2025-12-20
1899,370,Vision examination,600.00,2026-05-14
1900,3442,Ultrasound,2300.00,2025-02-16
1901,2795,Ultrasound,3350.00,2026-08-01
1902,2795,Minor procedure,5500.00,2026-08-01
1903,3524,Blood test,1100.00,2026-05-14
1904,2561,Consultation,1500.00,2026-01-30
1905,3554,Blood test,1300.00,2024-07-17
1906,1568,ECG,1650.00,2025-01-30
1907,1568,Ultrasound,2850.00,2025-01-30
1908,3470,ECG,1850.00,2024-02-20
1909,2547,Physiotherapy session,750.00,2025-01-06
1910,3685,Physiotherapy session,1000.00,2026-07-11
1911,1736,Blood test,1300.00,2025-06-20
1912,4441,ECG,2400.00,2026-05-30
1913,2148,Consultation,1000.00,2024-08-31
1914,4234,Consultation,1400.00,2025-10-22
1915,488,Ultrasound,3400.00,2024-02-02
1916,1907,Ultrasound,3150.00,2025-06-03
1917,1907,Physiotherapy session,1100.00,2025-06-03
1918,3469,X-ray,1750.00,2025-07-10
1919,3195,Blood test,800.00,2026-07-04
1920,4468,ECG,2200.00,2024-04-01
1921,4468,Vision examination,750.00,2024-04-01
1922,3562,X-ray,1950.00,2025-03-29
1923,623,X-ray,950.00,2024-06-28
1924,521,Blood test,1150.00,2025-10-08
1925,4495,Ultrasound,1800.00,2025-08-10
1926,4167,Physiotherapy session,700.00,2024-01-26
1927,1824,Consultation,1150.00,2026-07-27
1928,4827,Ultrasound,3250.00,2026-06-10
1929,2188,Consultation,950.00,2026-06-27
1930,2188,Blood test,1150.00,2026-06-27
1931,322,X-ray,1600.00,2024-12-15
1932,322,X-ray,1850.00,2024-12-15
1933,4960,X-ray,2400.00,2024-09-23
1934,182,ECG,2450.00,2024-01-30
1935,182,ECG,2450.00,2024-01-30
1936,1886,Blood test,900.00,2024-02-18
1937,4260,Minor procedure,4050.00,2026-05-12
1938,4539,ECG,1550.00,2025-10-09
1939,3710,ECG,2200.00,2024-12-29
1940,3710,Ultrasound,3200.00,2024-12-29
1941,1457,Blood test,1000.00,2026-04-06
1942,4326,ECG,1550.00,2024-12-04
1943,3206,Consultation,850.00,2025-03-27
1944,906,Vision examination,650.00,2024-08-25
1945,2185,ECG,2050.00,2026-08-18
1946,2309,Blood test,750.00,2025-01-11
1947,3540,Physiotherapy session,900.00,2026-05-13
1948,4148,Minor procedure,5050.00,2024-05-23
1949,4447,Physiotherapy session,1800.00,2026-05-14
1950,367,ECG,2450.00,2026-05-11
1951,1264,Consultation,1350.00,2025-01-18
1952,4905,Minor procedure,6550.00,2024-04-04
1953,1496,Consultation,1100.00,2024-02-25
1954,2542,Blood test,1600.00,2026-01-19
1955,1097,X-ray,2400.00,2024-07-10
1956,955,X-ray,1650.00,2026-05-06
1957,2240,Physiotherapy session,800.00,2024-12-08
1958,4709,Minor procedure,5550.00,2024-09-20
1959,890,Minor procedure,6100.00,2025-06-16
1960,2441,Minor procedure,5700.00,2026-01-22
1961,3940,X-ray,1600.00,2024-03-12
1962,3940,Ultrasound,2550.00,2024-03-12
1963,2129,ECG,1500.00,2025-05-16
1964,1419,Physiotherapy session,750.00,2025-11-06
1965,2954,Minor procedure,2500.00,2025-01-16
1966,1053,Physiotherapy session,1450.00,2025-07-04
1967,3396,Vision examination,1400.00,2025-11-18
1968,3396,ECG,2150.00,2025-11-18
1969,2965,Blood test,1100.00,2025-03-12
1970,2661,X-ray,1600.00,2026-08-13
1971,3944,ECG,2100.00,2024-08-08
1972,1286,Consultation,1000.00,2024-07-29
1973,3456,ECG,1850.00,2025-11-26
1974,2113,Consultation,1200.00,2025-12-27
1975,3053,Blood test,500.00,2025-12-03
1976,4607,Blood test,1450.00,2024-03-26
1977,714,Consultation,1450.00,2025-06-30
1978,4833,X-ray,1850.00,2026-07-20
1979,2752,X-ray,1100.00,2025-05-30
1980,2585,Vision examination,1150.00,2025-08-12
1981,2585,Ultrasound,2150.00,2025-08-12
1982,2515,Physiotherapy session,1250.00,2024-10-23
1983,2515,Vision examination,1150.00,2024-10-23
1984,3048,Physiotherapy session,1000.00,2026-05-20
1985,3111,Consultation,1300.00,2024-11-21
1986,3436,Consultation,1400.00,2025-10-30
1987,1291,Minor procedure,4500.00,2026-02-15
1988,1291,Vision examination,900.00,2026-02-15
1989,4851,Ultrasound,1950.00,2024-07-09
1990,3424,Consultation,1350.00,2024-06-16
1991,598,Blood test,1150.00,2026-09-20
1992,2901,Minor procedure,3700.00,2026-02-13
1993,3105,ECG,1650.00,2024-06-06
1994,1455,Vision examination,700.00,2026-09-06
1995,1986,X-ray,2100.00,2025-11-14
1996,3305,Physiotherapy session,1650.00,2024-01-14
1997,4805,Minor procedure,4150.00,2024-11-03
1998,1778,X-ray,1300.00,2026-04-27
1999,1778,ECG,1850.00,2026-04-27
2000,3514,ECG,2500.00,2025-11-01
2001,823,Physiotherapy session,1600.00,2025-07-23
2002,2391,Blood test,1300.00,2024-09-27
2003,154,Consultation,1000.00,2025-10-22
2004,4023,X-ray,1550.00,2024-11-30
2005,3829,Blood test,700.00,2025-09-13
2006,3437,X-ray,2250.00,2025-03-29
2007,2402,ECG,1450.00,2026-06-04
2008,2402,X-ray,2300.00,2026-06-04
2009,4544,Ultrasound,2500.00,2024-11-05
2010,2535,ECG,1300.00,2025-07-08
2011,295,Minor procedure,4600.00,2026-02-21
2012,1106,Consultation,1500.00,2026-06-23
2013,4739,Physiotherapy session,1300.00,2024-12-06
2014,3609,Vision examination,800.00,2025-10-29
2015,71,Physiotherapy session,1250.00,2024-08-27
2016,3644,X-ray,1600.00,2024-07-08
2017,4289,Minor procedure,3150.00,2025-04-25
2018,2444,Physiotherapy session,1450.00,2025-01-19
2019,2444,Vision examination,1350.00,2025-01-19
2020,3312,X-ray,2050.00,2025-06-20
2021,3145,Ultrasound,3500.00,2026-04-15
2022,2483,Blood test,1400.00,2026-08-05
2023,4806,Vision examination,750.00,2025-08-11
2024,3227,Ultrasound,2650.00,2026-03-26
2025,3227,Ultrasound,1650.00,2026-03-26
2026,2634,Ultrasound,2550.00,2026-01-08
2027,1312,ECG,1800.00,2025-09-25
2028,2618,Ultrasound,1950.00,2025-09-29
2029,1815,Vision examination,1000.00,2025-06-22
2030,2039,Physiotherapy session,1650.00,2026-04-20
2031,1856,Physiotherapy session,1050.00,2026-07-09
2032,799,Ultrasound,1950.00,2026-07-14
2033,799,X-ray,1400.00,2026-07-14
2034,1605,Ultrasound,1750.00,2024-09-13
2035,4151,Ultrasound,3050.00,2024-09-27
2036,2216,Vision examination,800.00,2026-08-21
2037,3457,ECG,1950.00,2025-12-10
2038,3824,Minor procedure,4100.00,2026-09-20
2039,3824,Vision examination,850.00,2026-09-20
2040,1541,Consultation,1150.00,2025-10-31
2041,4656,X-ray,1850.00,2026-08-10
2042,4656,Blood test,900.00,2026-08-10
2043,4445,Vision examination,850.00,2025-06-19
2044,4445,Consultation,950.00,2025-06-19
2045,569,Blood test,1550.00,2025-11-25
2046,998,Vision examination,1350.00,2026-03-29
2047,1182,Vision examination,1150.00,2025-08-24
2048,1917,X-ray,2200.00,2025-11-29
2049,2502,Minor procedure,5000.00,2024-12-17
2050,2986,Vision examination,1050.00,2024-09-23
2051,4359,X-ray,1000.00,2025-07-11
2052,4165,Vision examination,700.00,2026-02-24
2053,209,Physiotherapy session,1400.00,2025-12-22
2054,4650,Physiotherapy session,800.00,2024-10-22
2055,2772,X-ray,2100.00,2025-02-16
2056,3734,Blood test,850.00,2026-04-27
2057,1180,Physiotherapy session,900.00,2025-08-20
2058,178,Physiotherapy session,1150.00,2026-05-02
2059,3883,Physiotherapy session,1250.00,2026-09-16
2060,271,Vision examination,1300.00,2025-10-18
2061,2480,Physiotherapy session,1150.00,2025-07-06
2062,4579,X-ray,2200.00,2025-05-28
2063,4308,Minor procedure,4300.00,2026-08-06
2064,2010,Vision examination,1200.00,2024-09-22
2065,2010,ECG,1250.00,2024-09-22
2066,4740,ECG,2550.00,2026-03-02
2067,119,Ultrasound,3200.00,2025-10-22
2068,2313,Consultation,1400.00,2024-08-13
2069,2313,ECG,2500.00,2024-08-13
2070,2366,Physiotherapy session,1200.00,2026-07-03
2071,2042,Physiotherapy session,1500.00,2026-08-09
2072,3405,Consultation,800.00,2026-07-18
2073,842,X-ray,1000.00,2025-03-17
2074,4852,Ultrasound,1600.00,2024-02-24
2075,2099,Vision examination,1100.00,2025-05-12
2076,2786,ECG,1900.00,2025-04-11
2077,2049,Blood test,1500.00,2026-05-18
2078,3868,X-ray,2150.00,2025-10-12
2079,31,Minor procedure,5250.00,2026-07-23
2080,910,Consultation,850.00,2026-08-03
2081,3171,Minor procedure,5350.00,2024-03-11
2082,1081,Physiotherapy session,1800.00,2025-02-23
2083,2960,Minor procedure,2800.00,2024-08-10
2084,2960,Physiotherapy session,1150.00,2024-08-10
2085,2371,Ultrasound,1800.00,2024-07-11
2086,3667,Vision examination,950.00,2026-04-06
2087,838,Minor procedure,3350.00,2026-03-09
2088,704,Physiotherapy session,1250.00,2026-09-06
2089,3037,Ultrasound,2950.00,2024-03-17
2090,2059,Consultation,950.00,2025-03-04
2091,2059,Ultrasound,2900.00,2025-03-04
2092,1224,Ultrasound,2550.00,2024-12-07
2093,1224,Consultation,850.00,2024-12-07
2094,1304,Blood test,950.00,2026-03-13
2095,297,X-ray,1400.00,2024-04-28
2096,4510,Minor procedure,6500.00,2026-01-15
2097,1051,ECG,2500.00,2024-06-17
2098,4913,Consultation,1150.00,2026-08-11
2099,2725,X-ray,2150.00,2025-01-29
2100,3413,Vision examination,1100.00,2025-10-01
2101,3438,Ultrasound,1700.00,2024-05-24
2102,2370,Blood test,1300.00,2024-07-26
2103,4694,ECG,2250.00,2025-12-26
2104,228,Minor procedure,4200.00,2025-05-02
2105,1761,ECG,1250.00,2025-11-14
2106,23,Physiotherapy session,850.00,2024-10-06
2107,23,Blood test,1450.00,2024-10-06
2108,3233,Vision examination,900.00,2024-10-10
2109,86,X-ray,2150.00,2024-04-21
2110,86,Consultation,950.00,2024-04-21
2111,3965,Physiotherapy session,1150.00,2024-10-09
2112,4985,Ultrasound,2450.00,2025-05-30
2113,870,Minor procedure,4100.00,2024-11-09
2114,2144,ECG,2400.00,2024-11-09
2115,2144,X-ray,1050.00,2024-11-09
2116,1592,Consultation,1150.00,2025-04-01
2117,2626,Minor procedure,6850.00,2024-01-29
2118,654,Consultation,950.00,2024-05-09
2119,654,Ultrasound,2250.00,2024-05-09
2120,1671,Physiotherapy session,900.00,2026-03-13
2121,1671,Consultation,1500.00,2026-03-13
2122,943,Minor procedure,7000.00,2024-02-06
2123,437,Physiotherapy session,900.00,2025-02-15
2124,2886,Physiotherapy session,1250.00,2024-08-05
2125,2768,X-ray,2200.00,2025-05-07
2126,1910,Ultrasound,2250.00,2024-04-03
2127,4122,Minor procedure,3000.00,2024-12-08
2128,4956,Vision examination,1300.00,2024-07-20
2129,3092,Consultation,1300.00,2024-03-01
2130,549,ECG,2350.00,2025-02-11
2131,4624,X-ray,900.00,2026-03-05
2132,895,Physiotherapy session,1250.00,2026-09-09
2133,895,Ultrasound,2850.00,2026-09-09
2134,2785,Consultation,1450.00,2024-09-22
2135,2657,Physiotherapy session,950.00,2025-05-27
2136,2413,Physiotherapy session,1700.00,2025-10-24
2137,4152,ECG,1900.00,2026-08-29
2138,519,Vision examination,1150.00,2026-06-25
2139,3328,Consultation,1400.00,2025-08-24
2140,3523,ECG,1250.00,2025-08-03
2141,2721,ECG,1250.00,2026-04-16
2142,3807,Consultation,1500.00,2025-03-27
2143,2171,Consultation,1300.00,2025-01-14
2144,3135,Ultrasound,3100.00,2025-03-06
2145,2688,ECG,1650.00,2024-01-18
2146,2688,Ultrasound,2450.00,2024-01-18
2147,192,Blood test,1400.00,2026-08-01
2148,3981,Consultation,850.00,2026-04-10
2149,2735,X-ray,2100.00,2025-11-23
2150,2735,Physiotherapy session,1450.00,2025-11-23
2151,2599,Blood test,1650.00,2024-01-05
2152,4314,Ultrasound,2000.00,2025-10-17
2153,3763,Physiotherapy session,1350.00,2025-12-04
2154,1779,Blood test,500.00,2025-12-16
2155,3453,Minor procedure,3650.00,2025-12-31
2156,3973,ECG,2300.00,2024-08-22
2157,2353,Blood test,1550.00,2026-03-04
2158,4205,Consultation,850.00,2024-11-21
2159,861,X-ray,1150.00,2024-02-01
2160,861,Blood test,1000.00,2024-02-01
2161,2448,Consultation,800.00,2025-09-05
2162,3731,Blood test,1750.00,2026-06-15
2163,270,Ultrasound,2250.00,2025-03-06
2164,1620,Ultrasound,2050.00,2026-05-12
2165,1620,X-ray,1050.00,2026-05-12
2166,1339,ECG,2550.00,2025-10-24
2167,1339,Ultrasound,2800.00,2025-10-24
2168,1858,Ultrasound,3100.00,2024-05-25
2169,4584,Physiotherapy session,750.00,2024-02-16
2170,4594,X-ray,1650.00,2025-12-28
2171,4079,ECG,1300.00,2025-07-31
2172,4394,Consultation,800.00,2025-05-25
2173,2037,Consultation,1200.00,2025-08-25
2174,2617,Consultation,1350.00,2026-04-29
2175,3075,Consultation,1350.00,2024-09-20
2176,3075,Minor procedure,5000.00,2024-09-20
2177,1050,Physiotherapy session,1200.00,2025-09-11
2178,3318,Minor procedure,5350.00,2025-05-24
2179,764,X-ray,1500.00,2024-12-23
2180,2398,Minor procedure,6550.00,2024-01-11
2181,1754,Ultrasound,3150.00,2026-07-29
2182,1483,X-ray,2050.00,2026-02-20
2183,1483,Vision examination,1400.00,2026-02-20
2184,1037,Physiotherapy session,1200.00,2024-12-06
2185,3840,Consultation,1000.00,2024-04-22
2186,4119,Ultrasound,2250.00,2025-03-30
2187,249,ECG,1200.00,2025-12-04
2188,2017,Consultation,800.00,2026-09-06
2189,1830,Vision examination,1150.00,2024-12-11
2190,586,X-ray,2150.00,2024-10-07
2191,2032,Ultrasound,1850.00,2025-11-18
2192,4915,Blood test,650.00,2025-04-25
2193,4915,Vision examination,800.00,2025-04-25
2194,2045,Consultation,950.00,2024-10-20
2195,1952,ECG,1300.00,2026-06-08
2196,4219,Physiotherapy session,1050.00,2025-07-31
2197,3163,Consultation,1400.00,2025-02-25
2198,4233,Consultation,1200.00,2026-03-05
2199,2699,Blood test,650.00,2025-01-27
2200,4011,Consultation,1000.00,2024-09-12
2201,147,Consultation,1100.00,2025-04-08
2202,730,Vision examination,800.00,2024-06-17
2203,1679,Blood test,1600.00,2025-07-05
2204,1679,Physiotherapy session,1500.00,2025-07-05
2205,4837,Blood test,1550.00,2026-01-26
2206,24,Physiotherapy session,1450.00,2024-04-14
2207,2638,Blood test,600.00,2025-11-01
2208,3600,Physiotherapy session,1550.00,2025-01-21
2209,4239,Ultrasound,2900.00,2025-08-04
2210,4017,Vision examination,950.00,2024-12-08
2211,4017,Minor procedure,6350.00,2024-12-08
2212,1145,Minor procedure,3700.00,2025-06-29
2213,989,ECG,1700.00,2025-01-23
2214,1149,Physiotherapy session,1550.00,2026-02-22
2215,4963,Vision examination,1350.00,2024-08-07
2216,2717,Minor procedure,3050.00,2025-06-27
2217,3732,Consultation,950.00,2025-04-06
2218,3907,X-ray,1950.00,2026-03-22
2219,4024,Blood test,900.00,2024-11-28
2220,2111,Minor procedure,6600.00,2025-03-14
2221,2111,Consultation,1300.00,2025-03-14
2222,2836,Blood test,1050.00,2025-10-15
2223,4566,Physiotherapy session,1750.00,2024-12-25
2224,1971,X-ray,950.00,2026-09-06
2225,3845,Vision examination,800.00,2026-06-15
2226,4238,Blood test,1600.00,2024-10-18
2227,4363,Minor procedure,6850.00,2024-06-29
2228,3728,X-ray,2150.00,2025-08-11
2229,218,Blood test,1100.00,2026-02-25
2230,4648,Consultation,1100.00,2026-07-18
2231,1945,Blood test,1000.00,2026-03-22
2232,3696,Physiotherapy session,750.00,2024-12-01
2233,1058,X-ray,900.00,2025-08-24
2234,4547,Blood test,1500.00,2024-07-21
2235,4547,X-ray,1300.00,2024-07-21
2236,3645,Physiotherapy session,1050.00,2024-04-12
2237,920,Vision examination,1300.00,2024-08-17
2238,3812,X-ray,1350.00,2025-05-06
2239,2922,Ultrasound,1900.00,2026-07-11
2240,163,ECG,1350.00,2026-08-28
2241,1019,Ultrasound,2350.00,2025-05-12
2242,893,Vision examination,1050.00,2025-03-18
2243,2881,ECG,1800.00,2024-08-20
2244,3596,Vision examination,600.00,2024-01-01
2245,2,ECG,2100.00,2025-12-26
2246,112,ECG,2050.00,2025-03-02
2247,112,Consultation,1200.00,2025-03-02
2248,4457,ECG,1800.00,2026-01-25
2249,2509,X-ray,1250.00,2026-05-17
2250,882,Minor procedure,5800.00,2025-09-21
2251,4111,Vision examination,1200.00,2025-06-30
2252,2263,Blood test,1450.00,2026-07-09
2253,2263,Vision examination,1000.00,2026-07-09
2254,4582,Physiotherapy session,1200.00,2024-12-29
2255,942,ECG,1650.00,2026-01-29
2256,3398,Minor procedure,3200.00,2024-10-26
2257,2040,Vision examination,1150.00,2024-11-20
2258,2040,Blood test,1200.00,2024-11-20
2259,3172,ECG,2200.00,2025-08-20
2260,4409,Vision examination,600.00,2025-12-28
2261,517,Consultation,1300.00,2025-02-15
2262,3810,Vision examination,1000.00,2025-10-29
2263,4853,Consultation,1150.00,2025-12-24
2264,3410,Vision examination,1400.00,2026-07-04
2265,779,X-ray,1050.00,2025-10-10
2266,3947,Vision examination,950.00,2024-12-15
2267,3971,ECG,2200.00,2025-12-06
2268,4792,Minor procedure,3300.00,2024-08-30
2269,1382,Blood test,1100.00,2025-12-02
2270,4306,X-ray,1350.00,2026-01-19
2271,305,Minor procedure,4450.00,2025-11-02
2272,2181,Blood test,650.00,2024-02-24
2273,4720,Blood test,550.00,2024-07-04
2274,1315,Vision examination,950.00,2025-09-20
2275,2763,Blood test,1500.00,2024-06-13
2276,3392,X-ray,2400.00,2024-07-27
2277,4375,Ultrasound,3350.00,2026-04-12
2278,29,ECG,1900.00,2024-03-21
2279,1065,Vision examination,1350.00,2025-12-29
2280,1065,Blood test,1000.00,2025-12-29
2281,2141,Minor procedure,3700.00,2024-09-03
2282,4497,Blood test,1550.00,2024-04-08
2283,663,Ultrasound,1600.00,2025-06-06
2284,4266,ECG,1450.00,2026-08-03
2285,4358,Physiotherapy session,1100.00,2024-05-13
2286,4358,Blood test,1450.00,2024-05-13
2287,4262,Ultrasound,1700.00,2025-11-02
2288,412,Vision examination,1250.00,2024-09-08
2289,4312,Physiotherapy session,1700.00,2024-03-24
2290,4312,Minor procedure,6050.00,2024-03-24
2291,1275,Consultation,1500.00,2026-04-19
2292,1275,ECG,1550.00,2026-04-19
2293,2065,Physiotherapy session,950.00,2026-03-20
2294,2347,Consultation,1050.00,2024-07-01
2295,2347,Consultation,1300.00,2024-07-01
2296,1130,Consultation,1350.00,2024-09-11
2297,1538,X-ray,1600.00,2024-11-13
2298,1538,ECG,2050.00,2024-11-13
2299,4977,ECG,1250.00,2025-06-10
2300,3864,Blood test,1700.00,2025-12-21
2301,3864,Physiotherapy session,1600.00,2025-12-21
2302,3888,X-ray,2250.00,2024-07-08
2303,69,Physiotherapy session,950.00,2024-08-03
2304,238,Minor procedure,6950.00,2024-06-19
2305,718,Consultation,1150.00,2024-05-27
2306,4878,ECG,1900.00,2024-12-13
2307,484,ECG,2500.00,2024-11-29
2308,4766,ECG,2250.00,2026-05-15
2309,4050,X-ray,1350.00,2024-08-03
2310,1271,Physiotherapy session,1000.00,2026-02-20
2311,3190,Vision examination,1000.00,2024-12-01
2312,2680,Blood test,550.00,2024-10-11
2313,4356,X-ray,2400.00,2024-03-10
2314,1129,Minor procedure,5400.00,2025-10-13
2315,2782,X-ray,1300.00,2024-11-17
2316,2782,Physiotherapy session,1700.00,2024-11-17
2317,1360,Blood test,1150.00,2026-01-26
2318,1276,Minor procedure,4550.00,2024-07-22
2319,1915,Consultation,1350.00,2026-05-07
2320,4940,Blood test,900.00,2024-09-08
2321,3758,Consultation,1400.00,2026-08-19
2322,1631,Ultrasound,1800.00,2025-02-17
2323,2945,ECG,2200.00,2025-05-25
2324,3001,Blood test,900.00,2026-06-05
2325,2560,Blood test,1750.00,2024-10-26
2326,3966,Blood test,1250.00,2024-02-26
2327,806,Minor procedure,5800.00,2026-09-11
2328,3220,Ultrasound,3450.00,2026-01-26
2329,1004,ECG,1850.00,2024-04-12
2330,2147,Physiotherapy session,1250.00,2026-07-15
2331,2031,Vision examination,850.00,2025-05-23
2332,3659,Consultation,1050.00,2024-05-09
2333,219,Vision examination,1050.00,2025-10-05
2334,219,X-ray,2400.00,2025-10-05
2335,4514,Minor procedure,5350.00,2025-04-02
2336,4866,ECG,1700.00,2024-02-20
2337,4866,Minor procedure,6950.00,2024-02-20
2338,785,Physiotherapy session,1500.00,2024-12-09
2339,3939,Ultrasound,2950.00,2024-05-27
2340,40,Consultation,850.00,2025-12-02
2341,2108,Blood test,700.00,2024-12-10
2342,93,ECG,1600.00,2025-10-09
2343,734,Ultrasound,3100.00,2024-03-28
2344,481,Minor procedure,3200.00,2025-03-25
2345,481,Consultation,1100.00,2025-03-25
2346,1373,Ultrasound,2950.00,2024-07-24
2347,1373,Consultation,1250.00,2024-07-24
2348,4690,Vision examination,850.00,2024-01-04
2349,959,Vision examination,1050.00,2024-05-10
2350,3918,Consultation,1300.00,2024-12-03
2351,601,ECG,2250.00,2024-01-12
2352,2222,Blood test,1750.00,2024-11-23
2353,2222,Consultation,800.00,2024-11-23
2354,4362,X-ray,1300.00,2024-03-22
2355,2372,Blood test,1300.00,2024-06-11
2356,1669,ECG,1250.00,2025-01-07
2357,235,Consultation,1050.00,2025-08-04
2358,235,Vision examination,1150.00,2025-08-04
2359,1657,Physiotherapy session,1550.00,2026-07-03
2360,4608,Vision examination,1200.00,2024-10-13
2361,1621,Minor procedure,4700.00,2024-11-02
2362,2486,Minor procedure,4950.00,2026-06-22
2363,3858,Physiotherapy session,1300.00,2025-11-05
2364,2362,Vision examination,1400.00,2024-03-13
2365,2904,Vision examination,750.00,2025-07-12
2366,772,ECG,1700.00,2026-09-02
2367,772,Minor procedure,4150.00,2026-09-02
2368,4865,X-ray,1250.00,2025-02-22
2369,1225,Minor procedure,3350.00,2024-05-02
2370,1255,Ultrasound,2500.00,2025-07-06
2371,951,Blood test,1600.00,2024-09-23
2372,143,Minor procedure,6750.00,2025-04-21
2373,1681,X-ray,1650.00,2026-08-03
2374,857,Minor procedure,6650.00,2026-04-03
2375,793,Blood test,1400.00,2026-01-13
2376,793,Physiotherapy session,1700.00,2026-01-13
2377,1355,Vision examination,1150.00,2024-01-25
2378,3238,Ultrasound,2100.00,2025-02-18
2379,3779,Blood test,1550.00,2024-08-13
2380,2673,ECG,1650.00,2024-01-10
2381,849,Vision examination,1300.00,2024-07-29
2382,1734,Consultation,1450.00,2025-05-16
2383,1734,Blood test,1600.00,2025-05-16
2384,4884,Vision examination,1050.00,2026-08-20
2385,1127,Ultrasound,3300.00,2024-09-15
2386,1127,Consultation,1450.00,2024-09-15
2387,2733,ECG,1900.00,2024-03-19
2388,1023,Physiotherapy session,1600.00,2025-06-15
2389,696,X-ray,1900.00,2024-05-15
2390,3108,X-ray,2000.00,2025-10-15
2391,4637,Blood test,1600.00,2026-06-30
2392,4637,Vision examination,1300.00,2026-06-30
2393,3633,Minor procedure,5850.00,2026-01-10
2394,4644,X-ray,1000.00,2024-11-26
2395,1848,Minor procedure,3500.00,2024-04-01
2396,3751,Vision examination,650.00,2024-03-30
2397,1570,Minor procedure,3700.00,2025-08-31
2398,1570,Blood test,700.00,2025-08-31
2399,3471,Vision examination,1050.00,2024-09-05
2400,4719,Ultrasound,2650.00,2025-09-19
2401,3063,Vision examination,1250.00,2025-12-17
2402,543,Blood test,1500.00,2026-06-25
2403,2607,X-ray,950.00,2024-04-28
2404,4998,X-ray,1050.00,2026-06-27
2405,914,X-ray,1450.00,2024-02-04
2406,2154,ECG,2350.00,2026-01-02
2407,3491,Ultrasound,2600.00,2026-09-09
2408,3395,ECG,2450.00,2025-02-13
2409,3395,Minor procedure,6900.00,2025-02-13
2410,2807,ECG,1650.00,2024-12-30
2411,4432,Blood test,650.00,2025-09-25
2412,1601,Vision examination,1000.00,2024-04-01
2413,4033,Ultrasound,3500.00,2024-10-11
2414,3252,X-ray,1100.00,2026-04-14
2415,4278,X-ray,1050.00,2025-05-06
2416,4278,Vision examination,1000.00,2025-05-06
2417,1473,ECG,2000.00,2024-10-09
2418,1787,Physiotherapy session,700.00,2025-09-06
2419,1787,Vision examination,1200.00,2025-09-06
2420,3558,X-ray,1200.00,2026-04-08
2421,4791,ECG,2200.00,2026-06-25
2422,787,X-ray,2050.00,2025-02-16
2423,4302,Physiotherapy session,1700.00,2025-07-23
2424,3915,Vision examination,650.00,2024-04-12
2425,2406,Blood test,1050.00,2026-08-14
2426,745,Ultrasound,2300.00,2025-05-25
2427,1785,ECG,2200.00,2026-01-06
2428,1785,X-ray,1950.00,2026-01-06
2429,2915,Consultation,1000.00,2025-03-25
2430,625,Ultrasound,3300.00,2024-06-23
2431,3636,ECG,2500.00,2025-12-13
2432,3833,Ultrasound,3100.00,2024-10-05
2433,2423,Consultation,1500.00,2024-06-26
2434,2423,Minor procedure,4800.00,2024-06-26
2435,848,Consultation,1400.00,2025-02-05
2436,4171,Blood test,850.00,2026-09-03
2437,4171,Consultation,800.00,2026-09-03
2438,2679,ECG,1950.00,2026-04-04
2439,4166,X-ray,1300.00,2026-03-12
2440,2860,Minor procedure,5150.00,2026-05-22
2441,4256,X-ray,1250.00,2024-02-11
2442,839,Physiotherapy session,1050.00,2026-09-01
2443,1318,Blood test,1300.00,2024-05-28
2444,3955,X-ray,1850.00,2024-02-13
2445,364,Physiotherapy session,1600.00,2025-07-07
2446,2640,Minor procedure,4800.00,2025-05-22
2447,2640,Vision examination,900.00,2025-05-22
2448,4476,Consultation,1150.00,2025-02-20
2449,251,ECG,1800.00,2025-10-24
2450,2650,Ultrasound,1600.00,2025-02-22
2451,2650,Ultrasound,2400.00,2025-02-22
2452,1151,Consultation,850.00,2024-08-11
2453,3903,Minor procedure,5100.00,2025-04-20
2454,1513,Minor procedure,5800.00,2026-03-21
2455,3848,Consultation,1300.00,2025-01-05
2456,4971,Physiotherapy session,1600.00,2024-08-22
2457,4113,ECG,1450.00,2024-03-03
2458,148,Consultation,1000.00,2026-07-10
2459,1517,X-ray,2000.00,2025-11-22
2460,1517,Blood test,1400.00,2025-11-22
2461,134,Physiotherapy session,1600.00,2024-02-04
2462,134,Vision examination,750.00,2024-02-04
2463,3948,X-ray,1400.00,2024-04-02
2464,4172,Blood test,950.00,2025-02-08
2465,3550,ECG,2050.00,2025-02-14
2466,3550,Physiotherapy session,850.00,2025-02-14
2467,4416,ECG,2050.00,2024-12-28
2468,4416,Physiotherapy session,1750.00,2024-12-28
2469,2307,Blood test,900.00,2026-03-16
2470,1748,Ultrasound,2650.00,2024-04-08
2471,2117,ECG,1450.00,2025-03-30
2472,2117,Ultrasound,2350.00,2025-03-30
2473,3425,ECG,2400.00,2025-04-24
2474,4163,Blood test,800.00,2026-05-15
2475,4163,ECG,1900.00,2026-05-15
2476,4881,ECG,1600.00,2026-05-26
2477,2826,Vision examination,750.00,2025-08-23
2478,3044,X-ray,2100.00,2025-02-09
2479,1221,Physiotherapy session,850.00,2024-09-08
2480,2209,Physiotherapy session,950.00,2025-01-26
2481,2202,Ultrasound,2900.00,2026-04-10
2482,2784,Ultrasound,1750.00,2024-06-11
2483,4859,Vision examination,1300.00,2026-09-18
2484,3338,Physiotherapy session,800.00,2026-02-20
2485,2376,Vision examination,650.00,2025-05-23
2486,809,X-ray,1500.00,2025-01-17
2487,3760,X-ray,2350.00,2025-10-18
2488,3260,Physiotherapy session,1450.00,2025-08-03
2489,3459,Blood test,1250.00,2026-01-07
2490,3459,X-ray,1550.00,2026-01-07
2491,2358,Minor procedure,6300.00,2025-08-02
2492,2358,Vision examination,1300.00,2025-08-02
2493,2648,ECG,2300.00,2026-06-23
2494,287,ECG,1300.00,2024-03-15
2495,4574,ECG,1450.00,2025-09-05
2496,4574,ECG,1450.00,2025-09-05
2497,2606,Blood test,800.00,2026-06-12
2498,1843,ECG,2350.00,2024-02-24
2499,193,Consultation,1100.00,2026-03-25
2500,1463,Ultrasound,1700.00,2025-09-30
2501,1583,Ultrasound,1800.00,2024-10-11
2502,2380,ECG,1450.00,2025-08-25
2503,3443,Minor procedure,4950.00,2025-06-20
2504,3443,Vision examination,600.00,2025-06-20
2505,1639,X-ray,1800.00,2024-09-28
2506,4010,Minor procedure,2700.00,2026-06-04
2507,4983,X-ray,1200.00,2026-01-25
2508,2950,Blood test,1050.00,2024-06-18
2509,3013,X-ray,1200.00,2024-11-04
2510,2892,Minor procedure,6450.00,2024-02-11
2511,1683,Consultation,1050.00,2024-02-11
2512,1061,Ultrasound,2650.00,2024-11-27
2513,1061,Vision examination,1150.00,2024-11-27
2514,2160,ECG,1750.00,2026-07-26
2515,2160,Vision examination,800.00,2026-07-26
2516,786,X-ray,900.00,2026-04-28
2517,1775,Physiotherapy session,800.00,2024-02-24
2518,1775,Physiotherapy session,1650.00,2024-02-24
2519,1551,Ultrasound,2850.00,2024-06-14
2520,2174,Minor procedure,3550.00,2025-04-10
2521,1244,X-ray,2050.00,2024-08-03
2522,1244,Minor procedure,6600.00,2024-08-03
2523,2750,Physiotherapy session,1600.00,2026-02-24
2524,3564,Vision examination,600.00,2024-12-20
2525,527,ECG,2250.00,2026-01-26
2526,3117,Ultrasound,1900.00,2025-04-24
2527,3047,Consultation,1500.00,2024-06-16
2528,4453,Physiotherapy session,950.00,2026-03-07
2529,3832,ECG,1850.00,2024-07-01
2530,4735,Consultation,1400.00,2026-02-01
2531,165,Ultrasound,1750.00,2026-03-29
2532,2020,Ultrasound,3100.00,2025-04-17
2533,174,Ultrasound,2100.00,2026-04-02
2534,3176,Minor procedure,3750.00,2024-01-14
2535,1012,Ultrasound,2300.00,2026-03-26
2536,2007,Blood test,950.00,2026-04-23
2537,333,X-ray,1650.00,2024-02-07
2538,333,Blood test,1050.00,2024-02-07
2539,3137,Ultrasound,2200.00,2025-06-10
2540,4221,Blood test,1000.00,2024-01-19
2541,4221,Physiotherapy session,1550.00,2024-01-19
2542,4556,Minor procedure,4000.00,2025-03-14
2543,4767,ECG,1450.00,2024-09-30
2544,3382,Physiotherapy session,1100.00,2025-12-26
2545,2087,Vision examination,650.00,2024-04-09
2546,1137,Physiotherapy session,1150.00,2025-12-11
2547,800,X-ray,950.00,2025-09-20
2548,3946,Consultation,1150.00,2025-11-27
2549,1074,Blood test,1650.00,2026-04-06
2550,4101,Ultrasound,3250.00,2024-10-30
2551,4101,Consultation,1050.00,2024-10-30
2552,4962,ECG,1350.00,2026-06-17
2553,3536,Ultrasound,3450.00,2025-08-21
2554,4718,Ultrasound,3450.00,2024-12-16
2555,4718,Blood test,1800.00,2024-12-16
2556,1614,Consultation,1150.00,2025-08-10
2557,639,Blood test,1650.00,2026-09-02
2558,3268,ECG,1200.00,2025-05-20
2559,3977,Consultation,1350.00,2024-02-17
2560,760,Blood test,700.00,2026-09-02
2561,3242,Ultrasound,2250.00,2025-05-20
2562,2451,Minor procedure,2550.00,2025-09-30
2563,908,Vision examination,1100.00,2026-02-12
2564,4942,Physiotherapy session,1400.00,2024-07-01
2565,2667,Blood test,900.00,2026-02-18
2566,2667,X-ray,1450.00,2026-02-18
2567,1891,Minor procedure,3250.00,2024-04-14
2568,1891,Ultrasound,2000.00,2024-04-14
2569,1649,Blood test,1000.00,2026-03-04
2570,3272,Blood test,650.00,2024-02-03
2571,4118,Physiotherapy session,950.00,2024-11-16
2572,4118,Vision examination,750.00,2024-11-16
2573,841,X-ray,1300.00,2025-04-08
2574,1616,Physiotherapy session,1200.00,2024-05-19
2575,1872,Vision examination,850.00,2026-01-17
2576,3482,Consultation,1150.00,2025-06-22
2577,3482,X-ray,1650.00,2025-06-22
2578,1880,ECG,1700.00,2026-07-26
2579,1880,Consultation,1200.00,2026-07-26
2580,651,ECG,1650.00,2025-03-07
2581,738,Consultation,1350.00,2025-05-29
2582,4543,ECG,1700.00,2025-07-07
2583,2589,X-ray,1550.00,2024-11-02
2584,1904,X-ray,2150.00,2026-03-02
2585,811,Blood test,1700.00,2025-02-11
2586,1589,Consultation,800.00,2026-04-08
2587,3414,Blood test,750.00,2025-01-25
2588,1169,Vision examination,750.00,2026-01-01
2589,4001,ECG,2000.00,2026-09-10
2590,2663,Ultrasound,1800.00,2025-06-06
2591,4978,Ultrasound,2050.00,2025-06-25
2592,961,X-ray,1350.00,2025-08-16
2593,1584,ECG,1800.00,2024-07-28
2594,1861,Vision examination,950.00,2026-08-03
2595,450,Physiotherapy session,1350.00,2025-12-10
2596,767,Consultation,1050.00,2024-11-27
2597,2173,ECG,2300.00,2024-01-23
2598,312,Consultation,1350.00,2025-04-01
2599,1192,X-ray,1950.00,2024-03-03
2600,3551,Blood test,500.00,2026-03-15
2601,4622,ECG,1600.00,2024-02-01
2602,618,Minor procedure,3000.00,2026-01-01
2603,2994,X-ray,1200.00,2024-06-04
2604,4700,Minor procedure,5400.00,2024-06-06
2605,4700,ECG,1250.00,2024-06-06
2606,2304,Physiotherapy session,1300.00,2026-07-16
2607,164,ECG,1200.00,2024-12-05
2608,4879,ECG,2100.00,2024-02-14
2609,160,Blood test,1550.00,2025-03-27
2610,3598,Physiotherapy session,750.00,2024-10-29
2611,402,Physiotherapy session,850.00,2026-07-24
2612,1544,Ultrasound,1600.00,2025-05-12
2613,1544,X-ray,1850.00,2025-05-12
2614,4132,Vision examination,1200.00,2025-11-05
2615,737,Physiotherapy session,1050.00,2026-09-24
2616,912,Minor procedure,2750.00,2024-08-18
2617,548,Vision examination,1250.00,2024-09-17
2618,1896,Minor procedure,2600.00,2025-02-16
2619,820,Consultation,1050.00,2026-07-22
2620,820,Consultation,1300.00,2026-07-22
2621,2308,Consultation,1100.00,2026-05-23
2622,1236,Consultation,1350.00,2024-07-12
2623,1991,Consultation,1050.00,2025-11-10
2624,2132,Ultrasound,1800.00,2026-09-12
2625,2132,ECG,1600.00,2026-09-12
2626,911,Consultation,1050.00,2025-10-14
2627,911,Consultation,1350.00,2025-10-14
2628,4716,Consultation,1150.00,2024-01-03
2629,1622,Blood test,1650.00,2024-08-08
2630,1440,X-ray,1550.00,2024-03-22
2631,1623,Consultation,950.00,2025-10-26
2632,1466,Vision examination,1300.00,2024-12-30
2633,4502,Blood test,650.00,2024-09-03
2634,337,Minor procedure,4850.00,2024-12-18
2635,2899,Consultation,1000.00,2025-11-23
2636,4776,X-ray,2050.00,2026-01-30
2637,4782,ECG,2600.00,2026-09-19
2638,2831,X-ray,2200.00,2025-08-07
2639,976,X-ray,2400.00,2026-07-25
2640,976,Consultation,950.00,2026-07-25
2641,746,Physiotherapy session,1400.00,2024-10-13
2642,3130,Vision examination,1150.00,2025-04-16
2643,585,Minor procedure,2950.00,2024-05-29
2644,2300,Vision examination,1050.00,2025-05-26
2645,4337,Vision examination,600.00,2024-11-08
2646,1581,Vision examination,650.00,2025-09-01
2647,1581,Consultation,950.00,2025-09-01
2648,507,Consultation,850.00,2025-09-13
2649,507,Consultation,950.00,2025-09-13
2650,1478,Consultation,1200.00,2024-02-27
2651,810,Blood test,1800.00,2025-08-23
2652,1462,Consultation,1250.00,2026-06-30
2653,1462,Vision examination,1150.00,2026-06-30
2654,1738,Minor procedure,3200.00,2024-03-07
2655,3139,Vision examination,1200.00,2024-06-20
2656,561,Consultation,1000.00,2025-11-12
2657,4418,Physiotherapy session,1800.00,2024-11-28
2658,4430,ECG,1400.00,2026-06-21
2659,634,Vision examination,800.00,2026-09-12
2660,728,Ultrasound,1700.00,2025-02-14
2661,728,ECG,2350.00,2025-02-14
2662,3228,ECG,2000.00,2026-05-02
2663,4722,Physiotherapy session,1250.00,2025-01-07
2664,135,Blood test,1600.00,2025-04-08
2665,2852,Physiotherapy session,1100.00,2024-04-02
2666,4270,X-ray,1950.00,2024-03-04
2667,3497,Minor procedure,3700.00,2024-09-25
2668,845,Ultrasound,3350.00,2025-06-26
2669,845,Vision examination,1250.00,2025-06-26
2670,3493,Ultrasound,2400.00,2025-07-18
2671,4944,X-ray,1950.00,2024-07-09
2672,4300,X-ray,1500.00,2025-01-17
2673,3612,Consultation,1200.00,2024-05-07
2674,3804,Vision examination,1050.00,2026-03-19
2675,2691,Blood test,1300.00,2024-04-27
2676,2832,ECG,2300.00,2026-06-14
2677,610,Ultrasound,3450.00,2026-09-27
2678,610,ECG,2200.00,2026-09-27
2679,3148,Minor procedure,3500.00,2024-10-08
2680,1350,Blood test,1000.00,2024-12-12
2681,4595,ECG,1350.00,2026-03-17
2682,4744,Physiotherapy session,700.00,2025-05-01
2683,3887,Physiotherapy session,750.00,2024-09-06
2684,1257,Physiotherapy session,1200.00,2026-05-26
2685,360,ECG,2300.00,2026-01-08
2686,3646,Physiotherapy session,1250.00,2024-06-08
2687,1531,X-ray,1750.00,2025-02-01
2688,2951,Consultation,1300.00,2026-09-16
2689,3733,Minor procedure,2600.00,2026-01-20
2690,4723,Physiotherapy session,1000.00,2026-07-22
2691,3244,Ultrasound,2800.00,2026-02-01
2692,1855,Blood test,900.00,2025-09-13
2693,1855,Ultrasound,3500.00,2025-09-13
2694,4451,ECG,2150.00,2024-12-30
2695,4535,X-ray,1150.00,2024-07-09
2696,2830,X-ray,2250.00,2026-06-30
2697,170,X-ray,900.00,2026-09-26
2698,1327,Blood test,1450.00,2024-01-23
2699,1767,Vision examination,1400.00,2026-02-21
2700,4646,Minor procedure,2850.00,2026-05-07
2701,4646,X-ray,2350.00,2026-05-07
2702,4019,ECG,2150.00,2024-02-21
2703,1962,Ultrasound,2700.00,2024-09-07
2704,922,X-ray,1200.00,2026-08-12
2705,922,Vision examination,1400.00,2026-08-12
2706,1442,Ultrasound,2050.00,2025-08-05
2707,81,Ultrasound,2300.00,2026-07-06
2708,4586,X-ray,1850.00,2025-06-25
2709,4586,Minor procedure,6800.00,2025-06-25
2710,2829,Consultation,1150.00,2025-10-06
2711,3079,Minor procedure,4600.00,2024-06-09
2712,703,X-ray,2050.00,2025-12-04
2713,92,Physiotherapy session,1800.00,2024-05-04
2714,686,Vision examination,900.00,2024-06-29
2715,497,Ultrasound,2150.00,2025-02-04
2716,2525,Minor procedure,3050.00,2026-02-18
2717,2525,Physiotherapy session,1050.00,2026-02-18
2718,3349,Physiotherapy session,1800.00,2024-04-18
2719,3427,ECG,2300.00,2024-01-05
2720,1548,Ultrasound,3300.00,2026-07-08
2721,353,ECG,2300.00,2025-01-16
2722,3049,Vision examination,1350.00,2025-08-02
2723,1810,Blood test,900.00,2025-04-21
2724,754,Ultrasound,1850.00,2025-10-19
2725,754,Physiotherapy session,1150.00,2025-10-19
2726,2636,Consultation,1450.00,2024-01-31
2727,880,Physiotherapy session,1750.00,2025-04-24
2728,880,X-ray,2300.00,2025-04-24
2729,1636,Physiotherapy session,900.00,2024-02-12
2730,4691,Vision examination,1350.00,2026-05-25
2731,2551,Consultation,900.00,2024-02-07
2732,3197,Vision examination,750.00,2024-11-01
2733,496,X-ray,1600.00,2025-08-12
2734,496,Ultrasound,1600.00,2025-08-12
2735,2957,ECG,1850.00,2024-05-09
2736,2487,Physiotherapy session,1200.00,2025-02-21
2737,2608,Physiotherapy session,1450.00,2025-08-11
2738,3365,Minor procedure,4100.00,2025-10-09
2739,3365,Minor procedure,6800.00,2025-10-09
2740,1870,Ultrasound,3450.00,2026-05-28
2741,1870,X-ray,1850.00,2026-05-28
2742,140,Minor procedure,4000.00,2025-01-29
2743,573,ECG,1450.00,2024-06-21
2744,4688,Ultrasound,3000.00,2025-04-15
2745,91,Ultrasound,3150.00,2025-07-07
2746,3008,X-ray,1850.00,2026-07-29
2747,4063,Consultation,850.00,2026-05-09
2748,2698,ECG,2500.00,2026-07-04
2749,635,X-ray,1700.00,2025-12-15
2750,2455,ECG,2550.00,2024-03-26
2751,1027,Minor procedure,6900.00,2024-10-16
2752,748,Ultrasound,2300.00,2026-08-20
2753,411,Vision examination,950.00,2026-09-07
2754,3027,ECG,2450.00,2025-10-06
2755,1869,Ultrasound,3300.00,2025-09-18
2756,1869,Consultation,1000.00,2025-09-18
2757,3762,Physiotherapy session,1800.00,2025-02-18
2758,131,Consultation,1200.00,2025-08-28
2759,1660,Ultrasound,2150.00,2024-05-21
2760,53,Vision examination,750.00,2025-07-19
2761,4047,Vision examination,900.00,2026-02-15
2762,829,Blood test,1000.00,2024-10-03
2763,226,ECG,1300.00,2026-06-24
2764,180,Vision examination,700.00,2024-01-28
2765,636,Vision examination,900.00,2026-01-01
2766,808,X-ray,2300.00,2026-04-15
2767,808,Blood test,1400.00,2026-04-15
2768,3920,Physiotherapy session,1350.00,2026-02-21
2769,3920,Blood test,1150.00,2026-02-21
2770,964,Physiotherapy session,1650.00,2025-06-07
2771,3574,Physiotherapy session,1450.00,2024-09-07
2772,3218,Blood test,1300.00,2026-01-28
2773,3087,ECG,1400.00,2025-12-15
2774,2857,Physiotherapy session,1400.00,2026-01-04
2775,2777,Blood test,1100.00,2026-01-09
2776,2516,Ultrasound,3250.00,2025-07-01
2777,2516,Minor procedure,5400.00,2025-07-01
2778,4475,Minor procedure,6900.00,2026-09-30
2779,3605,ECG,2150.00,2025-09-04
2780,3166,Consultation,1400.00,2026-06-08
2781,2742,Blood test,850.00,2024-02-02
2782,207,Minor procedure,4200.00,2025-01-23
2783,1693,Blood test,600.00,2026-02-22
2784,1598,ECG,2550.00,2024-09-11
2785,1922,Blood test,1800.00,2024-07-09
2786,1922,Minor procedure,3000.00,2024-07-09
2787,4094,Consultation,1150.00,2026-06-28
2788,1294,Vision examination,1250.00,2025-10-17
2789,2095,Blood test,800.00,2026-06-29
2790,3945,Ultrasound,2600.00,2026-04-13
2791,4685,Physiotherapy session,1150.00,2024-06-13
2792,4874,Consultation,1450.00,2026-09-07
2793,325,X-ray,2000.00,2026-06-08
2794,1673,Blood test,550.00,2024-04-05
2795,3987,Ultrasound,2850.00,2025-05-06
2796,3408,Blood test,950.00,2026-01-21
2797,2790,Minor procedure,6150.00,2024-10-22
2798,1147,Vision examination,650.00,2024-11-07
2799,2136,Vision examination,600.00,2025-03-27
2800,447,ECG,1750.00,2026-03-15
2801,3859,Blood test,900.00,2025-08-09
2802,2858,Ultrasound,2750.00,2024-09-08
2803,323,X-ray,2150.00,2026-06-11
2804,4194,X-ray,1550.00,2024-06-06
2805,50,Ultrasound,2550.00,2024-05-17
2806,4246,Blood test,500.00,2024-11-19
2807,2563,X-ray,2100.00,2026-06-28
2808,1888,Vision examination,900.00,2025-11-29
2809,3167,Physiotherapy session,1800.00,2025-12-24
2810,1352,Ultrasound,2050.00,2026-05-18
2811,2500,Blood test,600.00,2025-06-30
2812,179,Vision examination,1000.00,2026-05-04
2813,179,X-ray,1900.00,2026-05-04
2814,1502,Consultation,1100.00,2026-01-16
2815,1906,ECG,1250.00,2026-03-28
2816,3432,Vision examination,800.00,2026-08-21
2817,491,X-ray,1700.00,2024-04-23
2818,4969,X-ray,1800.00,2026-03-23
2819,4876,Consultation,850.00,2024-05-06
2820,3553,Minor procedure,6450.00,2024-04-22
2821,3553,Minor procedure,4400.00,2024-04-22
2822,1397,Physiotherapy session,1550.00,2025-07-09
2823,3647,Physiotherapy session,1500.00,2024-01-08
2824,4530,Ultrasound,1650.00,2025-01-11
2825,1672,Ultrasound,2900.00,2025-11-05
2826,2182,X-ray,1050.00,2025-11-28
2827,2182,Ultrasound,2250.00,2025-11-28
2828,831,Vision examination,1000.00,2025-06-24
2829,2384,Blood test,650.00,2025-06-25
2830,2384,Minor procedure,4200.00,2025-06-25
2831,4018,ECG,2100.00,2024-09-09
2832,1417,Blood test,1450.00,2025-05-16
2833,4698,Consultation,1250.00,2024-07-29
2834,3301,Vision examination,1250.00,2025-02-22
2835,637,ECG,1200.00,2025-12-01
2836,1126,Ultrasound,3300.00,2024-05-04
2837,3768,Consultation,1500.00,2024-06-10
2838,1996,Blood test,1150.00,2024-04-27
2839,1996,Consultation,850.00,2024-04-27
2840,4846,X-ray,2050.00,2025-10-31
2841,4253,Ultrasound,2250.00,2024-07-11
2842,2964,X-ray,1900.00,2024-02-26
2843,2089,X-ray,1100.00,2026-08-27
2844,643,Physiotherapy session,750.00,2024-02-28
2845,3814,Consultation,1050.00,2026-09-21
2846,1481,Minor procedure,5250.00,2025-05-19
2847,234,Consultation,1450.00,2024-01-21
2848,4115,Vision examination,650.00,2025-08-28
2849,1875,Minor procedure,4550.00,2025-09-02
2850,4516,Physiotherapy session,1600.00,2024-02-07
2851,3992,Ultrasound,1700.00,2025-10-24
2852,3992,Minor procedure,6550.00,2025-10-24
2853,3054,Ultrasound,1900.00,2024-03-07
2854,176,X-ray,1450.00,2024-12-09
2855,4162,Consultation,950.00,2026-06-28
2856,4162,Blood test,1600.00,2026-06-28
2857,4842,Vision examination,1300.00,2025-06-14
2858,3296,Minor procedure,3450.00,2026-02-17
2859,674,Minor procedure,6800.00,2026-07-21
2860,1684,Consultation,1000.00,2026-09-08
2861,4795,Ultrasound,2050.00,2024-07-08
2862,4824,ECG,1700.00,2024-03-22
2863,4824,Minor procedure,5550.00,2024-03-22
2864,3925,Consultation,950.00,2024-04-29
2865,513,Vision examination,900.00,2024-12-11
2866,3127,Minor procedure,6000.00,2025-01-15
2867,3127,Physiotherapy session,1600.00,2025-01-15
2868,2495,Minor procedure,3800.00,2025-06-19
2869,3073,Vision examination,700.00,2025-09-01
2870,2050,Consultation,1350.00,2025-04-16
2871,4848,Blood test,900.00,2024-10-01
2872,4459,Blood test,1350.00,2026-06-30
2873,4459,Blood test,850.00,2026-06-30
2874,3571,Blood test,1250.00,2024-10-31
2875,4386,Minor procedure,4400.00,2026-02-03
2876,1648,ECG,2250.00,2024-11-02
2877,1648,X-ray,1950.00,2024-11-02
2878,227,Consultation,1450.00,2025-05-14
2879,1331,Minor procedure,3550.00,2024-12-04
2880,2910,Physiotherapy session,900.00,2024-06-24
2881,3107,Blood test,900.00,2026-02-03
2882,1664,Vision examination,650.00,2025-11-13
2883,241,X-ray,1950.00,2024-10-06
2884,946,Ultrasound,1900.00,2024-02-15
2885,3867,Blood test,650.00,2024-10-05
2886,2780,ECG,1600.00,2026-03-18
2887,3739,Physiotherapy session,1200.00,2024-05-24
2888,3739,ECG,2250.00,2024-05-24
2889,1321,Blood test,1100.00,2025-12-24
2890,1321,Physiotherapy session,1800.00,2025-12-24
2891,4424,Consultation,800.00,2025-05-29
2892,3264,X-ray,1250.00,2026-02-18
2893,3264,Consultation,850.00,2026-02-18
2894,510,Physiotherapy session,1200.00,2025-12-14
2895,4425,Vision examination,950.00,2025-07-27
2896,4729,X-ray,1500.00,2024-12-17
2897,770,X-ray,1350.00,2025-10-16
2898,770,Ultrasound,2850.00,2025-10-16
2899,3984,Vision examination,1000.00,2026-04-26
2900,2839,Minor procedure,3750.00,2025-08-27
2901,2938,Consultation,1050.00,2025-01-07
2902,3066,Ultrasound,2100.00,2026-03-26
2903,1282,X-ray,1500.00,2024-08-01
2904,1282,ECG,1700.00,2024-08-01
2905,2247,Vision examination,850.00,2025-06-06
2906,2247,Vision examination,1050.00,2025-06-06
2907,2907,Minor procedure,6200.00,2025-11-20
2908,2907,Blood test,1050.00,2025-11-20
2909,2584,Blood test,1050.00,2024-07-18
2910,3004,Ultrasound,3450.00,2025-11-04
2911,3004,Minor procedure,4850.00,2025-11-04
2912,2766,X-ray,1900.00,2024-03-03
2913,3374,Vision examination,900.00,2026-03-31
2914,3374,ECG,2050.00,2026-03-31
2915,4601,Vision examination,850.00,2025-01-29
2916,3377,ECG,1200.00,2025-02-06
2917,3377,ECG,2150.00,2025-02-06
2918,3544,ECG,1800.00,2024-03-26
2919,3409,X-ray,2050.00,2024-10-15
2920,3409,Ultrasound,2050.00,2024-10-15
2921,3642,Vision examination,1400.00,2024-11-08
2922,3203,X-ray,1050.00,2024-06-01
2923,4316,Physiotherapy session,900.00,2025-11-16
2924,459,X-ray,950.00,2026-06-22
2925,2996,Consultation,800.00,2026-06-06
2926,2996,Blood test,650.00,2026-06-06
2927,515,Ultrasound,2550.00,2024-11-26
2928,3988,Vision examination,1350.00,2025-10-06
2929,780,Consultation,1450.00,2026-03-06
2930,2835,ECG,2350.00,2024-11-02
2931,4212,Vision examination,600.00,2026-03-05
2932,2153,Ultrasound,3400.00,2025-03-20
2933,2153,Vision examination,1200.00,2025-03-20
2934,3624,Vision examination,850.00,2024-09-05
2935,1377,Physiotherapy session,1700.00,2025-08-05
2936,4124,X-ray,1450.00,2025-01-18
2937,4124,Consultation,1450.00,2025-01-18
2938,762,Ultrasound,2800.00,2026-06-11
2939,4135,Physiotherapy session,1000.00,2025-01-09
2940,4157,Consultation,800.00,2024-09-25
2941,867,Ultrasound,3150.00,2025-04-22
2942,2883,Minor procedure,6550.00,2026-05-05
2943,276,Blood test,700.00,2026-06-16
2944,276,Vision examination,600.00,2026-06-16
2945,796,Minor procedure,6100.00,2026-05-14
2946,796,X-ray,1250.00,2026-05-14
2947,1829,X-ray,2100.00,2025-09-13
2948,3483,X-ray,1200.00,2026-06-19
2949,2773,Blood test,1150.00,2024-02-16
2950,2218,Vision examination,1050.00,2024-06-21
2951,2021,Physiotherapy session,1600.00,2026-03-27
2952,1388,Blood test,1450.00,2025-05-05
2953,1159,Blood test,1750.00,2026-08-26
2954,659,Vision examination,800.00,2025-12-18
2955,1759,X-ray,1650.00,2026-08-05
2956,1759,Blood test,1000.00,2026-08-05
2957,3831,Physiotherapy session,700.00,2024-12-13
2958,70,X-ray,1500.00,2024-02-23
2959,16,Ultrasound,2800.00,2026-03-29
2960,4936,Vision examination,700.00,2026-03-02
2961,1772,Vision examination,1150.00,2024-07-19
2962,261,Vision examination,700.00,2026-09-13
2963,261,Blood test,1800.00,2026-09-13
2964,401,Ultrasound,2450.00,2025-04-20
2965,2180,Vision examination,1000.00,2024-06-15
2966,2180,Ultrasound,2100.00,2024-06-15
2967,2504,Vision examination,900.00,2025-03-31
2968,250,Consultation,1000.00,2024-01-29
2969,626,Vision examination,750.00,2025-07-18
2970,776,Physiotherapy session,800.00,2025-07-09
2971,1841,Vision examination,950.00,2025-04-03
2972,1850,Ultrasound,3450.00,2024-01-22
2973,1197,Ultrasound,2750.00,2024-01-01
2974,1254,X-ray,2000.00,2024-12-05
2975,3034,Blood test,1000.00,2025-01-18
2976,4031,Ultrasound,1950.00,2025-12-09
2977,1873,Ultrasound,2700.00,2025-03-27
2978,3919,Vision examination,600.00,2024-08-01
2979,1098,Consultation,1150.00,2025-03-25
2980,125,Minor procedure,4650.00,2024-02-25
2981,4036,Vision examination,900.00,2026-08-20
2982,4036,Blood test,1700.00,2026-08-20
2983,65,Minor procedure,6250.00,2025-09-10
2984,4807,Minor procedure,4900.00,2024-08-10
2985,3499,Consultation,1050.00,2026-03-03
2986,3499,Minor procedure,4650.00,2026-03-03
2987,3682,ECG,1700.00,2025-08-12
2988,3458,Vision examination,1050.00,2024-05-25
2989,3458,Minor procedure,5250.00,2024-05-25
2990,1690,Physiotherapy session,1150.00,2024-07-27
2991,1077,X-ray,1600.00,2025-11-01
2992,1119,ECG,2450.00,2026-04-02
2993,3846,Consultation,1000.00,2024-06-04
2994,3904,Physiotherapy session,750.00,2024-03-09
2995,2718,ECG,2300.00,2024-11-10
2996,3263,Blood test,1650.00,2024-04-26
2997,2872,Consultation,1250.00,2026-06-20
2998,3357,Vision examination,850.00,2026-01-21
2999,4950,X-ray,1150.00,2026-03-10
3000,4950,Blood test,1650.00,2026-03-10
3001,2591,X-ray,2150.00,2024-08-10
3002,375,Consultation,1100.00,2026-03-08
3003,2576,Physiotherapy session,1700.00,2025-06-19
3004,2576,Blood test,1550.00,2025-06-19
3005,1566,Ultrasound,2450.00,2025-01-13
3006,3175,Physiotherapy session,1100.00,2024-10-01
3007,3175,Ultrasound,1800.00,2024-10-01
3008,4958,Consultation,1400.00,2024-08-21
3009,2727,Physiotherapy session,1450.00,2024-03-23
3010,524,Consultation,1400.00,2024-01-22
3011,524,Physiotherapy session,900.00,2024-01-22
3012,3326,Minor procedure,3250.00,2025-01-15
3013,146,Minor procedure,3250.00,2026-07-08
3014,1508,ECG,2600.00,2024-03-07
3015,4294,Physiotherapy session,1250.00,2025-03-24
3016,4294,X-ray,1000.00,2025-03-24
3017,1837,ECG,1450.00,2026-09-02
3018,903,Ultrasound,2250.00,2024-03-10
3019,3071,Vision examination,1300.00,2024-07-14
3020,409,Vision examination,1000.00,2024-06-14
3021,409,Minor procedure,5700.00,2024-06-14
3022,771,Vision examination,1050.00,2025-12-14
3023,258,Consultation,850.00,2026-08-15
3024,215,Vision examination,1400.00,2025-09-01
3025,4117,Consultation,850.00,2024-01-05
3026,559,Consultation,1300.00,2024-03-28
3027,4349,ECG,1500.00,2024-10-20
3028,2255,ECG,1400.00,2024-08-19
3029,3342,Consultation,1000.00,2025-03-29
3030,1789,Consultation,1100.00,2025-04-25
3031,2548,Ultrasound,2450.00,2025-04-27
3032,4282,Ultrasound,2900.00,2026-03-19
3033,1451,ECG,1850.00,2026-04-29
3034,4896,Minor procedure,4550.00,2026-05-26
3035,3122,X-ray,1200.00,2025-12-14
3036,3122,Vision examination,650.00,2025-12-14
3037,579,Ultrasound,2800.00,2024-10-24
3038,3262,Consultation,1000.00,2024-02-03
3039,1394,Consultation,900.00,2024-05-16
3040,157,Minor procedure,4150.00,2024-05-31
3041,4893,Consultation,1400.00,2025-12-24
3042,1552,Vision examination,650.00,2025-01-17
3043,4870,Vision examination,650.00,2025-09-22
3044,2013,Physiotherapy session,950.00,2025-03-12
3045,4455,ECG,2400.00,2024-02-03
3046,2629,Minor procedure,5000.00,2024-06-25
3047,318,Minor procedure,3050.00,2025-06-09
3048,1431,Physiotherapy session,1200.00,2024-11-24
3049,953,ECG,2550.00,2024-10-29
3050,2456,Blood test,1700.00,2024-06-03
3051,3089,Minor procedure,3200.00,2025-03-14
3052,3276,ECG,2250.00,2026-07-31
3053,94,Blood test,1100.00,2026-02-17
3054,632,ECG,1400.00,2026-05-15
3055,1201,X-ray,1750.00,2024-11-22
3056,3680,Minor procedure,5550.00,2025-05-18
3057,526,Minor procedure,6800.00,2024-06-04
3058,424,Ultrasound,2750.00,2025-09-21
3059,424,X-ray,1550.00,2025-09-21
3060,1281,X-ray,1250.00,2026-01-08
3061,1456,X-ray,1650.00,2025-09-18
3062,2582,Blood test,1050.00,2026-04-22
3063,3541,Physiotherapy session,1350.00,2026-01-06
3064,1911,Consultation,1200.00,2025-02-03
3065,950,Minor procedure,4000.00,2026-05-29
3066,4703,ECG,1950.00,2025-12-06
3067,4703,Minor procedure,2550.00,2025-12-06
3068,720,Consultation,1000.00,2024-02-25
3069,825,ECG,2050.00,2024-08-17
3070,825,Consultation,950.00,2024-08-17
3071,4139,ECG,2250.00,2025-12-11
3072,4139,Blood test,800.00,2025-12-11
3073,4520,ECG,1950.00,2026-04-11
3074,2695,ECG,2200.00,2025-11-01
3075,4099,Ultrasound,3400.00,2024-11-13
3076,1852,Physiotherapy session,900.00,2025-02-17
3077,1852,X-ray,2050.00,2025-02-17
3078,2127,Physiotherapy session,1600.00,2025-09-21
3079,3478,Ultrasound,1650.00,2026-02-03
3080,3478,Vision examination,850.00,2026-02-03
3081,4774,Minor procedure,6400.00,2024-09-08
3082,3969,Physiotherapy session,800.00,2024-02-26
3083,3780,Consultation,1250.00,2024-12-21
3084,3780,Consultation,1000.00,2024-12-21
3085,3221,Physiotherapy session,950.00,2024-07-29
3086,379,Ultrasound,2650.00,2026-08-01
3087,2686,Minor procedure,6350.00,2025-12-06
3088,487,X-ray,2150.00,2025-10-16
3089,4811,Vision examination,850.00,2025-03-22
3090,830,Minor procedure,4700.00,2026-06-01
3091,830,X-ray,1100.00,2026-06-01
3092,665,Physiotherapy session,1650.00,2024-01-01
3093,3850,Vision examination,1000.00,2025-02-24
3094,1273,Physiotherapy session,1200.00,2024-05-03
3095,1273,Blood test,1150.00,2024-05-03
3096,1018,Ultrasound,3450.00,2025-02-25
3097,4121,X-ray,1200.00,2024-06-23
3098,1153,Consultation,1350.00,2024-11-23
3099,4974,ECG,2200.00,2024-02-22
3100,2846,Ultrasound,3100.00,2024-09-29
3101,3080,Blood test,800.00,2025-07-29
3102,4265,ECG,1500.00,2025-03-14
3103,4265,Blood test,1400.00,2025-03-14
3104,2559,Physiotherapy session,1200.00,2025-06-08
3105,1406,Physiotherapy session,1600.00,2025-08-20
3106,836,Minor procedure,2900.00,2026-02-17
3107,3043,Physiotherapy session,1700.00,2026-06-21
3108,3005,Blood test,1450.00,2025-04-10
3109,4872,Vision examination,1200.00,2025-08-17
3110,1503,X-ray,1500.00,2026-09-21
3111,175,Minor procedure,6850.00,2024-05-22
3112,4465,Vision examination,600.00,2026-02-05
3113,2016,Ultrasound,2050.00,2024-02-03
3114,60,Physiotherapy session,900.00,2025-06-08
3115,60,Physiotherapy session,1000.00,2025-06-08
3116,3675,Ultrasound,2450.00,2026-06-12
3117,4466,ECG,2250.00,2025-01-23
3118,4466,Ultrasound,2000.00,2025-01-23
3119,4605,Vision examination,900.00,2024-01-08
3120,1361,Consultation,1500.00,2026-07-21
3121,2615,Blood test,1200.00,2025-05-20
3122,1368,ECG,2100.00,2026-04-16
3123,1368,Minor procedure,5950.00,2026-04-16
3124,4084,Consultation,1200.00,2024-05-23
3125,645,Vision examination,750.00,2024-01-10
3126,2060,Minor procedure,3050.00,2026-05-12
3127,3051,X-ray,1950.00,2024-09-21
3128,2501,Blood test,1600.00,2024-05-21
3129,3622,Blood test,1100.00,2025-03-07
3130,3622,X-ray,2350.00,2025-03-07
3131,156,Ultrasound,3000.00,2024-06-24
3132,602,Ultrasound,2250.00,2024-08-18
3133,4277,ECG,1700.00,2026-03-12
3134,4553,Physiotherapy session,1550.00,2024-12-05
3135,656,ECG,1250.00,2025-05-06
3136,656,Physiotherapy session,1550.00,2025-05-06
3137,2133,Ultrasound,2650.00,2024-02-03
3138,4184,ECG,2000.00,2025-06-21
3139,1223,Physiotherapy session,1600.00,2026-02-04
3140,1223,Blood test,1700.00,2026-02-04
3141,2518,Blood test,1150.00,2024-11-08
3142,3543,Ultrasound,3500.00,2025-02-05
3143,583,Ultrasound,2600.00,2024-04-19
3144,583,X-ray,2050.00,2024-04-19
3145,1771,X-ray,2350.00,2024-10-12
3146,1771,Physiotherapy session,850.00,2024-10-12
3147,2112,Ultrasound,2800.00,2025-09-19
3148,407,Consultation,1050.00,2026-08-13
3149,407,Ultrasound,2350.00,2026-08-13
3150,3726,Vision examination,950.00,2025-02-17
3151,1969,Vision examination,1000.00,2026-09-10
3152,1969,Vision examination,600.00,2026-09-10
3153,4525,Minor procedure,4000.00,2025-09-18
3154,198,Vision examination,1400.00,2026-03-04
3155,198,Ultrasound,1600.00,2026-03-04
3156,4303,Vision examination,800.00,2024-01-02
3157,1142,Consultation,1000.00,2025-09-18
3158,608,X-ray,1000.00,2025-08-11
3159,2022,Physiotherapy session,1400.00,2025-07-21
3160,2004,Vision examination,1100.00,2025-09-02
3161,3549,Physiotherapy session,1800.00,2025-11-04
3162,2246,Consultation,1500.00,2024-12-30
3163,957,ECG,2200.00,2024-02-29
3164,957,Minor procedure,4700.00,2024-02-29
3165,1010,Minor procedure,4550.00,2025-10-08
3166,1010,Consultation,1000.00,2025-10-08
3167,4555,Blood test,950.00,2025-05-21
3168,4555,X-ray,1750.00,2025-05-21
3169,1665,Ultrasound,1750.00,2024-02-07
3170,2166,ECG,2550.00,2024-02-12
3171,4508,Minor procedure,5300.00,2026-02-07
3172,1677,Consultation,1250.00,2024-05-31
3173,3368,Minor procedure,6700.00,2025-10-24
3174,1537,Physiotherapy session,1000.00,2025-04-10
3175,3714,X-ray,1700.00,2026-01-13
3176,440,ECG,1500.00,2024-04-20
3177,2162,Physiotherapy session,1450.00,2025-03-19
3178,4780,Ultrasound,2200.00,2025-01-25
3179,68,Minor procedure,6450.00,2026-02-09
3180,3340,Vision examination,1300.00,2024-11-25
3181,1413,Physiotherapy session,1800.00,2024-03-28
3182,4777,ECG,1700.00,2025-04-17
3183,4682,Ultrasound,2300.00,2024-02-24
3184,750,Physiotherapy session,1300.00,2025-01-17
3185,2526,Blood test,1200.00,2025-02-28
3186,4280,Physiotherapy session,1250.00,2025-03-31
3187,2292,Minor procedure,3700.00,2026-05-20
3188,2778,Consultation,1100.00,2026-03-27
3189,2081,Minor procedure,5700.00,2024-11-24
3190,4952,Ultrasound,3300.00,2024-09-10
3191,4952,Physiotherapy session,1050.00,2024-09-10
3192,2437,Vision examination,800.00,2025-06-27
3193,2437,Minor procedure,4550.00,2025-06-27
3194,3723,Vision examination,900.00,2025-03-11
3195,3700,Ultrasound,2300.00,2025-01-14
3196,3522,Blood test,900.00,2024-02-22
3197,4002,Ultrasound,2550.00,2025-10-11
3198,4002,Consultation,1250.00,2025-10-11
3199,1697,ECG,1650.00,2024-06-13
3200,1788,Vision examination,1000.00,2024-06-03
3201,4712,Minor procedure,3500.00,2024-04-27
3202,4712,Vision examination,1300.00,2024-04-27
3203,3406,Ultrasound,3050.00,2024-03-20
3204,4403,X-ray,950.00,2025-12-05
3205,2275,Vision examination,1350.00,2026-08-15
3206,2933,Consultation,1250.00,2025-10-12
3207,3035,Minor procedure,3100.00,2025-03-09
3208,25,Vision examination,850.00,2025-08-10
3209,3976,Ultrasound,2900.00,2025-11-16
3210,2864,Ultrasound,1950.00,2024-01-11
3211,43,Consultation,1200.00,2024-07-19
3212,43,ECG,2100.00,2024-07-19
3213,2079,ECG,2500.00,2026-04-20
3214,2079,Minor procedure,3050.00,2026-04-20
3215,338,Consultation,800.00,2026-08-01
3216,4377,Consultation,850.00,2024-02-27
3217,2854,Vision examination,1000.00,2025-02-07
3218,2854,Vision examination,850.00,2025-02-07
3219,4299,Minor procedure,4850.00,2026-06-20
3220,4299,Minor procedure,3300.00,2026-06-20
3221,1879,Consultation,1000.00,2026-08-17
3222,1488,Minor procedure,5550.00,2025-08-19
3223,1918,Physiotherapy session,1550.00,2025-11-10
3224,1117,Physiotherapy session,1050.00,2026-09-08
3225,1117,X-ray,1200.00,2026-09-08
3226,4802,Ultrasound,2900.00,2026-07-28
3227,490,Consultation,950.00,2024-02-28
3228,4098,Consultation,1200.00,2024-06-09
3229,1096,Consultation,850.00,2026-06-09
3230,1096,Physiotherapy session,750.00,2026-06-09
3231,3604,Ultrasound,2400.00,2025-11-08
3232,3525,Minor procedure,6550.00,2024-09-04
3233,3525,X-ray,2250.00,2024-09-04
3234,4417,Vision examination,900.00,2024-10-16
3235,489,X-ray,2350.00,2024-10-17
3236,426,Vision examination,750.00,2025-11-27
3237,1396,Blood test,1500.00,2025-01-18
3238,3526,Physiotherapy session,1750.00,2024-04-22
3239,3526,Consultation,1500.00,2024-04-22
3240,2226,ECG,1550.00,2025-12-26
3241,3654,Vision examination,1400.00,2024-07-04
3242,3737,Consultation,1200.00,2025-02-27
3243,3737,Consultation,900.00,2025-02-27
3244,474,X-ray,2300.00,2024-03-14
3245,1371,Vision examination,600.00,2026-08-24
3246,3952,Minor procedure,5350.00,2025-06-26
3247,3952,Minor procedure,4000.00,2025-06-26
3248,4708,Ultrasound,1800.00,2026-03-18
3249,2119,Minor procedure,4350.00,2024-02-24
3250,3953,Physiotherapy session,1050.00,2026-09-20
3251,1060,Physiotherapy session,950.00,2024-08-09
3252,1643,ECG,1550.00,2025-11-29
3253,1643,Ultrasound,2050.00,2025-11-29
3254,4919,Minor procedure,6450.00,2025-08-24
3255,4919,Blood test,900.00,2025-08-24
3256,4489,Consultation,1300.00,2024-02-24
3257,2925,Vision examination,800.00,2024-02-02
3258,130,X-ray,1850.00,2025-08-14
3259,3165,Blood test,500.00,2026-08-18
3260,2602,X-ray,1250.00,2025-10-11
3261,3954,Vision examination,1200.00,2025-07-17
3262,2801,Ultrasound,3300.00,2024-06-09
3263,4725,Ultrasound,3400.00,2025-04-23
3264,978,ECG,1550.00,2025-11-21
3265,4072,Minor procedure,3650.00,2025-05-18
3266,1120,Blood test,1500.00,2025-12-03
3267,1120,Minor procedure,6800.00,2025-12-03
3268,3942,Ultrasound,3150.00,2025-11-07
3269,2316,Ultrasound,1750.00,2024-04-04
3270,2316,Minor procedure,3150.00,2024-04-04
3271,1115,Vision examination,600.00,2024-11-05
3272,3138,Vision examination,1300.00,2025-07-25
3273,3138,Minor procedure,6400.00,2025-07-25
3274,1000,Ultrasound,3500.00,2024-10-29
3275,1000,X-ray,1800.00,2024-10-29
3276,3363,X-ray,1150.00,2026-03-27
3277,622,Consultation,950.00,2024-04-10
3278,3996,Blood test,550.00,2024-05-08
3279,3996,ECG,2400.00,2024-05-08
3280,1297,Vision examination,1100.00,2025-09-13
3281,1919,Vision examination,650.00,2025-08-05
3282,3360,Physiotherapy session,1700.00,2024-12-14
3283,3539,Consultation,1400.00,2025-03-01
3284,1386,Vision examination,1200.00,2026-08-17
3285,4334,ECG,1350.00,2024-01-09
3286,4587,Blood test,800.00,2025-12-03
3287,4408,Minor procedure,6050.00,2025-09-16
3288,4580,Minor procedure,5000.00,2026-07-29
3289,2968,ECG,2150.00,2025-04-04
3290,2968,Minor procedure,6300.00,2025-04-04
3291,1048,Ultrasound,2550.00,2025-06-19
3292,3606,Minor procedure,3800.00,2026-01-30
3293,1218,X-ray,2100.00,2024-10-09
3294,4075,ECG,1750.00,2024-06-09
3295,4048,Physiotherapy session,1150.00,2025-05-05
3296,2659,Minor procedure,6800.00,2025-08-08
3297,393,Minor procedure,3250.00,2025-02-15
3298,1744,Consultation,1100.00,2024-09-15
3299,2080,Physiotherapy session,1100.00,2026-07-04
3300,1073,Consultation,1050.00,2025-09-14
3301,1656,Minor procedure,5100.00,2025-11-26
3302,2071,ECG,1850.00,2024-06-04
3303,2071,Ultrasound,2800.00,2024-06-04
3304,2824,Consultation,1400.00,2025-08-25
3305,4862,Physiotherapy session,700.00,2025-03-17
3306,1702,X-ray,1700.00,2024-01-04
3307,853,ECG,2000.00,2025-03-14
3308,3016,Blood test,1150.00,2024-05-12
3309,4343,Consultation,1450.00,2026-08-21
3310,3632,Consultation,1300.00,2025-02-08
3311,4591,ECG,1350.00,2026-01-22
3312,4890,X-ray,1750.00,2026-02-17
3313,4088,Ultrasound,2400.00,2024-11-03
3314,4178,ECG,2600.00,2025-12-28
3315,114,Blood test,950.00,2025-09-02
3316,441,Vision examination,700.00,2026-07-15
3317,2245,Minor procedure,4250.00,2026-01-24
3318,2245,Minor procedure,6050.00,2026-01-24
3319,4826,Minor procedure,3900.00,2025-08-20
3320,1290,Ultrasound,3400.00,2024-04-25
3321,1432,Blood test,1150.00,2025-09-11
3322,123,Minor procedure,6600.00,2024-08-23
3323,4929,ECG,1400.00,2024-12-26
3324,4179,Minor procedure,3000.00,2026-06-02
3325,1758,Consultation,850.00,2026-03-25
3326,1758,Blood test,1250.00,2026-03-25
3327,4838,Vision examination,950.00,2024-10-28
3328,1052,Ultrasound,3500.00,2025-04-26
3329,1052,Physiotherapy session,1050.00,2025-04-26
3330,2029,Blood test,550.00,2024-06-28
3331,3951,Minor procedure,6350.00,2026-03-13
3332,3951,Physiotherapy session,1700.00,2026-03-13
3333,2734,Vision examination,1000.00,2025-12-24
3334,231,Minor procedure,6400.00,2026-02-22
3335,449,X-ray,1300.00,2024-04-17
3336,3059,ECG,1300.00,2025-08-05
3337,4258,Consultation,1300.00,2026-03-29
3338,3300,Blood test,1300.00,2025-03-31
3339,306,Physiotherapy session,1200.00,2024-08-04
3340,1825,Vision examination,1300.00,2024-05-17
3341,1825,ECG,1700.00,2024-05-17
3342,2868,Ultrasound,1950.00,2024-05-20
3343,2411,Consultation,1250.00,2026-03-11
3344,4305,Vision examination,1300.00,2026-04-26
3345,3894,Physiotherapy session,1750.00,2024-10-15
3346,4572,Physiotherapy session,1600.00,2025-11-11
3347,4572,Ultrasound,1950.00,2025-11-11
3348,3587,Blood test,750.00,2024-05-25
3349,4014,X-ray,1500.00,2026-08-26
3350,4015,Minor procedure,6250.00,2025-08-24
3351,3857,ECG,1950.00,2024-04-13
3352,3957,Physiotherapy session,1600.00,2025-07-06
3353,3957,ECG,2600.00,2025-07-06
3354,1150,Blood test,1800.00,2026-08-01
3355,4454,Ultrasound,3500.00,2024-07-19
3356,3765,ECG,1950.00,2025-10-08
3357,805,ECG,2300.00,2026-08-27
3358,805,X-ray,1450.00,2026-08-27
3359,4706,Consultation,1500.00,2024-12-10
3360,1871,Minor procedure,6250.00,2024-07-19
3361,172,Blood test,1000.00,2025-01-13
3362,2895,Ultrasound,2200.00,2025-02-09
3363,2729,Physiotherapy session,1000.00,2025-08-26
3364,4945,Ultrasound,3450.00,2024-10-24
3365,230,Vision examination,1400.00,2024-01-29
3366,4871,Blood test,1500.00,2025-09-09
3367,4871,Blood test,650.00,2025-09-09
3368,2685,Vision examination,1100.00,2024-02-04
3369,1438,X-ray,1150.00,2024-01-08
3370,1438,Ultrasound,1850.00,2024-01-08
3371,933,Vision examination,750.00,2024-08-31
3372,1509,Physiotherapy session,1050.00,2025-02-26
3373,4614,Consultation,1450.00,2026-08-23
3374,1476,ECG,1450.00,2025-10-05
3375,1476,Consultation,1450.00,2025-10-05
3376,1882,Consultation,1000.00,2024-04-25
3377,1882,Ultrasound,3250.00,2024-04-25
3378,828,X-ray,2250.00,2026-08-27
3379,62,Blood test,1150.00,2025-10-06
3380,4745,Consultation,1400.00,2024-01-02
3381,1447,Minor procedure,6450.00,2026-06-13
3382,1447,Consultation,800.00,2026-06-13
